source,policy,paper_id,field_name,field_class,attempt,failed,violation_codes,n_indices,escape
ra_12g,feedback_retry,1,study_type,stated,1,0,,1,0
ra_12g,feedback_retry,1,robot_platform,stated,1,0,,3,0
ra_12g,feedback_retry,1,task_performed,stated,1,0,,2,0
ra_12g,feedback_retry,1,sample_size,stated,1,0,,0,1
ra_12g,feedback_retry,1,surgical_domain,inferable,1,0,,1,0
ra_12g,feedback_retry,1,autonomy_level,judgment,1,0,,1,0
ra_12g,feedback_retry,1,validation_setting,stated,1,0,,3,0
ra_12g,feedback_retry,1,task_monitor,inferable,1,0,,1,0
ra_12g,feedback_retry,1,task_generate,inferable,1,0,,2,0
ra_12g,feedback_retry,1,task_select,inferable,1,0,,2,0
ra_12g,feedback_retry,1,task_execute,inferable,1,0,,2,0
ra_12g,feedback_retry,1,system_maturity,judgment,1,0,,2,0
ra_12g,feedback_retry,1,study_design,judgment,1,1,VALUE_WITHOUT_CITATION,0,0
ra_12g,feedback_retry,1,country,inferable,1,0,,1,0
ra_12g,feedback_retry,1,primary_outcome_metric,stated,1,0,,0,1
ra_12g,feedback_retry,1,primary_outcome_value,stated,1,0,,0,1
ra_12g,feedback_retry,1,comparison_to_human,stated,1,1,VALUE_WITHOUT_CITATION,0,0
ra_12g,feedback_retry,1,secondary_outcomes,stated,1,0,,0,1
ra_12g,feedback_retry,1,key_limitation,judgment,1,0,,1,0
ra_12g,feedback_retry,1,clinical_readiness_assessment,judgment,1,0,,2,0
ra_12g,feedback_retry,1,study_type,stated,2,0,,1,0
ra_12g,feedback_retry,1,robot_platform,stated,2,0,,0,1
ra_12g,feedback_retry,1,task_performed,stated,2,0,,0,1
ra_12g,feedback_retry,1,sample_size,stated,2,0,,0,1
ra_12g,feedback_retry,1,surgical_domain,inferable,2,0,,1,0
ra_12g,feedback_retry,1,autonomy_level,judgment,2,1,VALUE_WITHOUT_CITATION,0,0
ra_12g,feedback_retry,1,validation_setting,stated,2,0,,2,0
ra_12g,feedback_retry,1,task_monitor,inferable,2,0,,0,1
ra_12g,feedback_retry,1,task_generate,inferable,2,0,,0,1
ra_12g,feedback_retry,1,task_select,inferable,2,0,,0,1
ra_12g,feedback_retry,1,task_execute,inferable,2,0,,0,1
ra_12g,feedback_retry,1,system_maturity,judgment,2,1,STEPS_MISSING,1,0
ra_12g,feedback_retry,1,study_design,judgment,2,1,VALUE_WITHOUT_CITATION,0,0
ra_12g,feedback_retry,1,country,inferable,2,0,,1,0
ra_12g,feedback_retry,1,primary_outcome_metric,stated,2,0,,0,1
ra_12g,feedback_retry,1,primary_outcome_value,stated,2,0,,0,1
ra_12g,feedback_retry,1,comparison_to_human,stated,2,0,,0,1
ra_12g,feedback_retry,1,secondary_outcomes,stated,2,0,,0,1
ra_12g,feedback_retry,1,key_limitation,judgment,2,0,,0,1
ra_12g,feedback_retry,1,clinical_readiness_assessment,judgment,2,0,,1,0
ra_12g,feedback_retry,3,study_type,stated,1,0,,2,0
ra_12g,feedback_retry,3,robot_platform,stated,1,0,,2,0
ra_12g,feedback_retry,3,task_performed,stated,1,0,,2,0
ra_12g,feedback_retry,3,sample_size,stated,1,1,VALUE_WITHOUT_CITATION,0,0
ra_12g,feedback_retry,3,surgical_domain,inferable,1,0,,2,0
ra_12g,feedback_retry,3,autonomy_level,judgment,1,1,STEPS_MISSING,2,0
ra_12g,feedback_retry,3,validation_setting,stated,1,0,,2,0
ra_12g,feedback_retry,3,task_monitor,inferable,1,0,,2,0
ra_12g,feedback_retry,3,task_generate,inferable,1,0,,2,0
ra_12g,feedback_retry,3,task_select,inferable,1,1,VALUE_WITHOUT_CITATION|INFERENCE_MISSING,0,0
ra_12g,feedback_retry,3,task_execute,inferable,1,0,,2,0
ra_12g,feedback_retry,3,system_maturity,judgment,1,1,INDEX_OUT_OF_RANGE|STEPS_MISSING,1,0
ra_12g,feedback_retry,3,study_design,judgment,1,1,STEPS_MISSING,2,0
ra_12g,feedback_retry,3,country,inferable,1,0,,2,0
ra_12g,feedback_retry,3,primary_outcome_metric,stated,1,0,,1,0
ra_12g,feedback_retry,3,primary_outcome_value,stated,1,1,VALUE_WITHOUT_CITATION,0,0
ra_12g,feedback_retry,3,comparison_to_human,stated,1,1,VALUE_WITHOUT_CITATION,0,0
ra_12g,feedback_retry,3,secondary_outcomes,stated,1,0,,1,0
ra_12g,feedback_retry,3,key_limitation,judgment,1,1,STEPS_MISSING,2,0
ra_12g,feedback_retry,3,clinical_readiness_assessment,judgment,1,1,VALUE_WITHOUT_CITATION|STEPS_MISSING,0,0
ra_12g,feedback_retry,3,study_type,stated,2,0,,1,0
ra_12g,feedback_retry,3,robot_platform,stated,2,0,,2,0
ra_12g,feedback_retry,3,task_performed,stated,2,0,,2,0
ra_12g,feedback_retry,3,sample_size,stated,2,0,,0,1
ra_12g,feedback_retry,3,surgical_domain,inferable,2,1,VALUE_WITHOUT_CITATION|INFERENCE_MISSING,0,0
ra_12g,feedback_retry,3,autonomy_level,judgment,2,0,,2,0
ra_12g,feedback_retry,3,validation_setting,stated,2,0,,2,0
ra_12g,feedback_retry,3,task_monitor,inferable,2,0,,1,0
ra_12g,feedback_retry,3,task_generate,inferable,2,0,,2,0
ra_12g,feedback_retry,3,task_select,inferable,2,1,FIELD_MISSING,0,0
ra_12g,feedback_retry,3,task_execute,inferable,2,0,,1,0
ra_12g,feedback_retry,3,system_maturity,judgment,2,0,,2,0
ra_12g,feedback_retry,3,study_design,judgment,2,0,,2,0
ra_12g,feedback_retry,3,country,inferable,2,1,FIELD_MISSING,0,0
ra_12g,feedback_retry,3,primary_outcome_metric,stated,2,0,,1,0
ra_12g,feedback_retry,3,primary_outcome_value,stated,2,0,,0,1
ra_12g,feedback_retry,3,comparison_to_human,stated,2,0,,0,1
ra_12g,feedback_retry,3,secondary_outcomes,stated,2,0,,1,0
ra_12g,feedback_retry,3,key_limitation,judgment,2,0,,2,0
ra_12g,feedback_retry,3,clinical_readiness_assessment,judgment,2,1,VALUE_WITHOUT_CITATION,0,0
ra_12g,feedback_retry,4,study_type,stated,1,0,,1,0
ra_12g,feedback_retry,4,robot_platform,stated,1,0,,2,0
ra_12g,feedback_retry,4,task_performed,stated,1,0,,2,0
ra_12g,feedback_retry,4,sample_size,stated,1,1,VALUE_WITHOUT_CITATION,0,0
ra_12g,feedback_retry,4,surgical_domain,inferable,1,1,VALUE_WITHOUT_CITATION,0,0
ra_12g,feedback_retry,4,autonomy_level,judgment,1,1,VALUE_WITHOUT_CITATION,0,0
ra_12g,feedback_retry,4,validation_setting,stated,1,0,,2,0
ra_12g,feedback_retry,4,task_monitor,inferable,1,0,,1,0
ra_12g,feedback_retry,4,task_generate,inferable,1,0,,1,0
ra_12g,feedback_retry,4,task_select,inferable,1,0,,1,0
ra_12g,feedback_retry,4,task_execute,inferable,1,0,,2,0
ra_12g,feedback_retry,4,system_maturity,judgment,1,1,VALUE_WITHOUT_CITATION,0,0
ra_12g,feedback_retry,4,study_design,judgment,1,1,VALUE_WITHOUT_CITATION,0,0
ra_12g,feedback_retry,4,country,inferable,1,0,,1,0
ra_12g,feedback_retry,4,primary_outcome_metric,stated,1,0,,1,0
ra_12g,feedback_retry,4,primary_outcome_value,stated,1,1,FIELD_MISSING,0,0
ra_12g,feedback_retry,4,comparison_to_human,stated,1,1,VALUE_WITHOUT_CITATION,0,0
ra_12g,feedback_retry,4,secondary_outcomes,stated,1,0,,1,0
ra_12g,feedback_retry,4,key_limitation,judgment,1,1,VALUE_WITHOUT_CITATION,0,0
ra_12g,feedback_retry,4,clinical_readiness_assessment,judgment,1,1,VALUE_WITHOUT_CITATION,0,0
ra_12g,feedback_retry,4,study_type,stated,2,0,,1,0
ra_12g,feedback_retry,4,robot_platform,stated,2,0,,1,0
ra_12g,feedback_retry,4,task_performed,stated,2,0,,1,0
ra_12g,feedback_retry,4,sample_size,stated,2,0,,0,1
ra_12g,feedback_retry,4,surgical_domain,inferable,2,0,,2,0
ra_12g,feedback_retry,4,autonomy_level,judgment,2,0,,2,0
ra_12g,feedback_retry,4,validation_setting,stated,2,0,,1,0
ra_12g,feedback_retry,4,task_monitor,inferable,2,1,VALUE_WITHOUT_CITATION,0,0
ra_12g,feedback_retry,4,task_generate,inferable,2,1,VALUE_WITHOUT_CITATION,0,0
ra_12g,feedback_retry,4,task_select,inferable,2,1,VALUE_WITHOUT_CITATION,0,0
ra_12g,feedback_retry,4,task_execute,inferable,2,1,VALUE_WITHOUT_CITATION,0,0
ra_12g,feedback_retry,4,system_maturity,judgment,2,0,,2,0
ra_12g,feedback_retry,4,study_design,judgment,2,0,,2,0
ra_12g,feedback_retry,4,country,inferable,2,1,INFERENCE_MISSING,1,0
ra_12g,feedback_retry,4,primary_outcome_metric,stated,2,0,,0,1
ra_12g,feedback_retry,4,primary_outcome_value,stated,2,0,,0,1
ra_12g,feedback_retry,4,comparison_to_human,stated,2,0,,0,1
ra_12g,feedback_retry,4,secondary_outcomes,stated,2,0,,1,0
ra_12g,feedback_retry,4,key_limitation,judgment,2,0,,2,0
ra_12g,feedback_retry,4,clinical_readiness_assessment,judgment,2,0,,2,0
ra_12g,feedback_retry,5,study_type,stated,1,0,,1,0
ra_12g,feedback_retry,5,robot_platform,stated,1,0,,2,0
ra_12g,feedback_retry,5,task_performed,stated,1,0,,1,0
ra_12g,feedback_retry,5,sample_size,stated,1,1,VALUE_WITHOUT_CITATION,0,0
ra_12g,feedback_retry,5,surgical_domain,inferable,1,1,VALUE_WITHOUT_CITATION|INFERENCE_MISSING,0,0
ra_12g,feedback_retry,5,autonomy_level,judgment,1,1,STEPS_MISSING,1,0
ra_12g,feedback_retry,5,validation_setting,stated,1,0,,2,0
ra_12g,feedback_retry,5,task_monitor,inferable,1,0,,2,0
ra_12g,feedback_retry,5,task_generate,inferable,1,0,,1,0
ra_12g,feedback_retry,5,task_select,inferable,1,0,,1,0
ra_12g,feedback_retry,5,task_execute,inferable,1,0,,2,0
ra_12g,feedback_retry,5,system_maturity,judgment,1,1,STEPS_MISSING,2,0
ra_12g,feedback_retry,5,study_design,judgment,1,1,STEPS_MISSING,2,0
ra_12g,feedback_retry,5,country,inferable,1,1,INFERENCE_MISSING,1,0
ra_12g,feedback_retry,5,primary_outcome_metric,stated,1,0,,1,0
ra_12g,feedback_retry,5,primary_outcome_value,stated,1,0,,1,0
ra_12g,feedback_retry,5,comparison_to_human,stated,1,0,,1,0
ra_12g,feedback_retry,5,secondary_outcomes,stated,1,0,,2,0
ra_12g,feedback_retry,5,key_limitation,judgment,1,1,STEPS_MISSING,1,0
ra_12g,feedback_retry,5,clinical_readiness_assessment,judgment,1,1,VALUE_WITHOUT_CITATION|STEPS_MISSING,0,0
ra_12g,feedback_retry,5,study_type,stated,2,0,,1,0
ra_12g,feedback_retry,5,robot_platform,stated,2,0,,2,0
ra_12g,feedback_retry,5,task_performed,stated,2,0,,1,0
ra_12g,feedback_retry,5,sample_size,stated,2,0,,0,1
ra_12g,feedback_retry,5,surgical_domain,inferable,2,0,,1,0
ra_12g,feedback_retry,5,autonomy_level,judgment,2,0,,1,0
ra_12g,feedback_retry,5,validation_setting,stated,2,0,,1,0
ra_12g,feedback_retry,5,task_monitor,inferable,2,0,,1,0
ra_12g,feedback_retry,5,task_generate,inferable,2,0,,1,0
ra_12g,feedback_retry,5,task_select,inferable,2,0,,1,0
ra_12g,feedback_retry,5,task_execute,inferable,2,0,,1,0
ra_12g,feedback_retry,5,system_maturity,judgment,2,0,,2,0
ra_12g,feedback_retry,5,study_design,judgment,2,0,,2,0
ra_12g,feedback_retry,5,country,inferable,2,0,,1,0
ra_12g,feedback_retry,5,primary_outcome_metric,stated,2,0,,1,0
ra_12g,feedback_retry,5,primary_outcome_value,stated,2,0,,1,0
ra_12g,feedback_retry,5,comparison_to_human,stated,2,0,,1,0
ra_12g,feedback_retry,5,secondary_outcomes,stated,2,0,,1,0
ra_12g,feedback_retry,5,key_limitation,judgment,2,0,,1,0
ra_12g,feedback_retry,5,clinical_readiness_assessment,judgment,2,1,VALUE_WITHOUT_CITATION,0,0
ra_12g,feedback_retry,6,study_type,stated,1,0,,2,0
ra_12g,feedback_retry,6,robot_platform,stated,1,0,,3,0
ra_12g,feedback_retry,6,task_performed,stated,1,0,,2,0
ra_12g,feedback_retry,6,sample_size,stated,1,0,,1,0
ra_12g,feedback_retry,6,surgical_domain,inferable,1,0,,1,0
ra_12g,feedback_retry,6,autonomy_level,judgment,1,0,,2,0
ra_12g,feedback_retry,6,validation_setting,stated,1,0,,1,0
ra_12g,feedback_retry,6,task_monitor,inferable,1,0,,2,0
ra_12g,feedback_retry,6,task_generate,inferable,1,0,,2,0
ra_12g,feedback_retry,6,task_select,inferable,1,0,,1,0
ra_12g,feedback_retry,6,task_execute,inferable,1,0,,2,0
ra_12g,feedback_retry,6,system_maturity,judgment,1,0,,1,0
ra_12g,feedback_retry,6,study_design,judgment,1,0,,1,0
ra_12g,feedback_retry,6,country,inferable,1,0,,1,0
ra_12g,feedback_retry,6,primary_outcome_metric,stated,1,0,,2,0
ra_12g,feedback_retry,6,primary_outcome_value,stated,1,0,,2,0
ra_12g,feedback_retry,6,comparison_to_human,stated,1,0,,1,0
ra_12g,feedback_retry,6,secondary_outcomes,stated,1,0,,1,0
ra_12g,feedback_retry,6,key_limitation,judgment,1,1,VALUE_WITHOUT_CITATION,0,0
ra_12g,feedback_retry,6,clinical_readiness_assessment,judgment,1,0,,2,0
ra_12g,feedback_retry,6,study_type,stated,2,0,,1,0
ra_12g,feedback_retry,6,robot_platform,stated,2,0,,1,0
ra_12g,feedback_retry,6,task_performed,stated,2,0,,2,0
ra_12g,feedback_retry,6,sample_size,stated,2,0,,1,0
ra_12g,feedback_retry,6,surgical_domain,inferable,2,1,VALUE_WITHOUT_CITATION,0,0
ra_12g,feedback_retry,6,autonomy_level,judgment,2,1,VALUE_WITHOUT_CITATION,0,0
ra_12g,feedback_retry,6,validation_setting,stated,2,0,,1,0
ra_12g,feedback_retry,6,task_monitor,inferable,2,0,,1,0
ra_12g,feedback_retry,6,task_generate,inferable,2,0,,1,0
ra_12g,feedback_retry,6,task_select,inferable,2,0,,1,0
ra_12g,feedback_retry,6,task_execute,inferable,2,0,,1,0
ra_12g,feedback_retry,6,system_maturity,judgment,2,1,VALUE_WITHOUT_CITATION,0,0
ra_12g,feedback_retry,6,study_design,judgment,2,1,VALUE_WITHOUT_CITATION,0,0
ra_12g,feedback_retry,6,country,inferable,2,0,,1,0
ra_12g,feedback_retry,6,primary_outcome_metric,stated,2,0,,1,0
ra_12g,feedback_retry,6,primary_outcome_value,stated,2,0,,1,0
ra_12g,feedback_retry,6,comparison_to_human,stated,2,1,VALUE_WITHOUT_CITATION,0,0
ra_12g,feedback_retry,6,secondary_outcomes,stated,2,0,,2,0
ra_12g,feedback_retry,6,key_limitation,judgment,2,1,STEP_WITHOUT_BASIS,1,0
ra_12g,feedback_retry,6,clinical_readiness_assessment,judgment,2,1,VALUE_WITHOUT_CITATION,0,0
ra_12g,feedback_retry,7,study_type,stated,1,0,,2,0
ra_12g,feedback_retry,7,robot_platform,stated,1,0,,1,0
ra_12g,feedback_retry,7,task_performed,stated,1,0,,2,0
ra_12g,feedback_retry,7,sample_size,stated,1,0,,0,1
ra_12g,feedback_retry,7,surgical_domain,inferable,1,0,,2,0
ra_12g,feedback_retry,7,autonomy_level,judgment,1,1,STEPS_MISSING,2,0
ra_12g,feedback_retry,7,validation_setting,stated,1,0,,2,0
ra_12g,feedback_retry,7,task_monitor,inferable,1,0,,2,0
ra_12g,feedback_retry,7,task_generate,inferable,1,0,,2,0
ra_12g,feedback_retry,7,task_select,inferable,1,0,,2,0
ra_12g,feedback_retry,7,task_execute,inferable,1,0,,2,0
ra_12g,feedback_retry,7,system_maturity,judgment,1,1,STEPS_MISSING,2,0
ra_12g,feedback_retry,7,study_design,judgment,1,1,STEPS_MISSING,2,0
ra_12g,feedback_retry,7,country,inferable,1,0,,2,0
ra_12g,feedback_retry,7,primary_outcome_metric,stated,1,0,,2,0
ra_12g,feedback_retry,7,primary_outcome_value,stated,1,0,,2,0
ra_12g,feedback_retry,7,comparison_to_human,stated,1,1,VALUE_WITHOUT_CITATION,0,0
ra_12g,feedback_retry,7,secondary_outcomes,stated,1,0,,2,0
ra_12g,feedback_retry,7,key_limitation,judgment,1,1,STEPS_MISSING,2,0
ra_12g,feedback_retry,7,clinical_readiness_assessment,judgment,1,1,STEPS_MISSING,2,0
ra_12g,feedback_retry,7,study_type,stated,2,0,,1,0
ra_12g,feedback_retry,7,robot_platform,stated,2,0,,2,0
ra_12g,feedback_retry,7,task_performed,stated,2,0,,2,0
ra_12g,feedback_retry,7,sample_size,stated,2,0,,0,1
ra_12g,feedback_retry,7,surgical_domain,inferable,2,1,VALUE_WITHOUT_CITATION|INFERENCE_MISSING,0,0
ra_12g,feedback_retry,7,autonomy_level,judgment,2,0,,1,0
ra_12g,feedback_retry,7,validation_setting,stated,2,0,,2,0
ra_12g,feedback_retry,7,task_monitor,inferable,2,1,VALUE_WITHOUT_CITATION|INFERENCE_MISSING,0,0
ra_12g,feedback_retry,7,task_generate,inferable,2,1,VALUE_WITHOUT_CITATION|INFERENCE_MISSING,0,0
ra_12g,feedback_retry,7,task_select,inferable,2,1,VALUE_WITHOUT_CITATION|INFERENCE_MISSING,0,0
ra_12g,feedback_retry,7,task_execute,inferable,2,1,VALUE_WITHOUT_CITATION|INFERENCE_MISSING,0,0
ra_12g,feedback_retry,7,system_maturity,judgment,2,0,,2,0
ra_12g,feedback_retry,7,study_design,judgment,2,0,,1,0
ra_12g,feedback_retry,7,country,inferable,2,1,VALUE_WITHOUT_CITATION|INFERENCE_MISSING,0,0
ra_12g,feedback_retry,7,primary_outcome_metric,stated,2,0,,1,0
ra_12g,feedback_retry,7,primary_outcome_value,stated,2,0,,2,0
ra_12g,feedback_retry,7,comparison_to_human,stated,2,0,,0,1
ra_12g,feedback_retry,7,secondary_outcomes,stated,2,0,,2,0
ra_12g,feedback_retry,7,key_limitation,judgment,2,0,,2,0
ra_12g,feedback_retry,7,clinical_readiness_assessment,judgment,2,0,,1,0
ra_12g,feedback_retry,8,study_type,stated,1,0,,1,0
ra_12g,feedback_retry,8,robot_platform,stated,1,0,,1,0
ra_12g,feedback_retry,8,task_performed,stated,1,0,,2,0
ra_12g,feedback_retry,8,sample_size,stated,1,1,VALUE_WITHOUT_CITATION,0,0
ra_12g,feedback_retry,8,surgical_domain,inferable,1,0,,1,0
ra_12g,feedback_retry,8,autonomy_level,judgment,1,0,,1,0
ra_12g,feedback_retry,8,validation_setting,stated,1,0,,2,0
ra_12g,feedback_retry,8,task_monitor,inferable,1,0,,2,0
ra_12g,feedback_retry,8,task_generate,inferable,1,0,,2,0
ra_12g,feedback_retry,8,task_select,inferable,1,0,,2,0
ra_12g,feedback_retry,8,task_execute,inferable,1,0,,2,0
ra_12g,feedback_retry,8,system_maturity,judgment,1,0,,1,0
ra_12g,feedback_retry,8,study_design,judgment,1,0,,2,0
ra_12g,feedback_retry,8,country,inferable,1,0,,2,0
ra_12g,feedback_retry,8,primary_outcome_metric,stated,1,0,,2,0
ra_12g,feedback_retry,8,primary_outcome_value,stated,1,1,VALUE_WITHOUT_CITATION,0,0
ra_12g,feedback_retry,8,comparison_to_human,stated,1,1,VALUE_WITHOUT_CITATION,0,0
ra_12g,feedback_retry,8,secondary_outcomes,stated,1,1,VALUE_WITHOUT_CITATION,0,0
ra_12g,feedback_retry,8,key_limitation,judgment,1,0,,2,0
ra_12g,feedback_retry,8,clinical_readiness_assessment,judgment,1,0,,2,0
ra_12g,feedback_retry,8,study_type,stated,2,0,,1,0
ra_12g,feedback_retry,8,robot_platform,stated,2,0,,2,0
ra_12g,feedback_retry,8,task_performed,stated,2,0,,3,0
ra_12g,feedback_retry,8,sample_size,stated,2,0,,0,1
ra_12g,feedback_retry,8,surgical_domain,inferable,2,1,FIELD_MISSING,0,0
ra_12g,feedback_retry,8,autonomy_level,judgment,2,1,FIELD_MISSING,0,0
ra_12g,feedback_retry,8,validation_setting,stated,2,0,,2,0
ra_12g,feedback_retry,8,task_monitor,inferable,2,1,FIELD_MISSING,0,0
ra_12g,feedback_retry,8,task_generate,inferable,2,1,FIELD_MISSING,0,0
ra_12g,feedback_retry,8,task_select,inferable,2,1,FIELD_MISSING,0,0
ra_12g,feedback_retry,8,task_execute,inferable,2,1,FIELD_MISSING,0,0
ra_12g,feedback_retry,8,system_maturity,judgment,2,1,FIELD_MISSING,0,0
ra_12g,feedback_retry,8,study_design,judgment,2,1,FIELD_MISSING,0,0
ra_12g,feedback_retry,8,country,inferable,2,1,FIELD_MISSING,0,0
ra_12g,feedback_retry,8,primary_outcome_metric,stated,2,0,,2,0
ra_12g,feedback_retry,8,primary_outcome_value,stated,2,0,,0,1
ra_12g,feedback_retry,8,comparison_to_human,stated,2,1,VALUE_WITHOUT_CITATION,0,0
ra_12g,feedback_retry,8,secondary_outcomes,stated,2,0,,0,1
ra_12g,feedback_retry,8,key_limitation,judgment,2,1,FIELD_MISSING,0,0
ra_12g,feedback_retry,8,clinical_readiness_assessment,judgment,2,1,FIELD_MISSING,0,0
ra_12g,feedback_retry,9,study_type,stated,1,0,,1,0
ra_12g,feedback_retry,9,robot_platform,stated,1,0,,2,0
ra_12g,feedback_retry,9,task_performed,stated,1,0,,2,0
ra_12g,feedback_retry,9,sample_size,stated,1,0,,2,0
ra_12g,feedback_retry,9,surgical_domain,inferable,1,0,,2,0
ra_12g,feedback_retry,9,autonomy_level,judgment,1,0,,2,0
ra_12g,feedback_retry,9,validation_setting,stated,1,0,,2,0
ra_12g,feedback_retry,9,task_monitor,inferable,1,0,,2,0
ra_12g,feedback_retry,9,task_generate,inferable,1,0,,2,0
ra_12g,feedback_retry,9,task_select,inferable,1,0,,2,0
ra_12g,feedback_retry,9,task_execute,inferable,1,0,,2,0
ra_12g,feedback_retry,9,system_maturity,judgment,1,0,,2,0
ra_12g,feedback_retry,9,study_design,judgment,1,0,,1,0
ra_12g,feedback_retry,9,country,inferable,1,0,,1,0
ra_12g,feedback_retry,9,primary_outcome_metric,stated,1,0,,1,0
ra_12g,feedback_retry,9,primary_outcome_value,stated,1,0,,2,0
ra_12g,feedback_retry,9,comparison_to_human,stated,1,1,VALUE_WITHOUT_CITATION,0,0
ra_12g,feedback_retry,9,secondary_outcomes,stated,1,0,,2,0
ra_12g,feedback_retry,9,key_limitation,judgment,1,0,,1,0
ra_12g,feedback_retry,9,clinical_readiness_assessment,judgment,1,0,,1,0
ra_12g,feedback_retry,9,study_type,stated,2,0,,1,0
ra_12g,feedback_retry,9,robot_platform,stated,2,0,,1,0
ra_12g,feedback_retry,9,task_performed,stated,2,0,,2,0
ra_12g,feedback_retry,9,sample_size,stated,2,0,,2,0
ra_12g,feedback_retry,9,surgical_domain,inferable,2,1,FIELD_MISSING,0,0
ra_12g,feedback_retry,9,autonomy_level,judgment,2,1,FIELD_MISSING,0,0
ra_12g,feedback_retry,9,validation_setting,stated,2,0,,1,0
ra_12g,feedback_retry,9,task_monitor,inferable,2,1,FIELD_MISSING,0,0
ra_12g,feedback_retry,9,task_generate,inferable,2,1,FIELD_MISSING,0,0
ra_12g,feedback_retry,9,task_select,inferable,2,1,FIELD_MISSING,0,0
ra_12g,feedback_retry,9,task_execute,inferable,2,1,FIELD_MISSING,0,0
ra_12g,feedback_retry,9,system_maturity,judgment,2,1,FIELD_MISSING,0,0
ra_12g,feedback_retry,9,study_design,judgment,2,1,FIELD_MISSING,0,0
ra_12g,feedback_retry,9,country,inferable,2,1,FIELD_MISSING,0,0
ra_12g,feedback_retry,9,primary_outcome_metric,stated,2,0,,1,0
ra_12g,feedback_retry,9,primary_outcome_value,stated,2,0,,1,0
ra_12g,feedback_retry,9,comparison_to_human,stated,2,1,VALUE_WITHOUT_CITATION,0,0
ra_12g,feedback_retry,9,secondary_outcomes,stated,2,0,,2,0
ra_12g,feedback_retry,9,key_limitation,judgment,2,1,FIELD_MISSING,0,0
ra_12g,feedback_retry,9,clinical_readiness_assessment,judgment,2,1,FIELD_MISSING,0,0
ra_12g,feedback_retry,10,study_type,stated,1,1,VALUE_WITHOUT_CITATION,0,0
ra_12g,feedback_retry,10,robot_platform,stated,1,0,,2,0
ra_12g,feedback_retry,10,task_performed,stated,1,0,,3,0
ra_12g,feedback_retry,10,sample_size,stated,1,1,VALUE_WITHOUT_CITATION,0,0
ra_12g,feedback_retry,10,surgical_domain,inferable,1,0,,3,0
ra_12g,feedback_retry,10,autonomy_level,judgment,1,0,,2,0
ra_12g,feedback_retry,10,validation_setting,stated,1,0,,3,0
ra_12g,feedback_retry,10,task_monitor,inferable,1,0,,3,0
ra_12g,feedback_retry,10,task_generate,inferable,1,0,,3,0
ra_12g,feedback_retry,10,task_select,inferable,1,0,,3,0
ra_12g,feedback_retry,10,task_execute,inferable,1,0,,3,0
ra_12g,feedback_retry,10,system_maturity,judgment,1,0,,2,0
ra_12g,feedback_retry,10,study_design,judgment,1,0,,2,0
ra_12g,feedback_retry,10,country,inferable,1,0,,2,0
ra_12g,feedback_retry,10,primary_outcome_metric,stated,1,0,,1,0
ra_12g,feedback_retry,10,primary_outcome_value,stated,1,0,,1,0
ra_12g,feedback_retry,10,comparison_to_human,stated,1,1,VALUE_WITHOUT_CITATION,0,0
ra_12g,feedback_retry,10,secondary_outcomes,stated,1,0,,1,0
ra_12g,feedback_retry,10,key_limitation,judgment,1,0,,1,0
ra_12g,feedback_retry,10,clinical_readiness_assessment,judgment,1,0,,2,0
ra_12g,feedback_retry,10,study_type,stated,2,0,,2,0
ra_12g,feedback_retry,10,robot_platform,stated,2,0,,3,0
ra_12g,feedback_retry,10,task_performed,stated,2,0,,2,0
ra_12g,feedback_retry,10,sample_size,stated,2,0,,0,1
ra_12g,feedback_retry,10,surgical_domain,inferable,2,1,FIELD_MISSING,0,0
ra_12g,feedback_retry,10,autonomy_level,judgment,2,1,FIELD_MISSING,0,0
ra_12g,feedback_retry,10,validation_setting,stated,2,0,,1,0
ra_12g,feedback_retry,10,task_monitor,inferable,2,1,FIELD_MISSING,0,0
ra_12g,feedback_retry,10,task_generate,inferable,2,1,FIELD_MISSING,0,0
ra_12g,feedback_retry,10,task_select,inferable,2,1,FIELD_MISSING,0,0
ra_12g,feedback_retry,10,task_execute,inferable,2,1,FIELD_MISSING,0,0
ra_12g,feedback_retry,10,system_maturity,judgment,2,1,FIELD_MISSING,0,0
ra_12g,feedback_retry,10,study_design,judgment,2,1,FIELD_MISSING,0,0
ra_12g,feedback_retry,10,country,inferable,2,1,FIELD_MISSING,0,0
ra_12g,feedback_retry,10,primary_outcome_metric,stated,2,0,,1,0
ra_12g,feedback_retry,10,primary_outcome_value,stated,2,0,,1,0
ra_12g,feedback_retry,10,comparison_to_human,stated,2,0,,0,1
ra_12g,feedback_retry,10,secondary_outcomes,stated,2,0,,0,1
ra_12g,feedback_retry,10,key_limitation,judgment,2,1,FIELD_MISSING,0,0
ra_12g,feedback_retry,10,clinical_readiness_assessment,judgment,2,1,FIELD_MISSING,0,0
ra_12g,feedback_retry,11,study_type,stated,1,0,,1,0
ra_12g,feedback_retry,11,robot_platform,stated,1,0,,1,0
ra_12g,feedback_retry,11,task_performed,stated,1,0,,2,0
ra_12g,feedback_retry,11,sample_size,stated,1,0,,0,1
ra_12g,feedback_retry,11,surgical_domain,inferable,1,0,,2,0
ra_12g,feedback_retry,11,autonomy_level,judgment,1,0,,2,0
ra_12g,feedback_retry,11,validation_setting,stated,1,0,,2,0
ra_12g,feedback_retry,11,task_monitor,inferable,1,0,,1,0
ra_12g,feedback_retry,11,task_generate,inferable,1,0,,2,0
ra_12g,feedback_retry,11,task_select,inferable,1,0,,2,0
ra_12g,feedback_retry,11,task_execute,inferable,1,0,,2,0
ra_12g,feedback_retry,11,system_maturity,judgment,1,0,,1,0
ra_12g,feedback_retry,11,study_design,judgment,1,0,,2,0
ra_12g,feedback_retry,11,country,inferable,1,0,,1,0
ra_12g,feedback_retry,11,primary_outcome_metric,stated,1,0,,1,0
ra_12g,feedback_retry,11,primary_outcome_value,stated,1,0,,1,0
ra_12g,feedback_retry,11,comparison_to_human,stated,1,0,,1,0
ra_12g,feedback_retry,11,secondary_outcomes,stated,1,0,,1,0
ra_12g,feedback_retry,11,key_limitation,judgment,1,0,,2,0
ra_12g,feedback_retry,11,clinical_readiness_assessment,judgment,1,0,,2,0
ra_12g,feedback_retry,12,study_type,stated,1,0,,2,0
ra_12g,feedback_retry,12,robot_platform,stated,1,0,,2,0
ra_12g,feedback_retry,12,task_performed,stated,1,0,,2,0
ra_12g,feedback_retry,12,sample_size,stated,1,0,,0,1
ra_12g,feedback_retry,12,surgical_domain,inferable,1,0,,1,0
ra_12g,feedback_retry,12,autonomy_level,judgment,1,0,,1,0
ra_12g,feedback_retry,12,validation_setting,stated,1,0,,2,0
ra_12g,feedback_retry,12,task_monitor,inferable,1,0,,2,0
ra_12g,feedback_retry,12,task_generate,inferable,1,0,,2,0
ra_12g,feedback_retry,12,task_select,inferable,1,1,FIELD_MISSING,0,0
ra_12g,feedback_retry,12,task_execute,inferable,1,0,,2,0
ra_12g,feedback_retry,12,system_maturity,judgment,1,0,,2,0
ra_12g,feedback_retry,12,study_design,judgment,1,0,,2,0
ra_12g,feedback_retry,12,country,inferable,1,0,,1,0
ra_12g,feedback_retry,12,primary_outcome_metric,stated,1,0,,2,0
ra_12g,feedback_retry,12,primary_outcome_value,stated,1,0,,2,0
ra_12g,feedback_retry,12,comparison_to_human,stated,1,1,VALUE_WITHOUT_CITATION,0,0
ra_12g,feedback_retry,12,secondary_outcomes,stated,1,1,VALUE_WITHOUT_CITATION,0,0
ra_12g,feedback_retry,12,key_limitation,judgment,1,0,,1,0
ra_12g,feedback_retry,12,clinical_readiness_assessment,judgment,1,0,,2,0
ra_12g,feedback_retry,12,study_type,stated,2,0,,1,0
ra_12g,feedback_retry,12,robot_platform,stated,2,0,,2,0
ra_12g,feedback_retry,12,task_performed,stated,2,0,,3,0
ra_12g,feedback_retry,12,sample_size,stated,2,0,,1,0
ra_12g,feedback_retry,12,surgical_domain,inferable,2,0,,2,0
ra_12g,feedback_retry,12,autonomy_level,judgment,2,0,,2,0
ra_12g,feedback_retry,12,validation_setting,stated,2,0,,2,0
ra_12g,feedback_retry,12,task_monitor,inferable,2,0,,2,0
ra_12g,feedback_retry,12,task_generate,inferable,2,0,,2,0
ra_12g,feedback_retry,12,task_select,inferable,2,0,,2,0
ra_12g,feedback_retry,12,task_execute,inferable,2,0,,2,0
ra_12g,feedback_retry,12,system_maturity,judgment,2,0,,2,0
ra_12g,feedback_retry,12,study_design,judgment,2,0,,2,0
ra_12g,feedback_retry,12,country,inferable,2,1,INFERENCE_MISSING,1,0
ra_12g,feedback_retry,12,primary_outcome_metric,stated,2,0,,1,0
ra_12g,feedback_retry,12,primary_outcome_value,stated,2,0,,2,0
ra_12g,feedback_retry,12,comparison_to_human,stated,2,0,,1,0
ra_12g,feedback_retry,12,secondary_outcomes,stated,2,0,,0,1
ra_12g,feedback_retry,12,key_limitation,judgment,2,0,,1,0
ra_12g,feedback_retry,12,clinical_readiness_assessment,judgment,2,0,,2,0
sep05_0113,feedback_retry,121,study_type,stated,1,0,,1,0
sep05_0113,feedback_retry,121,robot_platform,stated,1,0,,2,0
sep05_0113,feedback_retry,121,task_performed,stated,1,0,,2,0
sep05_0113,feedback_retry,121,sample_size,stated,1,0,,0,1
sep05_0113,feedback_retry,121,surgical_domain,inferable,1,0,,1,0
sep05_0113,feedback_retry,121,autonomy_level,judgment,1,1,STEPS_MISSING,1,0
sep05_0113,feedback_retry,121,validation_setting,stated,1,0,,2,0
sep05_0113,feedback_retry,121,task_monitor,inferable,1,0,,1,0
sep05_0113,feedback_retry,121,task_generate,inferable,1,0,,2,0
sep05_0113,feedback_retry,121,task_select,inferable,1,0,,1,0
sep05_0113,feedback_retry,121,task_execute,inferable,1,0,,2,0
sep05_0113,feedback_retry,121,system_maturity,judgment,1,1,FIELD_MISSING,0,0
sep05_0113,feedback_retry,121,study_design,judgment,1,1,FIELD_MISSING,0,0
sep05_0113,feedback_retry,121,country,inferable,1,1,VALUE_WITHOUT_CITATION|INFERENCE_MISSING,0,0
sep05_0113,feedback_retry,121,primary_outcome_metric,stated,1,0,,0,1
sep05_0113,feedback_retry,121,primary_outcome_value,stated,1,0,,0,1
sep05_0113,feedback_retry,121,comparison_to_human,stated,1,0,,0,1
sep05_0113,feedback_retry,121,secondary_outcomes,stated,1,0,,0,1
sep05_0113,feedback_retry,121,key_limitation,judgment,1,1,FIELD_MISSING,0,0
sep05_0113,feedback_retry,121,clinical_readiness_assessment,judgment,1,1,FIELD_MISSING,0,0
sep05_0113,feedback_retry,121,study_type,stated,2,0,,1,0
sep05_0113,feedback_retry,121,robot_platform,stated,2,0,,2,0
sep05_0113,feedback_retry,121,task_performed,stated,2,0,,2,0
sep05_0113,feedback_retry,121,sample_size,stated,2,0,,0,1
sep05_0113,feedback_retry,121,surgical_domain,inferable,2,0,,2,0
sep05_0113,feedback_retry,121,autonomy_level,judgment,2,0,,1,0
sep05_0113,feedback_retry,121,validation_setting,stated,2,0,,2,0
sep05_0113,feedback_retry,121,task_monitor,inferable,2,0,,1,0
sep05_0113,feedback_retry,121,task_generate,inferable,2,0,,1,0
sep05_0113,feedback_retry,121,task_select,inferable,2,0,,1,0
sep05_0113,feedback_retry,121,task_execute,inferable,2,0,,2,0
sep05_0113,feedback_retry,121,system_maturity,judgment,2,0,,1,0
sep05_0113,feedback_retry,121,study_design,judgment,2,0,,1,0
sep05_0113,feedback_retry,121,country,inferable,2,0,,1,0
sep05_0113,feedback_retry,121,primary_outcome_metric,stated,2,0,,0,1
sep05_0113,feedback_retry,121,primary_outcome_value,stated,2,0,,0,1
sep05_0113,feedback_retry,121,comparison_to_human,stated,2,0,,0,1
sep05_0113,feedback_retry,121,secondary_outcomes,stated,2,0,,0,1
sep05_0113,feedback_retry,121,key_limitation,judgment,2,0,,3,0
sep05_0113,feedback_retry,121,clinical_readiness_assessment,judgment,2,0,,1,0
sep05_0113,feedback_retry,604,study_type,stated,1,0,,1,0
sep05_0113,feedback_retry,604,robot_platform,stated,1,0,,2,0
sep05_0113,feedback_retry,604,task_performed,stated,1,0,,2,0
sep05_0113,feedback_retry,604,sample_size,stated,1,0,,0,1
sep05_0113,feedback_retry,604,surgical_domain,inferable,1,0,,1,0
sep05_0113,feedback_retry,604,autonomy_level,judgment,1,0,,2,0
sep05_0113,feedback_retry,604,validation_setting,stated,1,0,,2,0
sep05_0113,feedback_retry,604,task_monitor,inferable,1,1,VALUE_WITHOUT_CITATION,0,0
sep05_0113,feedback_retry,604,task_generate,inferable,1,0,,1,0
sep05_0113,feedback_retry,604,task_select,inferable,1,1,VALUE_WITHOUT_CITATION,0,0
sep05_0113,feedback_retry,604,task_execute,inferable,1,1,VALUE_WITHOUT_CITATION,0,0
sep05_0113,feedback_retry,604,system_maturity,judgment,1,0,,2,0
sep05_0113,feedback_retry,604,study_design,judgment,1,0,,1,0
sep05_0113,feedback_retry,604,country,inferable,1,0,,1,0
sep05_0113,feedback_retry,604,primary_outcome_metric,stated,1,0,,2,0
sep05_0113,feedback_retry,604,primary_outcome_value,stated,1,0,,1,0
sep05_0113,feedback_retry,604,comparison_to_human,stated,1,1,VALUE_WITHOUT_CITATION,0,0
sep05_0113,feedback_retry,604,secondary_outcomes,stated,1,1,VALUE_WITHOUT_CITATION,0,0
sep05_0113,feedback_retry,604,key_limitation,judgment,1,0,,1,0
sep05_0113,feedback_retry,604,clinical_readiness_assessment,judgment,1,0,,2,0
sep05_0113,feedback_retry,604,study_type,stated,2,0,,1,0
sep05_0113,feedback_retry,604,robot_platform,stated,2,0,,2,0
sep05_0113,feedback_retry,604,task_performed,stated,2,0,,2,0
sep05_0113,feedback_retry,604,sample_size,stated,2,0,,1,0
sep05_0113,feedback_retry,604,surgical_domain,inferable,2,0,,2,0
sep05_0113,feedback_retry,604,autonomy_level,judgment,2,0,,2,0
sep05_0113,feedback_retry,604,validation_setting,stated,2,0,,2,0
sep05_0113,feedback_retry,604,task_monitor,inferable,2,0,,2,0
sep05_0113,feedback_retry,604,task_generate,inferable,2,0,,2,0
sep05_0113,feedback_retry,604,task_select,inferable,2,0,,2,0
sep05_0113,feedback_retry,604,task_execute,inferable,2,0,,2,0
sep05_0113,feedback_retry,604,system_maturity,judgment,2,0,,2,0
sep05_0113,feedback_retry,604,study_design,judgment,2,0,,2,0
sep05_0113,feedback_retry,604,country,inferable,2,1,INFERENCE_MISSING,1,0
sep05_0113,feedback_retry,604,primary_outcome_metric,stated,2,0,,1,0
sep05_0113,feedback_retry,604,primary_outcome_value,stated,2,0,,2,0
sep05_0113,feedback_retry,604,comparison_to_human,stated,2,0,,0,1
sep05_0113,feedback_retry,604,secondary_outcomes,stated,2,0,,0,1
sep05_0113,feedback_retry,604,key_limitation,judgment,2,0,,1,0
sep05_0113,feedback_retry,604,clinical_readiness_assessment,judgment,2,0,,2,0
sep05_0113,feedback_retry,498,study_type,stated,1,0,,1,0
sep05_0113,feedback_retry,498,robot_platform,stated,1,0,,2,0
sep05_0113,feedback_retry,498,task_performed,stated,1,0,,3,0
sep05_0113,feedback_retry,498,sample_size,stated,1,0,,3,0
sep05_0113,feedback_retry,498,surgical_domain,inferable,1,1,VALUE_WITHOUT_CITATION,0,0
sep05_0113,feedback_retry,498,autonomy_level,judgment,1,1,VALUE_WITHOUT_CITATION,0,0
sep05_0113,feedback_retry,498,validation_setting,stated,1,0,,2,0
sep05_0113,feedback_retry,498,task_monitor,inferable,1,0,,1,0
sep05_0113,feedback_retry,498,task_generate,inferable,1,0,,1,0
sep05_0113,feedback_retry,498,task_select,inferable,1,0,,1,0
sep05_0113,feedback_retry,498,task_execute,inferable,1,0,,1,0
sep05_0113,feedback_retry,498,system_maturity,judgment,1,1,VALUE_WITHOUT_CITATION,0,0
sep05_0113,feedback_retry,498,study_design,judgment,1,1,VALUE_WITHOUT_CITATION,0,0
sep05_0113,feedback_retry,498,country,inferable,1,1,FIELD_MISSING,0,0
sep05_0113,feedback_retry,498,primary_outcome_metric,stated,1,0,,1,0
sep05_0113,feedback_retry,498,primary_outcome_value,stated,1,1,FIELD_MISSING,0,0
sep05_0113,feedback_retry,498,comparison_to_human,stated,1,0,,2,0
sep05_0113,feedback_retry,498,secondary_outcomes,stated,1,0,,3,0
sep05_0113,feedback_retry,498,key_limitation,judgment,1,1,STEPS_MISSING,1,0
sep05_0113,feedback_retry,498,clinical_readiness_assessment,judgment,1,1,VALUE_WITHOUT_CITATION,0,0
sep05_0113,feedback_retry,498,study_type,stated,2,0,,1,0
sep05_0113,feedback_retry,498,robot_platform,stated,2,0,,1,0
sep05_0113,feedback_retry,498,task_performed,stated,2,0,,2,0
sep05_0113,feedback_retry,498,sample_size,stated,2,0,,0,1
sep05_0113,feedback_retry,498,surgical_domain,inferable,2,0,,2,0
sep05_0113,feedback_retry,498,autonomy_level,judgment,2,0,,2,0
sep05_0113,feedback_retry,498,validation_setting,stated,2,0,,2,0
sep05_0113,feedback_retry,498,task_monitor,inferable,2,0,,1,0
sep05_0113,feedback_retry,498,task_generate,inferable,2,0,,1,0
sep05_0113,feedback_retry,498,task_select,inferable,2,0,,1,0
sep05_0113,feedback_retry,498,task_execute,inferable,2,0,,1,0
sep05_0113,feedback_retry,498,system_maturity,judgment,2,0,,2,0
sep05_0113,feedback_retry,498,study_design,judgment,2,0,,2,0
sep05_0113,feedback_retry,498,country,inferable,2,0,,2,0
sep05_0113,feedback_retry,498,primary_outcome_metric,stated,2,0,,2,0
sep05_0113,feedback_retry,498,primary_outcome_value,stated,2,0,,0,1
sep05_0113,feedback_retry,498,comparison_to_human,stated,2,1,VALUE_WITHOUT_CITATION,0,0
sep05_0113,feedback_retry,498,secondary_outcomes,stated,2,1,VALUE_WITHOUT_CITATION,0,0
sep05_0113,feedback_retry,498,key_limitation,judgment,2,0,,1,0
sep05_0113,feedback_retry,498,clinical_readiness_assessment,judgment,2,0,,2,0
sep05_0243,feedback_retry,498,study_type,stated,1,0,,1,0
sep05_0243,feedback_retry,498,robot_platform,stated,1,0,,2,0
sep05_0243,feedback_retry,498,task_performed,stated,1,0,,2,0
sep05_0243,feedback_retry,498,sample_size,stated,1,1,VALUE_WITHOUT_CITATION,0,0
sep05_0243,feedback_retry,498,surgical_domain,inferable,1,0,,2,0
sep05_0243,feedback_retry,498,autonomy_level,judgment,1,0,,1,0
sep05_0243,feedback_retry,498,validation_setting,stated,1,0,,1,0
sep05_0243,feedback_retry,498,task_monitor,inferable,1,0,,1,0
sep05_0243,feedback_retry,498,task_generate,inferable,1,0,,1,0
sep05_0243,feedback_retry,498,task_select,inferable,1,0,,1,0
sep05_0243,feedback_retry,498,task_execute,inferable,1,0,,1,0
sep05_0243,feedback_retry,498,system_maturity,judgment,1,0,,1,0
sep05_0243,feedback_retry,498,study_design,judgment,1,0,,1,0
sep05_0243,feedback_retry,498,country,inferable,1,0,,2,0
sep05_0243,feedback_retry,498,primary_outcome_metric,stated,1,0,,1,0
sep05_0243,feedback_retry,498,primary_outcome_value,stated,1,1,FIELD_MISSING,0,0
sep05_0243,feedback_retry,498,comparison_to_human,stated,1,1,VALUE_WITHOUT_CITATION,0,0
sep05_0243,feedback_retry,498,secondary_outcomes,stated,1,0,,1,0
sep05_0243,feedback_retry,498,key_limitation,judgment,1,0,,1,0
sep05_0243,feedback_retry,498,clinical_readiness_assessment,judgment,1,0,,1,0
sep05_0243,feedback_retry,498,study_type,stated,2,0,,1,0
sep05_0243,feedback_retry,498,robot_platform,stated,2,0,,1,0
sep05_0243,feedback_retry,498,task_performed,stated,2,0,,2,0
sep05_0243,feedback_retry,498,sample_size,stated,2,0,,0,1
sep05_0243,feedback_retry,498,surgical_domain,inferable,2,0,,2,0
sep05_0243,feedback_retry,498,autonomy_level,judgment,2,0,,2,0
sep05_0243,feedback_retry,498,validation_setting,stated,2,0,,2,0
sep05_0243,feedback_retry,498,task_monitor,inferable,2,0,,0,1
sep05_0243,feedback_retry,498,task_generate,inferable,2,0,,0,1
sep05_0243,feedback_retry,498,task_select,inferable,2,0,,0,1
sep05_0243,feedback_retry,498,task_execute,inferable,2,0,,0,1
sep05_0243,feedback_retry,498,system_maturity,judgment,2,0,,2,0
sep05_0243,feedback_retry,498,study_design,judgment,2,0,,2,0
sep05_0243,feedback_retry,498,country,inferable,2,1,INFERENCE_MISSING,1,0
sep05_0243,feedback_retry,498,primary_outcome_metric,stated,2,0,,0,1
sep05_0243,feedback_retry,498,primary_outcome_value,stated,2,0,,0,1
sep05_0243,feedback_retry,498,comparison_to_human,stated,2,0,,0,1
sep05_0243,feedback_retry,498,secondary_outcomes,stated,2,0,,1,0
sep05_0243,feedback_retry,498,key_limitation,judgment,2,0,,1,0
sep05_0243,feedback_retry,498,clinical_readiness_assessment,judgment,2,0,,2,0
sep03_1556,identical_reissue,121,study_type,stated,1,0,,1,0
sep03_1556,identical_reissue,121,robot_platform,stated,1,0,,3,0
sep03_1556,identical_reissue,121,task_performed,stated,1,0,,3,0
sep03_1556,identical_reissue,121,sample_size,stated,1,1,VALUE_WITHOUT_CITATION,0,0
sep03_1556,identical_reissue,121,surgical_domain,inferable,1,0,,2,0
sep03_1556,identical_reissue,121,autonomy_level,judgment,1,0,,1,0
sep03_1556,identical_reissue,121,validation_setting,stated,1,0,,2,0
sep03_1556,identical_reissue,121,task_monitor,inferable,1,0,,1,0
sep03_1556,identical_reissue,121,task_generate,inferable,1,0,,1,0
sep03_1556,identical_reissue,121,task_select,inferable,1,0,,1,0
sep03_1556,identical_reissue,121,task_execute,inferable,1,0,,1,0
sep03_1556,identical_reissue,121,system_maturity,judgment,1,0,,1,0
sep03_1556,identical_reissue,121,study_design,judgment,1,0,,1,0
sep03_1556,identical_reissue,121,country,inferable,1,1,VALUE_WITHOUT_CITATION,0,0
sep03_1556,identical_reissue,121,primary_outcome_metric,stated,1,1,VALUE_WITHOUT_CITATION,0,0
sep03_1556,identical_reissue,121,primary_outcome_value,stated,1,1,VALUE_WITHOUT_CITATION,0,0
sep03_1556,identical_reissue,121,comparison_to_human,stated,1,1,VALUE_WITHOUT_CITATION,0,0
sep03_1556,identical_reissue,121,secondary_outcomes,stated,1,1,VALUE_WITHOUT_CITATION,0,0
sep03_1556,identical_reissue,121,key_limitation,judgment,1,0,,2,0
sep03_1556,identical_reissue,121,clinical_readiness_assessment,judgment,1,0,,2,0
sep03_1556,identical_reissue,121,study_type,stated,2,0,,1,0
sep03_1556,identical_reissue,121,robot_platform,stated,2,0,,3,0
sep03_1556,identical_reissue,121,task_performed,stated,2,0,,3,0
sep03_1556,identical_reissue,121,sample_size,stated,2,1,VALUE_WITHOUT_CITATION,0,0
sep03_1556,identical_reissue,121,surgical_domain,inferable,2,0,,2,0
sep03_1556,identical_reissue,121,autonomy_level,judgment,2,0,,1,0
sep03_1556,identical_reissue,121,validation_setting,stated,2,0,,2,0
sep03_1556,identical_reissue,121,task_monitor,inferable,2,0,,1,0
sep03_1556,identical_reissue,121,task_generate,inferable,2,0,,1,0
sep03_1556,identical_reissue,121,task_select,inferable,2,0,,1,0
sep03_1556,identical_reissue,121,task_execute,inferable,2,0,,1,0
sep03_1556,identical_reissue,121,system_maturity,judgment,2,0,,1,0
sep03_1556,identical_reissue,121,study_design,judgment,2,0,,1,0
sep03_1556,identical_reissue,121,country,inferable,2,1,VALUE_WITHOUT_CITATION,0,0
sep03_1556,identical_reissue,121,primary_outcome_metric,stated,2,1,VALUE_WITHOUT_CITATION,0,0
sep03_1556,identical_reissue,121,primary_outcome_value,stated,2,1,VALUE_WITHOUT_CITATION,0,0
sep03_1556,identical_reissue,121,comparison_to_human,stated,2,1,VALUE_WITHOUT_CITATION,0,0
sep03_1556,identical_reissue,121,secondary_outcomes,stated,2,1,VALUE_WITHOUT_CITATION,0,0
sep03_1556,identical_reissue,121,key_limitation,judgment,2,1,STEPS_MISSING,1,0
sep03_1556,identical_reissue,121,clinical_readiness_assessment,judgment,2,0,,2,0
sep03_1556,identical_reissue,121,study_type,stated,3,0,,1,0
sep03_1556,identical_reissue,121,robot_platform,stated,3,0,,3,0
sep03_1556,identical_reissue,121,task_performed,stated,3,0,,3,0
sep03_1556,identical_reissue,121,sample_size,stated,3,1,VALUE_WITHOUT_CITATION,0,0
sep03_1556,identical_reissue,121,surgical_domain,inferable,3,0,,2,0
sep03_1556,identical_reissue,121,autonomy_level,judgment,3,0,,1,0
sep03_1556,identical_reissue,121,validation_setting,stated,3,0,,2,0
sep03_1556,identical_reissue,121,task_monitor,inferable,3,0,,1,0
sep03_1556,identical_reissue,121,task_generate,inferable,3,0,,1,0
sep03_1556,identical_reissue,121,task_select,inferable,3,0,,1,0
sep03_1556,identical_reissue,121,task_execute,inferable,3,0,,1,0
sep03_1556,identical_reissue,121,system_maturity,judgment,3,0,,1,0
sep03_1556,identical_reissue,121,study_design,judgment,3,0,,1,0
sep03_1556,identical_reissue,121,country,inferable,3,1,VALUE_WITHOUT_CITATION,0,0
sep03_1556,identical_reissue,121,primary_outcome_metric,stated,3,1,VALUE_WITHOUT_CITATION,0,0
sep03_1556,identical_reissue,121,primary_outcome_value,stated,3,1,VALUE_WITHOUT_CITATION,0,0
sep03_1556,identical_reissue,121,comparison_to_human,stated,3,1,VALUE_WITHOUT_CITATION,0,0
sep03_1556,identical_reissue,121,secondary_outcomes,stated,3,1,VALUE_WITHOUT_CITATION,0,0
sep03_1556,identical_reissue,121,key_limitation,judgment,3,1,STEPS_MISSING,1,0
sep03_1556,identical_reissue,121,clinical_readiness_assessment,judgment,3,0,,2,0
sep03_1556,identical_reissue,604,study_type,stated,1,0,,1,0
sep03_1556,identical_reissue,604,robot_platform,stated,1,0,,2,0
sep03_1556,identical_reissue,604,task_performed,stated,1,0,,2,0
sep03_1556,identical_reissue,604,sample_size,stated,1,0,,3,0
sep03_1556,identical_reissue,604,surgical_domain,inferable,1,0,,2,0
sep03_1556,identical_reissue,604,autonomy_level,judgment,1,0,,2,0
sep03_1556,identical_reissue,604,validation_setting,stated,1,0,,2,0
sep03_1556,identical_reissue,604,task_monitor,inferable,1,0,,2,0
sep03_1556,identical_reissue,604,task_generate,inferable,1,0,,2,0
sep03_1556,identical_reissue,604,task_select,inferable,1,0,,2,0
sep03_1556,identical_reissue,604,task_execute,inferable,1,0,,2,0
sep03_1556,identical_reissue,604,system_maturity,judgment,1,0,,2,0
sep03_1556,identical_reissue,604,study_design,judgment,1,0,,2,0
sep03_1556,identical_reissue,604,country,inferable,1,0,,1,0
sep03_1556,identical_reissue,604,primary_outcome_metric,stated,1,0,,2,0
sep03_1556,identical_reissue,604,primary_outcome_value,stated,1,0,,3,0
sep03_1556,identical_reissue,604,comparison_to_human,stated,1,1,VALUE_WITHOUT_CITATION,0,0
sep03_1556,identical_reissue,604,secondary_outcomes,stated,1,0,,2,0
sep03_1556,identical_reissue,604,key_limitation,judgment,1,1,STEPS_MISSING,1,0
sep03_1556,identical_reissue,604,clinical_readiness_assessment,judgment,1,0,,2,0
sep03_1556,identical_reissue,604,study_type,stated,2,0,,1,0
sep03_1556,identical_reissue,604,robot_platform,stated,2,0,,2,0
sep03_1556,identical_reissue,604,task_performed,stated,2,0,,2,0
sep03_1556,identical_reissue,604,sample_size,stated,2,0,,3,0
sep03_1556,identical_reissue,604,surgical_domain,inferable,2,0,,2,0
sep03_1556,identical_reissue,604,autonomy_level,judgment,2,0,,1,0
sep03_1556,identical_reissue,604,validation_setting,stated,2,0,,2,0
sep03_1556,identical_reissue,604,task_monitor,inferable,2,0,,2,0
sep03_1556,identical_reissue,604,task_generate,inferable,2,0,,2,0
sep03_1556,identical_reissue,604,task_select,inferable,2,0,,2,0
sep03_1556,identical_reissue,604,task_execute,inferable,2,0,,2,0
sep03_1556,identical_reissue,604,system_maturity,judgment,2,1,STEP_WITHOUT_BASIS,2,0
sep03_1556,identical_reissue,604,study_design,judgment,2,1,STEP_WITHOUT_BASIS,2,0
sep03_1556,identical_reissue,604,country,inferable,2,0,,1,0
sep03_1556,identical_reissue,604,primary_outcome_metric,stated,2,0,,2,0
sep03_1556,identical_reissue,604,primary_outcome_value,stated,2,0,,3,0
sep03_1556,identical_reissue,604,comparison_to_human,stated,2,1,VALUE_WITHOUT_CITATION,0,0
sep03_1556,identical_reissue,604,secondary_outcomes,stated,2,0,,2,0
sep03_1556,identical_reissue,604,key_limitation,judgment,2,1,STEPS_MISSING,1,0
sep03_1556,identical_reissue,604,clinical_readiness_assessment,judgment,2,1,STEP_WITHOUT_BASIS,1,0
sep03_1556,identical_reissue,604,study_type,stated,3,0,,1,0
sep03_1556,identical_reissue,604,robot_platform,stated,3,0,,2,0
sep03_1556,identical_reissue,604,task_performed,stated,3,0,,2,0
sep03_1556,identical_reissue,604,sample_size,stated,3,0,,3,0
sep03_1556,identical_reissue,604,surgical_domain,inferable,3,0,,2,0
sep03_1556,identical_reissue,604,autonomy_level,judgment,3,0,,1,0
sep03_1556,identical_reissue,604,validation_setting,stated,3,0,,2,0
sep03_1556,identical_reissue,604,task_monitor,inferable,3,0,,2,0
sep03_1556,identical_reissue,604,task_generate,inferable,3,0,,2,0
sep03_1556,identical_reissue,604,task_select,inferable,3,0,,2,0
sep03_1556,identical_reissue,604,task_execute,inferable,3,0,,2,0
sep03_1556,identical_reissue,604,system_maturity,judgment,3,1,STEP_WITHOUT_BASIS,2,0
sep03_1556,identical_reissue,604,study_design,judgment,3,1,STEP_WITHOUT_BASIS,2,0
sep03_1556,identical_reissue,604,country,inferable,3,0,,1,0
sep03_1556,identical_reissue,604,primary_outcome_metric,stated,3,0,,2,0
sep03_1556,identical_reissue,604,primary_outcome_value,stated,3,0,,3,0
sep03_1556,identical_reissue,604,comparison_to_human,stated,3,1,VALUE_WITHOUT_CITATION,0,0
sep03_1556,identical_reissue,604,secondary_outcomes,stated,3,0,,2,0
sep03_1556,identical_reissue,604,key_limitation,judgment,3,1,STEPS_MISSING,1,0
sep03_1556,identical_reissue,604,clinical_readiness_assessment,judgment,3,1,STEP_WITHOUT_BASIS,1,0
sep03_1556,identical_reissue,498,study_type,stated,1,0,,1,0
sep03_1556,identical_reissue,498,robot_platform,stated,1,0,,2,0
sep03_1556,identical_reissue,498,task_performed,stated,1,0,,2,0
sep03_1556,identical_reissue,498,sample_size,stated,1,1,VALUE_WITHOUT_CITATION,0,0
sep03_1556,identical_reissue,498,surgical_domain,inferable,1,1,VALUE_WITHOUT_CITATION,0,0
sep03_1556,identical_reissue,498,autonomy_level,judgment,1,1,VALUE_WITHOUT_CITATION,0,0
sep03_1556,identical_reissue,498,validation_setting,stated,1,0,,2,0
sep03_1556,identical_reissue,498,task_monitor,inferable,1,1,VALUE_WITHOUT_CITATION,0,0
sep03_1556,identical_reissue,498,task_generate,inferable,1,1,VALUE_WITHOUT_CITATION,0,0
sep03_1556,identical_reissue,498,task_select,inferable,1,1,VALUE_WITHOUT_CITATION,0,0
sep03_1556,identical_reissue,498,task_execute,inferable,1,1,VALUE_WITHOUT_CITATION,0,0
sep03_1556,identical_reissue,498,system_maturity,judgment,1,1,VALUE_WITHOUT_CITATION,0,0
sep03_1556,identical_reissue,498,study_design,judgment,1,1,VALUE_WITHOUT_CITATION,0,0
sep03_1556,identical_reissue,498,country,inferable,1,1,INFERENCE_MISSING,1,0
sep03_1556,identical_reissue,498,primary_outcome_metric,stated,1,0,,1,0
sep03_1556,identical_reissue,498,primary_outcome_value,stated,1,0,,2,0
sep03_1556,identical_reissue,498,comparison_to_human,stated,1,1,VALUE_WITHOUT_CITATION,0,0
sep03_1556,identical_reissue,498,secondary_outcomes,stated,1,0,,2,0
sep03_1556,identical_reissue,498,key_limitation,judgment,1,1,STEPS_MISSING,1,0
sep03_1556,identical_reissue,498,clinical_readiness_assessment,judgment,1,1,VALUE_WITHOUT_CITATION,0,0
sep03_1556,identical_reissue,498,study_type,stated,2,0,,1,0
sep03_1556,identical_reissue,498,robot_platform,stated,2,0,,2,0
sep03_1556,identical_reissue,498,task_performed,stated,2,0,,2,0
sep03_1556,identical_reissue,498,sample_size,stated,2,1,VALUE_WITHOUT_CITATION,0,0
sep03_1556,identical_reissue,498,surgical_domain,inferable,2,1,VALUE_WITHOUT_CITATION,0,0
sep03_1556,identical_reissue,498,autonomy_level,judgment,2,1,VALUE_WITHOUT_CITATION,0,0
sep03_1556,identical_reissue,498,validation_setting,stated,2,0,,2,0
sep03_1556,identical_reissue,498,task_monitor,inferable,2,1,VALUE_WITHOUT_CITATION,0,0
sep03_1556,identical_reissue,498,task_generate,inferable,2,1,VALUE_WITHOUT_CITATION,0,0
sep03_1556,identical_reissue,498,task_select,inferable,2,1,VALUE_WITHOUT_CITATION,0,0
sep03_1556,identical_reissue,498,task_execute,inferable,2,1,VALUE_WITHOUT_CITATION,0,0
sep03_1556,identical_reissue,498,system_maturity,judgment,2,1,VALUE_WITHOUT_CITATION,0,0
sep03_1556,identical_reissue,498,study_design,judgment,2,1,VALUE_WITHOUT_CITATION,0,0
sep03_1556,identical_reissue,498,country,inferable,2,1,INFERENCE_MISSING,1,0
sep03_1556,identical_reissue,498,primary_outcome_metric,stated,2,0,,1,0
sep03_1556,identical_reissue,498,primary_outcome_value,stated,2,0,,2,0
sep03_1556,identical_reissue,498,comparison_to_human,stated,2,1,VALUE_WITHOUT_CITATION,0,0
sep03_1556,identical_reissue,498,secondary_outcomes,stated,2,0,,2,0
sep03_1556,identical_reissue,498,key_limitation,judgment,2,1,STEPS_MISSING,1,0
sep03_1556,identical_reissue,498,clinical_readiness_assessment,judgment,2,1,VALUE_WITHOUT_CITATION,0,0
sep03_1556,identical_reissue,498,study_type,stated,3,0,,1,0
sep03_1556,identical_reissue,498,robot_platform,stated,3,0,,2,0
sep03_1556,identical_reissue,498,task_performed,stated,3,0,,2,0
sep03_1556,identical_reissue,498,sample_size,stated,3,1,VALUE_WITHOUT_CITATION,0,0
sep03_1556,identical_reissue,498,surgical_domain,inferable,3,1,VALUE_WITHOUT_CITATION,0,0
sep03_1556,identical_reissue,498,autonomy_level,judgment,3,1,VALUE_WITHOUT_CITATION,0,0
sep03_1556,identical_reissue,498,validation_setting,stated,3,0,,2,0
sep03_1556,identical_reissue,498,task_monitor,inferable,3,1,VALUE_WITHOUT_CITATION,0,0
sep03_1556,identical_reissue,498,task_generate,inferable,3,1,VALUE_WITHOUT_CITATION,0,0
sep03_1556,identical_reissue,498,task_select,inferable,3,1,VALUE_WITHOUT_CITATION,0,0
sep03_1556,identical_reissue,498,task_execute,inferable,3,1,VALUE_WITHOUT_CITATION,0,0
sep03_1556,identical_reissue,498,system_maturity,judgment,3,1,VALUE_WITHOUT_CITATION,0,0
sep03_1556,identical_reissue,498,study_design,judgment,3,1,VALUE_WITHOUT_CITATION,0,0
sep03_1556,identical_reissue,498,country,inferable,3,1,INFERENCE_MISSING,1,0
sep03_1556,identical_reissue,498,primary_outcome_metric,stated,3,0,,1,0
sep03_1556,identical_reissue,498,primary_outcome_value,stated,3,0,,2,0
sep03_1556,identical_reissue,498,comparison_to_human,stated,3,1,VALUE_WITHOUT_CITATION,0,0
sep03_1556,identical_reissue,498,secondary_outcomes,stated,3,0,,2,0
sep03_1556,identical_reissue,498,key_limitation,judgment,3,1,STEPS_MISSING,1,0
sep03_1556,identical_reissue,498,clinical_readiness_assessment,judgment,3,1,VALUE_WITHOUT_CITATION,0,0
sep03_1538_aborted,identical_reissue,121,study_type,stated,1,1,FIELD_MISSING,0,0
sep03_1538_aborted,identical_reissue,121,robot_platform,stated,1,1,FIELD_MISSING,0,0
sep03_1538_aborted,identical_reissue,121,task_performed,stated,1,1,FIELD_MISSING,0,0
sep03_1538_aborted,identical_reissue,121,sample_size,stated,1,1,FIELD_MISSING,0,0
sep03_1538_aborted,identical_reissue,121,surgical_domain,inferable,1,1,FIELD_MISSING,0,0
sep03_1538_aborted,identical_reissue,121,autonomy_level,judgment,1,1,FIELD_MISSING,0,0
sep03_1538_aborted,identical_reissue,121,validation_setting,stated,1,1,FIELD_MISSING,0,0
sep03_1538_aborted,identical_reissue,121,task_monitor,inferable,1,1,FIELD_MISSING,0,0
sep03_1538_aborted,identical_reissue,121,task_generate,inferable,1,1,FIELD_MISSING,0,0
sep03_1538_aborted,identical_reissue,121,task_select,inferable,1,1,FIELD_MISSING,0,0
sep03_1538_aborted,identical_reissue,121,task_execute,inferable,1,1,FIELD_MISSING,0,0
sep03_1538_aborted,identical_reissue,121,system_maturity,judgment,1,1,FIELD_MISSING,0,0
sep03_1538_aborted,identical_reissue,121,study_design,judgment,1,1,FIELD_MISSING,0,0
sep03_1538_aborted,identical_reissue,121,country,inferable,1,1,FIELD_MISSING,0,0
sep03_1538_aborted,identical_reissue,121,primary_outcome_metric,stated,1,1,FIELD_MISSING,0,0
sep03_1538_aborted,identical_reissue,121,primary_outcome_value,stated,1,1,FIELD_MISSING,0,0
sep03_1538_aborted,identical_reissue,121,comparison_to_human,stated,1,1,FIELD_MISSING,0,0
sep03_1538_aborted,identical_reissue,121,secondary_outcomes,stated,1,1,FIELD_MISSING,0,0
sep03_1538_aborted,identical_reissue,121,key_limitation,judgment,1,1,FIELD_MISSING,0,0
sep03_1538_aborted,identical_reissue,121,clinical_readiness_assessment,judgment,1,1,FIELD_MISSING,0,0
sep03_1538_aborted,identical_reissue,121,study_type,stated,2,1,FIELD_MISSING,0,0
sep03_1538_aborted,identical_reissue,121,robot_platform,stated,2,1,FIELD_MISSING,0,0
sep03_1538_aborted,identical_reissue,121,task_performed,stated,2,1,FIELD_MISSING,0,0
sep03_1538_aborted,identical_reissue,121,sample_size,stated,2,1,FIELD_MISSING,0,0
sep03_1538_aborted,identical_reissue,121,surgical_domain,inferable,2,1,FIELD_MISSING,0,0
sep03_1538_aborted,identical_reissue,121,autonomy_level,judgment,2,1,FIELD_MISSING,0,0
sep03_1538_aborted,identical_reissue,121,validation_setting,stated,2,1,FIELD_MISSING,0,0
sep03_1538_aborted,identical_reissue,121,task_monitor,inferable,2,1,FIELD_MISSING,0,0
sep03_1538_aborted,identical_reissue,121,task_generate,inferable,2,1,FIELD_MISSING,0,0
sep03_1538_aborted,identical_reissue,121,task_select,inferable,2,1,FIELD_MISSING,0,0
sep03_1538_aborted,identical_reissue,121,task_execute,inferable,2,1,FIELD_MISSING,0,0
sep03_1538_aborted,identical_reissue,121,system_maturity,judgment,2,1,FIELD_MISSING,0,0
sep03_1538_aborted,identical_reissue,121,study_design,judgment,2,1,FIELD_MISSING,0,0
sep03_1538_aborted,identical_reissue,121,country,inferable,2,1,FIELD_MISSING,0,0
sep03_1538_aborted,identical_reissue,121,primary_outcome_metric,stated,2,1,FIELD_MISSING,0,0
sep03_1538_aborted,identical_reissue,121,primary_outcome_value,stated,2,1,FIELD_MISSING,0,0
sep03_1538_aborted,identical_reissue,121,comparison_to_human,stated,2,1,FIELD_MISSING,0,0
sep03_1538_aborted,identical_reissue,121,secondary_outcomes,stated,2,1,FIELD_MISSING,0,0
sep03_1538_aborted,identical_reissue,121,key_limitation,judgment,2,1,FIELD_MISSING,0,0
sep03_1538_aborted,identical_reissue,121,clinical_readiness_assessment,judgment,2,1,FIELD_MISSING,0,0
sep03_1538_aborted,identical_reissue,121,study_type,stated,3,1,FIELD_MISSING,0,0
sep03_1538_aborted,identical_reissue,121,robot_platform,stated,3,1,FIELD_MISSING,0,0
sep03_1538_aborted,identical_reissue,121,task_performed,stated,3,1,FIELD_MISSING,0,0
sep03_1538_aborted,identical_reissue,121,sample_size,stated,3,1,FIELD_MISSING,0,0
sep03_1538_aborted,identical_reissue,121,surgical_domain,inferable,3,1,FIELD_MISSING,0,0
sep03_1538_aborted,identical_reissue,121,autonomy_level,judgment,3,1,FIELD_MISSING,0,0
sep03_1538_aborted,identical_reissue,121,validation_setting,stated,3,1,FIELD_MISSING,0,0
sep03_1538_aborted,identical_reissue,121,task_monitor,inferable,3,1,FIELD_MISSING,0,0
sep03_1538_aborted,identical_reissue,121,task_generate,inferable,3,1,FIELD_MISSING,0,0
sep03_1538_aborted,identical_reissue,121,task_select,inferable,3,1,FIELD_MISSING,0,0
sep03_1538_aborted,identical_reissue,121,task_execute,inferable,3,1,FIELD_MISSING,0,0
sep03_1538_aborted,identical_reissue,121,system_maturity,judgment,3,1,FIELD_MISSING,0,0
sep03_1538_aborted,identical_reissue,121,study_design,judgment,3,1,FIELD_MISSING,0,0
sep03_1538_aborted,identical_reissue,121,country,inferable,3,1,FIELD_MISSING,0,0
sep03_1538_aborted,identical_reissue,121,primary_outcome_metric,stated,3,1,FIELD_MISSING,0,0
sep03_1538_aborted,identical_reissue,121,primary_outcome_value,stated,3,1,FIELD_MISSING,0,0
sep03_1538_aborted,identical_reissue,121,comparison_to_human,stated,3,1,FIELD_MISSING,0,0
sep03_1538_aborted,identical_reissue,121,secondary_outcomes,stated,3,1,FIELD_MISSING,0,0
sep03_1538_aborted,identical_reissue,121,key_limitation,judgment,3,1,FIELD_MISSING,0,0
sep03_1538_aborted,identical_reissue,121,clinical_readiness_assessment,judgment,3,1,FIELD_MISSING,0,0
sep03_1538_aborted,identical_reissue,604,study_type,stated,1,0,,1,0
sep03_1538_aborted,identical_reissue,604,robot_platform,stated,1,0,,2,0
sep03_1538_aborted,identical_reissue,604,task_performed,stated,1,0,,2,0
sep03_1538_aborted,identical_reissue,604,sample_size,stated,1,1,VALUE_WITHOUT_CITATION,0,0
sep03_1538_aborted,identical_reissue,604,surgical_domain,inferable,1,1,VALUE_WITHOUT_CITATION,0,0
sep03_1538_aborted,identical_reissue,604,autonomy_level,judgment,1,0,,1,0
sep03_1538_aborted,identical_reissue,604,validation_setting,stated,1,0,,2,0
sep03_1538_aborted,identical_reissue,604,task_monitor,inferable,1,0,,1,0
sep03_1538_aborted,identical_reissue,604,task_generate,inferable,1,0,,1,0
sep03_1538_aborted,identical_reissue,604,task_select,inferable,1,0,,1,0
sep03_1538_aborted,identical_reissue,604,task_execute,inferable,1,0,,1,0
sep03_1538_aborted,identical_reissue,604,system_maturity,judgment,1,0,,2,0
sep03_1538_aborted,identical_reissue,604,study_design,judgment,1,0,,2,0
sep03_1538_aborted,identical_reissue,604,country,inferable,1,0,,1,0
sep03_1538_aborted,identical_reissue,604,primary_outcome_metric,stated,1,0,,2,0
sep03_1538_aborted,identical_reissue,604,primary_outcome_value,stated,1,0,,2,0
sep03_1538_aborted,identical_reissue,604,comparison_to_human,stated,1,1,VALUE_WITHOUT_CITATION,0,0
sep03_1538_aborted,identical_reissue,604,secondary_outcomes,stated,1,0,,2,0
sep03_1538_aborted,identical_reissue,604,key_limitation,judgment,1,1,STEPS_MISSING,1,0
sep03_1538_aborted,identical_reissue,604,clinical_readiness_assessment,judgment,1,0,,2,0
