paper_id,live_paper_id,stratum,abstract_chars,abstract_is_null,request_chars,user_message_has_abstract_label,pass1,pass2,status,outcome,march_pass1,march_pass2,march_outcome,same_outcome_as_march,model,rationale_pass1,rationale_pass2
1,1,both passes exclude,1762,0,5361,1,exclude,exclude,ABSTRACT_SCREENED_OUT,out,exclude,exclude,out,1,qwen3:8b,"The paper describes a deep learning model for segmentation in craniomaxillofacial surgery, which is a dental/oral surgery specialty. The focus is on image segmentation and not on autonomous or semi-autonomous robotic systems performing physical surgical tasks. It does not involve a robotic component that controls or directs a physical robot to execute a surgical action.","The paper describes a deep learning model for segmentation in craniomaxillofacial surgery, which is a dental/oral surgery specialty. The focus is on image segmentation and not on autonomous or semi-autonomous robotic systems performing physical surgical tasks. It does not involve a robotic component that controls or directs a physical robot to execute a surgical action."
2,5,"included at abstract, excluded at full text",1006,0,4583,1,include,include,ABSTRACT_SCREENED_IN,in,include,include,in,1,qwen3:8b,"The paper describes a semi-autonomous surgical procedure using the RavenII Surgical Robot for brain tumor ablation, which involves an autonomous or semi-autonomous robotic component controlling a physical robot to execute a surgical action. The task is a physical surgical task (neurosurgery), and the paper involves a semi-autonomous robotic system (Behavior Tree framework). The paper is peer-reviewed and in English, published between 2010 and 2025. It is within the included specialty (neurosurgery). The abstract does not mention exclusion criteria such as non-surgical robotics or simulation frameworks without autonomous behavior.","The paper describes a semi-autonomous surgical procedure using the RavenII Surgical Robot for brain tumor ablation, which involves an autonomous or semi-autonomous robotic component controlling a physical robot to execute a surgical action. The task is performed in a simulated environment, and the paper models the surgical task using a behavior tree framework. The study involves a physical surgical task (brain tumor ablation) and meets the inclusion criteria for specialty (neurosurgery) and autonomy level (semi-autonomous). The abstract does not mention exclusion criteria such as non-surgical robotics or simulation frameworks without autonomous behavior."
3,9,"included at abstract, eligible today",1788,0,5336,1,include,include,ABSTRACT_SCREENED_IN,in,include,include,in,1,qwen3:8b,"The paper describes autonomous robotic laparoscopic surgery for intestinal anastomosis, involving an autonomous or semi-autonomous robotic component that controls or directs a physical robot to execute a surgical action. It includes both phantom and in vivo models, and evaluates task accuracy, completion time, and safety events. The study involves a physical surgical task (intestine anastomosis) and compares the autonomous system with manual and robot-assisted surgery. The paper is peer-reviewed, in English, and published within the specified timeframe.","The paper describes autonomous robotic laparoscopic surgery for intestinal anastomosis, involving an autonomous or semi-autonomous robotic component that controls or directs a physical robot to execute a surgical action. It includes both phantom and in vivo models, and evaluates task accuracy, completion time, and safety events. The study involves a physical surgical task (intestine anastomosis) and meets the inclusion criteria for the review."
4,18,"both passes include, excluded later at abstract (verifier or PI)",1251,0,4823,1,exclude,exclude,ABSTRACT_SCREENED_OUT,out,include,include,in,0,qwen3:8b,"The paper focuses on tissue segmentation using spatio-temporal U-Nets for endoscopic images, which is a component of surgical robotics but does not involve autonomous or semi-autonomous robotic systems performing physical surgical tasks. The study does not describe a robotic system that controls or directs a physical robot to execute a surgical action, and instead focuses on image segmentation algorithms. Therefore, it does not meet the inclusion criteria for the review.","The paper focuses on tissue segmentation using spatio-temporal U-Nets for endoscopic images, which is a component of surgical robotics. However, it does not describe autonomous or semi-autonomous robotic systems performing physical surgical tasks on tissue, phantoms, or in-vivo models. The study is more about image segmentation algorithms rather than evaluating the autonomy level of a robotic system in executing surgical actions. Therefore, it does not meet the inclusion criteria for the review."
5,21,no abstract (E5),0,1,3764,1,exclude,exclude,ABSTRACT_SCREENED_OUT,out,exclude,exclude,out,1,qwen3:8b,"The title indicates the paper focuses on learning surgical skills under the RCM constraint from demonstrations in robot-assisted minimally invasive surgery, which suggests a teleoperated or manually guided system rather than an autonomous or semi-autonomous robotic system. There is no mention of autonomous or semi-autonomous robotic behavior controlling or directing a physical robot to execute a surgical action. Additionally, the abstract is not available, and the title does not provide sufficient information to determine eligibility.","The title indicates the paper focuses on learning surgical skills under the RCM constraint from demonstrations in robot-assisted minimally invasive surgery, which suggests a teleoperated or manually assisted system rather than an autonomous or semi-autonomous robotic system. There is no mention of autonomous or semi-autonomous robotic behavior controlling or directing a physical robot to execute a surgical action. Additionally, the abstract is not available, and the title does not provide sufficient information to determine eligibility."
6,95,abstract under 200 characters (E5),147,0,3710,1,exclude,exclude,ABSTRACT_SCREENED_OUT,out,exclude,exclude,out,1,qwen3:8b,"The paper describes an MR-safe endovascular robotic platform but does not mention any level of surgical autonomy (Levels 1–5) or any autonomous/semi-autonomous robotic component that controls or directs a physical robot to execute a surgical action. It focuses on design, control, and ex-vivo evaluation without indicating the presence of autonomy in surgical tasks.","The paper describes an MR-safe endovascular robotic platform but does not mention any level of surgical autonomy (Levels 1–5) or any autonomous/semi-autonomous robotic component that controls or directs a physical robot to execute a surgical action. It focuses on design, control, and ex-vivo evaluation without indicating the presence of autonomy in surgical tasks. The abstract does not meet the inclusion criteria for autonomy in surgical robotics."
7,281,"included at abstract, eligible today",1497,0,5078,1,include,include,ABSTRACT_SCREENED_IN,in,include,include,in,1,qwen3:8b,"The paper describes a hierarchical framework for autonomous surgery using imitation learning, validated through ex vivo experiments on cholecystectomy. It involves an autonomous robotic component that controls a physical robot to execute a surgical action, meeting the inclusion criteria for population, intervention (autonomy level), and outcomes (task accuracy, success rate). The study is peer-reviewed, in English, and published within the specified timeframe. It does not fall under excluded specialties or types of studies.","The paper describes an autonomous surgical framework applied to ex vivo cholecystectomy, which is a physical surgical task. The system demonstrates autonomy (Level 4 or 5) as it operates fully autonomously without human intervention. The study involves a physical robotic component controlling a surgical action, meeting the inclusion criteria. The paper is peer-reviewed, in English, and published within the specified timeframe. It does not fall under excluded specialties or types of studies."
8,361,"included at abstract, excluded at full text",1951,0,5533,1,include,include,ABSTRACT_SCREENED_IN,in,include,include,in,1,qwen3:8b,"The paper describes a semi-autonomous robotic control system for pedicle tapping in spinal surgery, which involves a physical surgical task (bone drilling) and an autonomous/semi-autonomous robotic component that controls the surgical tool. The study meets the population criteria (surgical robotic system performing physical surgical tasks), intervention criteria (semi-autonomous control, which falls under Yang et al. taxonomy Level 2 or 3), and includes outcomes such as task accuracy, error rate, and tool velocity adaptation. The specialty is spinal surgery, which is included in the review's scope. The paper is a peer-reviewed original research article in English, published between 2010 and 2025.","The paper describes a semi-autonomous robotic control system for pedicle tapping in spinal surgery, which involves a physical surgical task (bone tapping) and an autonomous/semi-autonomous robotic component that controls the surgical tool. The study meets the population criteria (surgical robotic system performing physical surgical tasks), intervention criteria (semi-autonomous control, which falls under Yang et al. taxonomy Level 2 or 3), and includes outcomes such as task accuracy, tool velocity adaptation, and safety (e.g., stopping before bone boundaries). The specialty is spinal surgery, which is included in the review's scope. The paper is a peer-reviewed original research article in English, published between 2010 and 2025."
9,382,passes disagreed,1412,0,4956,1,exclude,exclude,ABSTRACT_SCREENED_OUT,out,include,exclude,flagged,0,qwen3:8b,"The paper describes a soft robot for peripheral lung cancer diagnosis and therapy, but it does not involve an autonomous or semi-autonomous robotic component that controls or directs a physical robot to execute a surgical action. The robot is used as an assistive tool with a graphical user interface, and the primary function is diagnostic and interventional, not surgical. The study does not meet the inclusion criteria for surgical autonomy.","The paper describes a soft robot for peripheral lung cancer diagnosis and therapy, but it does not involve an autonomous or semi-autonomous robotic component that controls or directs a physical robot to execute a surgical action. The robot is used as an assistive tool under clinician control, not as an autonomous system performing physical surgical tasks. Additionally, the study does not meet the inclusion criteria for surgical robotics as defined in the review focus and specialty scope."
10,400,"included at abstract, eligible today",1227,0,4829,1,include,include,ABSTRACT_SCREENED_IN,in,include,include,in,1,qwen3:8b,"The paper describes an autonomous suturing task performed by an under-actuated robotic arm, which meets the population criteria of involving autonomous or semi-autonomous surgical robotic systems performing physical surgical tasks. The intervention involves an autonomous robotic component that controls the physical robot to execute a surgical action, which satisfies the intervention criteria. The study is a peer-reviewed original research article in English, published between 2010 and 2025. The task involves a physical surgical action (suturing) on a phantom or in-vivo model, and the paper evaluates task accuracy and deviation, which are relevant outcomes. The paper does not involve excluded specialties or non-surgical robotics.","The paper describes an autonomous suturing task performed by an under-actuated robotic arm, which meets the population criteria of involving autonomous or semi-autonomous surgical robotic systems performing physical surgical tasks. The intervention involves an autonomous robotic component that controls the physical robot to execute a surgical action, which satisfies the intervention criteria. The study involves a physical surgical task (suturing) and is not limited to simulation frameworks or virtual environments. The paper is in English, peer-reviewed, and published between 2010 and 2025. It does not fall under excluded specialties or categories. The abstract does not mention any exclusion criteria."
11,463,"included at abstract, eligible today",1113,0,4705,1,include,include,ABSTRACT_SCREENED_IN,in,include,include,in,1,qwen3:8b,"The paper presents an autonomous suturing algorithm using a surgical robot (Raven II), which involves an autonomous or semi-autonomous robotic component controlling a physical robot to execute a surgical action. It addresses task accuracy (minimal tissue trauma), and the study involves a physical surgical task (suturing on tissue). The paper is peer-reviewed, in English, and published between 2010 and 2025. It does not involve excluded specialties or non-surgical robotics. The abstract does not mention exclusion criteria such as simulation frameworks without autonomous behavior or non-surgical contexts.","The paper presents an autonomous suturing algorithm using a surgical robot (Raven II), which involves an autonomous or semi-autonomous robotic component controlling a physical robot to execute a surgical action. It addresses task accuracy (minimal tissue trauma), and the study involves a physical surgical task (suturing on tissue). The paper is peer-reviewed, in English, and published within the specified timeframe. It does not involve excluded specialties or non-surgical robotics. The abstract does not mention exclusion criteria such as simulation frameworks without autonomous behavior or non-surgical contexts."
12,494,"included at abstract, excluded at full text",1147,0,4693,1,include,include,ABSTRACT_SCREENED_IN,in,include,include,in,1,qwen3:8b,"The paper describes a semi-autonomous surgical robot system used in cardiac surgery, which involves a physical surgical task (beating-heart surgery) and includes an autonomous or semi-autonomous robotic component that controls or directs a physical robot to execute a surgical action. The system is not purely teleoperated or manual, and the study evaluates task performance and control mechanisms. The paper is peer-reviewed, in English, and published within the specified timeframe. It does not fall under excluded specialties or types of studies.","The paper describes a semi-autonomous surgical robot system used in cardiac surgery, which involves a physical surgical task (beating-heart surgery) and includes an autonomous or semi-autonomous robotic component that controls or directs a physical robot to execute a surgical action. The system is not purely teleoperated or manual, and the study evaluates task performance and control mechanisms. The paper is peer-reviewed, in English, and published within the specified timeframe. It does not fall under excluded specialties or types of studies."
13,497,"included at abstract, eligible today",886,0,4480,1,include,include,ABSTRACT_SCREENED_IN,in,include,include,in,1,qwen3:8b,"The paper describes an autonomous tissue piercing task using a circular needle and vision guidance in robot-assisted laparoscopic surgery. It involves an autonomous or semi-autonomous robotic component that controls or directs a physical robot to execute a surgical action. The task is a physical surgical task (laparoscopic surgery), and the paper is in English, peer-reviewed, and published within the specified timeframe. The study does not involve excluded specialties or non-surgical robotics. The abstract does not indicate exclusion criteria such as systematic reviews, meta-analyses, or non-surgical robotics.","The paper describes an autonomous tissue piercing task using a circular needle and vision guidance in robot-assisted laparoscopic surgery. It involves an autonomous or semi-autonomous robotic component that controls or directs a physical robot to execute a surgical action. The task is a physical surgical task (laparoscopic surgery), and the system uses vision guidance for autonomous control. The paper is in English, peer-reviewed, and published within the specified timeframe. It does not fall under excluded specialties or categories. The abstract does not indicate exclusion criteria such as non-surgical robotics or simulation studies without autonomous behavior."
14,538,"included at abstract, eligible today",1759,0,5355,1,include,include,ABSTRACT_SCREENED_IN,in,include,include,in,1,qwen3:8b,"The paper describes an autonomous robotic system (cable-driven robot) performing a physical surgical task (debridement of tissue fragments) with a focus on calibration and error reduction. The system is not purely teleoperated or manual, and it involves autonomous control of the robot to execute a surgical action. The task is performed on phantoms (raisins and pumpkin seeds), which is acceptable under the inclusion criteria. The paper meets the population, intervention, and outcomes criteria. It does not fall under excluded specialties or categories.","The paper describes an autonomous robotic system (cable-driven robot) performing a physical surgical task (debridement of tissue fragments) with a focus on calibration and error reduction. The system is not purely teleoperated or manual, and it involves autonomous control of the robot to execute a surgical action. The task is performed on phantoms (raisins and pumpkin seeds), which is within the inclusion criteria for bench/preclinical autonomy. The paper meets the population, intervention, and specialty scope criteria. It does not meet exclusion criteria such as being a review or non-surgical robotics."
15,563,"included at abstract, excluded at full text",1429,0,5031,1,include,include,ABSTRACT_SCREENED_IN,in,include,include,in,1,qwen3:8b,"The paper describes a data-driven approach for automating surgical tasks using a flexible Serpentine Manipulator (TSM), which is a physical robotic system. The study involves autonomous task execution, as it utilizes learning from demonstration to generalize motor trajectories without direct human control. The tasks evaluated (compliant insertion and simplified Endoscopic Submucosal Dissection) are physical surgical tasks. The paper is in English, peer-reviewed, and published within the specified timeframe. It does not involve non-surgical robotics or excluded specialties. The abstract does not mention exclusion criteria such as simulation frameworks or non-surgical contexts.","The paper describes a data-driven approach for automating surgical tasks using a flexible Serpentine Manipulator (TSM), which is a physical robotic system. The study involves autonomous task execution (learning from demonstration) and evaluates task performance (trajectory performance). The work is focused on surgical tasks (compliant insertion and Endoscopic Submucosal Dissection), which are relevant to the included specialties. The paper is a peer-reviewed original research article in English, published between 2010 and 2025. It involves a physical robotic component that controls a surgical action, meeting the inclusion criteria."
16,577,"included at abstract, eligible today",810,0,4366,1,include,include,ABSTRACT_SCREENED_IN,in,include,include,in,1,qwen3:8b,"The paper describes a robotic assistant capable of performing autonomous movements to aid surgeons during minimally invasive surgery. It involves a physical surgical task and an autonomous or semi-autonomous robotic component that controls or directs a physical robot to execute a surgical action. The study is peer-reviewed and in English, and it does not fall under excluded specialties. The abstract does not mention exclusion criteria such as non-surgical robotics or excluded specialties. The paper is within the publication date range (2010–2025).","The paper describes a robotic assistant capable of performing autonomous movements to aid surgeons during minimally invasive surgery. It involves a physical surgical task and an autonomous or semi-autonomous robotic component that controls or directs a physical robot to execute a surgical action. The study is peer-reviewed and in English, and it does not fall under excluded specialties. The abstract does not mention exclusion criteria such as non-surgical robotics or excluded specialties. The paper meets the inclusion criteria for the systematic review."
17,639,"included at abstract, eligible today",1364,0,4973,1,include,include,ABSTRACT_SCREENED_IN,in,include,include,in,1,qwen3:8b,"The paper presents an autonomous or semi-autonomous surgical robotic system (SURESTEP) that enhances visual tool tracking for surgical automation. It involves a physical surgical task (needle regrasping) and addresses uncertainty in tool tracking, which is a key challenge in autonomous surgical systems. The study compares the proposed method with a baseline, demonstrating task performance under challenging conditions. The work is peer-reviewed, published between 2010 and 2025, and involves a physical robotic system. It does not fall under excluded specialties or non-surgical robotics. The abstract does not mention exclusion criteria such as non-surgical robotics or excluded specialties.","The paper presents an autonomous or semi-autonomous surgical robotic system (SURESTEP) that enhances visual tool tracking for surgical automation. It involves a physical surgical task (needle regrasping) and addresses uncertainty in tool tracking, which is a key challenge in autonomous surgical systems. The study compares the proposed method with a baseline, demonstrating task performance under challenging conditions. The work is peer-reviewed, published between 2010 and 2025, and involves a physical robotic system. It does not fall under excluded specialties or non-surgical robotics. The abstract does not mention exclusion criteria such as non-surgical robotics or excluded specialties."
18,656,"included at abstract, excluded at full text",1498,0,5028,1,include,include,ABSTRACT_SCREENED_IN,in,include,include,in,1,qwen3:8b,"The paper describes a compact, bone-attached robot used for mastoidectomy, which is a procedure in otologic surgery. The system is autonomous or semi-autonomous as it executes a milling task based on pre-operative CT data, with the surgeon monitoring the procedure. The robot controls the physical surgical action (milling), and the study involves a physical surgical task on a cadaveric temporal bone. The paper meets the inclusion criteria for population, intervention, and specialty scope. The study does not involve excluded specialties or non-surgical robotics. The abstract does not mention exclusion criteria such as systematic reviews, non-surgical robotics, or excluded specialties.","The paper describes a compact, bone-attached robot used for mastoidectomy, which is a procedure in otologic surgery. The system is autonomous or semi-autonomous as it follows a pre-defined milling path to remove bone, with the surgeon monitoring the procedure. The robot controls the physical surgical action, meeting the inclusion criteria for involving an autonomous or semi-autonomous robotic component. The study involves a physical surgical task on a cadaveric temporal bone, and the outcomes include task accuracy (error rates) and safety (preservation of critical anatomical structures). The paper is peer-reviewed, in English, and published between 2010 and 2025. It does not fall under excluded specialties (otologic surgery is included)."
19,699,"included at abstract, eligible today",1399,0,4957,1,include,include,ABSTRACT_SCREENED_IN,in,include,include,in,1,qwen3:8b,"The paper describes an autonomous or semi-autonomous robotic system (cooperative suturing platform) that performs a physical surgical task (suturing) with AI and HMI integration. It involves autonomous control of the robot for needle insertion and human operator control for needle extraction, meeting the intervention criteria (Level 3 or 4 autonomy). The task is performed on a physical model (not simulation-only), and the outcomes include task accuracy (error rates) and completion time. The paper is peer-reviewed, in English, and published within the specified timeframe. It does not fall under excluded specialties or categories.","The paper describes an autonomous or semi-autonomous robotic system (cooperative suturing platform) that performs a physical surgical task (suturing) with AI and HMI integration. It involves autonomous control of the robot for needle insertion and human operator control for needle extraction, meeting the intervention criteria (Level 3 or 4 autonomy). The task is performed on a physical model (not simulation-only), and the outcomes include task accuracy (error rates) and completion time. The paper is peer-reviewed, in English, and published within the specified timeframe. It does not fall under excluded specialties or categories."
20,801,"included at abstract, eligible today",1774,0,5357,1,include,include,ABSTRACT_SCREENED_IN,in,include,include,in,1,qwen3:8b,"The paper describes an autonomous or semi-autonomous surgical robotic system (AI-GUIDE) that performs a physical surgical task (needle insertion into phantom vessels). The system involves an autonomous component that controls the robotic action, as it uses AI to guide the needle insertion. The study involves a physical surgical task on phantoms, meets the language and publication date criteria, and is a peer-reviewed original research article. The task accuracy and success rate are reported, which aligns with the outcomes of interest. The paper does not fall under excluded specialties or categories.","The paper describes an autonomous or semi-autonomous surgical robotic system (AI-GUIDE) that performs a physical surgical task (needle insertion into phantom vessels). The system involves an autonomous component that directs the robot to execute a surgical action, which meets the inclusion criteria. The study involves a physical surgical task on phantoms, and the outcomes include task accuracy/error rate and task completion time. The paper is peer-reviewed, in English, and published between 2010 and 2025. It does not involve non-surgical robotics or excluded specialties. The study is relevant to the focus of the review on autonomy in surgical robotics."
21,803,"included at abstract, excluded at full text",1334,0,4898,1,exclude,exclude,ABSTRACT_SCREENED_OUT,out,include,include,in,0,qwen3:8b,"The paper describes a robot-assisted cornea cutting procedure, but it does not involve autonomous or semi-autonomous robotic systems performing physical surgical tasks. Instead, it describes a robot-assisted system where the robot is integrated with a microforce sensor and a handheld trephine manipulator, suggesting it is still under human control. The study does not meet the inclusion criteria of involving an autonomous or semi-autonomous robotic component that controls or directs a physical robot to execute a surgical action. Additionally, the paper focuses on cornea cutting, which falls under ophthalmic surgery, a specialty explicitly excluded from the review.","The paper describes a robot-assisted cornea cutting procedure, but it does not involve autonomous or semi-autonomous robotic systems performing physical surgical tasks. Instead, it describes a robot-assisted system where the robot is integrated with a microforce sensor and a handheld trephine manipulator, suggesting it is still under human control. The study does not meet the inclusion criteria of involving an autonomous or semi-autonomous robotic component that controls or directs a physical robot to execute a surgical action. Additionally, the paper focuses on corneal surgery, which is excluded under the specialty scope as ophthalmic surgery is explicitly excluded."
22,998,passes disagreed,1568,0,5168,1,exclude,exclude,ABSTRACT_SCREENED_OUT,out,exclude,include,flagged,0,qwen3:8b,"The paper describes a robotic ultrasound system with force control but does not involve autonomous or semi-autonomous surgical robotic systems performing physical surgical tasks on tissue, phantoms, or in-vivo models. The focus is on robotic ultrasound imaging rather than surgical tasks, and there is no mention of surgical autonomy levels or comparison with human-controlled systems in a surgical context.","The paper describes a robotic ultrasound system with force control but does not involve autonomous or semi-autonomous surgical robotic systems performing physical surgical tasks on tissue, phantoms, or in-vivo models. The focus is on robotic ultrasound imaging rather than surgical tasks, and there is no mention of surgical autonomy levels or comparison with human-controlled systems in a surgical context."
23,1321,both passes exclude,1503,0,5096,1,exclude,exclude,ABSTRACT_SCREENED_OUT,out,exclude,exclude,out,1,qwen3:8b,"The paper describes an autonomous surface vehicle for detecting heavy metal pollution in surface water, which is not related to surgical robotics. It does not involve any surgical tasks, robotic systems used in surgery, or any of the specified surgical specialties. The focus is on environmental monitoring rather than surgical autonomy.","The paper describes an autonomous surface vehicle for detecting heavy metal pollution in surface water, which is not related to surgical robotics or surgical tasks. It falls under environmental monitoring and does not meet the inclusion criteria for surgical robotics."
24,1654,"both passes include, excluded later at abstract (verifier or PI)",1044,0,4598,1,exclude,exclude,ABSTRACT_SCREENED_OUT,out,include,include,in,0,qwen3:8b,"The paper describes a design specification process for surgical robots but does not involve any autonomous or semi-autonomous robotic system performing physical surgical tasks on tissue, phantoms, or in-vivo models. It focuses on requirements engineering and methodology rather than evaluating or demonstrating autonomous robotic behavior in a surgical context.","The paper describes a design specification process for surgical robots but does not involve any autonomous or semi-autonomous robotic system performing physical surgical tasks on tissue, phantoms, or in-vivo models. It focuses on requirements engineering and methodology rather than evaluating or demonstrating autonomous robotic behavior in a surgical context."
25,2000,longest abstracts,26352,0,29906,1,exclude,exclude,ABSTRACT_SCREENED_OUT,out,exclude,exclude,out,1,qwen3:8b,"The paper discusses agentic AI in healthcare, focusing on administrative efficiency, clinical decision support, and resource management. However, it does not involve autonomous or semi-autonomous surgical robotic systems performing physical surgical tasks on tissue, phantoms, or in-vivo models. The paper does not meet the inclusion criteria for the systematic review on autonomy in surgical robotics.","The paper discusses agentic AI in healthcare, focusing on administrative efficiency, clinical decision support, and resource management. However, it does not involve autonomous or semi-autonomous surgical robotic systems performing physical surgical tasks on tissue, phantoms, or in-vivo models. The paper does not meet the inclusion criteria for the systematic review on autonomy in surgical robotics."
26,2102,passes disagreed,2127,0,5696,1,exclude,exclude,ABSTRACT_SCREENED_OUT,out,include,exclude,flagged,0,qwen3:8b,"The paper discusses robotic-assisted minimally invasive surgery and telesurgery, but it does not mention any autonomous or semi-autonomous robotic systems performing physical surgical tasks. Instead, it focuses on the general concepts, systems, and data science applications without specific evaluation of autonomy levels or task execution by robots. It also does not meet the inclusion criteria for specialties or simulation studies with autonomous behavior.","The paper discusses robotic-assisted minimally invasive surgery and telesurgery, but it does not mention any autonomous or semi-autonomous robotic systems performing physical surgical tasks. Instead, it focuses on the general concepts, systems, and data science applications without specific evaluation of autonomy levels or task execution by robots. It also does not meet the inclusion criteria for specialties or simulation studies with autonomous behavior."
27,2198,both passes exclude,2785,0,6302,1,exclude,exclude,ABSTRACT_SCREENED_OUT,out,exclude,exclude,out,1,qwen3:8b,The paper discusses the future of robotics in spine surgery but does not describe any autonomous or semi-autonomous robotic systems performing physical surgical tasks. It focuses on current robotic systems that act as guides and does not evaluate autonomy levels or compare autonomous systems with human-controlled systems. The paper is more of a review of trends and potential future developments rather than original research involving autonomous surgical robotics.,The paper discusses the future of robotics in spine surgery but does not describe any autonomous or semi-autonomous robotic systems performing physical surgical tasks. It focuses on current robotic systems that act as guides and does not evaluate autonomy levels or compare autonomous systems with human-controlled systems. The paper is more of a review of trends and potential future developments rather than original research involving autonomous surgical robotics.
28,2969,both passes exclude,1325,0,4920,1,exclude,exclude,ABSTRACT_SCREENED_OUT,out,exclude,exclude,out,1,qwen3:8b,"The paper focuses on dentistry, which is explicitly excluded under the specialty scope criteria. The review includes robotics and AI in dentistry, which falls under excluded specialties (dental surgery, oral and maxillofacial surgery).","The paper focuses on dentistry, which is explicitly excluded under the specialty scope criteria. Additionally, the abstract indicates the review includes non-surgical robotics and AI applications in dentistry, which fall under the exclusion criteria for non-surgical robotics."
29,2976,longest abstracts,27606,0,31176,1,exclude,exclude,ABSTRACT_SCREENED_OUT,out,exclude,exclude,out,1,qwen3:8b,"The paper is a webinar series focused on early-career development in cardiothoracic surgery, discussing topics such as robotic cardiac surgery, congenital surgery, and atrial fibrillation surgery. However, it does not involve any autonomous or semi-autonomous surgical robotic systems performing physical surgical tasks on tissue, phantoms, or in-vivo models. Instead, it is a discussion on training and career development, not a study evaluating the performance or outcomes of autonomous/semi-autonomous robotic systems. Therefore, it does not meet the inclusion criteria for the systematic review.","The paper is a webinar series focused on early-career development in cardiothoracic surgery, discussing strategies for success rather than evaluating autonomous or semi-autonomous surgical robotic systems. It does not involve any physical surgical task performed by an autonomous or semi-autonomous robotic system, nor does it compare such systems to human-controlled or manual surgery. The content is purely educational and does not meet the inclusion criteria for the systematic review."
30,3273,"both passes include, excluded later at abstract (verifier or PI)",1867,0,5481,1,exclude,exclude,ABSTRACT_SCREENED_OUT,out,include,include,in,0,qwen3:8b,"The paper describes a robotic system for retinal vein cannulation, which falls under ophthalmic surgery. Ophthalmic surgery is explicitly excluded in the specialty scope.","The paper describes a robotic system for retinal vein cannulation, which falls under ophthalmic surgery. Ophthalmic surgery is explicitly excluded in the specialty scope."
31,3721,both passes exclude,925,0,4490,1,exclude,exclude,ABSTRACT_SCREENED_OUT,out,exclude,exclude,out,1,qwen3:8b,"The paper focuses on soft actuator motion, design, manufacturing, and applications, but it does not involve autonomous or semi-autonomous surgical robotic systems performing physical surgical tasks on tissue, phantoms, or in-vivo models. It is a general review of soft robotics and does not meet the inclusion criteria for the systematic review on autonomy in surgical robotics.","The paper focuses on soft actuator motion, design, manufacturing, and applications, but it does not involve autonomous or semi-autonomous surgical robotic systems performing physical surgical tasks on tissue, phantoms, or in-vivo models. It is a general review of soft robotics and does not meet the inclusion criteria for the systematic review on autonomy in surgical robotics."
32,4455,both passes exclude,1290,0,4929,1,exclude,exclude,ABSTRACT_SCREENED_OUT,out,exclude,exclude,out,1,qwen3:8b,"The paper focuses on nanorobotics in medicine, specifically mentioning applications in drug delivery, minimally invasive surgery, and cell manipulation. However, it does not mention autonomous or semi-autonomous surgical robotic systems performing physical surgical tasks on tissue, phantoms, or in-vivo models. The review is broader and does not meet the specific inclusion criteria for the systematic review on autonomy in surgical robotics.","The paper focuses on nanorobotics in medicine, specifically mentioning applications in drug delivery, minimally invasive surgery, and cell manipulation. However, it does not mention autonomous or semi-autonomous surgical robotic systems performing physical surgical tasks on tissue, phantoms, or in-vivo models. The review is broader and does not meet the specific inclusion criteria for the systematic review on autonomy in surgical robotics."
33,5188,both passes exclude,1381,0,5012,1,exclude,exclude,ABSTRACT_SCREENED_OUT,out,exclude,exclude,out,1,qwen3:8b,"The paper focuses on histological analysis of tumor-adjacent epithelial cells in HPV-positive oropharyngeal cancer patients, using brush biopsies and nuclear morphology features. It does not involve autonomous or semi-autonomous surgical robotic systems performing physical surgical tasks. The study is non-surgical and does not meet the inclusion criteria for the review on autonomy in surgical robotics.","The paper focuses on histological analysis of tumor-adjacent epithelial cells in HPV-positive oropharyngeal cancer patients, using brush biopsies and nuclear morphology features. It does not involve autonomous or semi-autonomous surgical robotic systems performing physical surgical tasks. The study is non-surgical and does not meet the inclusion criteria for the review on autonomy in surgical robotics."
34,5916,both passes exclude,1000,0,4550,1,exclude,exclude,ABSTRACT_SCREENED_OUT,out,exclude,exclude,out,1,qwen3:8b,"The paper focuses on oncological outcomes and quality of life after rectal cancer surgery, with no mention of autonomous or semi-autonomous surgical robotic systems. It discusses laparoscopic, robotic, and transanal TME surgery but does not describe any autonomous robotic component that controls or directs a physical robot to execute a surgical action. The abstract does not meet the inclusion criteria for the review.","The paper focuses on oncological outcomes and quality of life after rectal cancer surgery, with no mention of autonomous or semi-autonomous surgical robotic systems. It discusses laparoscopic, robotic, and transanal TME surgery but does not describe any autonomous robotic component that controls or directs a physical robot to execute a surgical action. The abstract does not meet the inclusion criteria for the review."
35,6668,both passes exclude,1647,0,5327,1,exclude,exclude,ABSTRACT_SCREENED_OUT,out,exclude,exclude,out,1,qwen3:8b,"The paper describes a randomized controlled trial comparing two surgical approaches for dissection of the inferior mesenteric vessels during rectal cancer surgery. It does not involve any autonomous or semi-autonomous surgical robotic systems. The study is focused on human-performed surgical techniques and does not meet the inclusion criteria for the review, which requires the involvement of autonomous or semi-autonomous robotic systems performing physical surgical tasks.","The paper describes a randomized controlled trial comparing two surgical approaches for dissection of the inferior mesenteric vessels during rectal cancer surgery. It does not involve any autonomous or semi-autonomous surgical robotic systems. The study is focused on human-performed surgical techniques and does not meet the inclusion criteria for the review, which requires the involvement of autonomous or semi-autonomous robotic systems performing physical surgical tasks."
36,7380,both passes exclude,1226,0,4831,1,exclude,exclude,ABSTRACT_SCREENED_OUT,out,exclude,exclude,out,1,qwen3:8b,"The paper focuses on spacecraft orbit and attitude coordination using dual quaternion and control algorithms, which is unrelated to surgical robotics or autonomous/semi-autonomous surgical systems. It does not involve any surgical tasks, robotic systems used in surgery, or any of the specified outcomes related to autonomy in surgery.","The paper focuses on spacecraft orbit and attitude coordination using dual quaternion and control algorithms, which is unrelated to surgical robotics or autonomous/semi-autonomous surgical systems. It does not involve any surgical tasks, robotic systems used in surgery, or any of the specified outcomes related to autonomy in surgery."
37,8121,both passes exclude,2157,0,5727,1,exclude,exclude,ABSTRACT_SCREENED_OUT,out,exclude,exclude,out,1,qwen3:8b,"The paper focuses on the role of artificial intelligence in the management of lung cancer, primarily discussing diagnostic and therapeutic applications. However, it does not involve autonomous or semi-autonomous surgical robotic systems performing physical surgical tasks on tissue, phantoms, or in-vivo models. The study is a narrative review rather than a peer-reviewed original research paper involving surgical robotics. Additionally, it does not meet the inclusion criteria for surgical robotics as it does not describe any autonomous or semi-autonomous robotic component controlling or directing a physical robot to execute a surgical action.","The paper focuses on the role of artificial intelligence in the management of lung cancer, primarily discussing diagnostic and therapeutic applications. However, it does not involve autonomous or semi-autonomous surgical robotic systems performing physical surgical tasks on tissue, phantoms, or in-vivo models. The study is a narrative review rather than a peer-reviewed original research paper involving surgical robotics. Additionally, it does not meet the inclusion criteria for surgical robotics as it lacks any mention of autonomous or semi-autonomous robotic components controlling or directing a physical robot to execute a surgical action."
38,8754,abstract under 200 characters (E5),1,0,3591,1,exclude,exclude,ABSTRACT_SCREENED_OUT,out,exclude,exclude,out,1,qwen3:8b,"The title indicates that the paper is a collection of abstracts from a conference meeting, and the abstract section is empty. There is no information provided to determine if the paper meets the inclusion criteria. The paper does not describe any autonomous or semi-autonomous surgical robotic system performing physical surgical tasks. It is also not a peer-reviewed original research article.","The title indicates that the paper is a collection of abstracts from a geriatrics society meeting, which is not a peer-reviewed original research paper. It also lacks an abstract or content that describes any surgical robotic system or autonomous task."
39,9682,passes disagreed,780,0,4366,1,exclude,exclude,ABSTRACT_SCREENED_OUT,out,exclude,include,flagged,0,qwen3:8b,"The paper describes a method for robotic manipulator extraction using stereoscopic vision, but it does not mention any level of surgical autonomy (Levels 1–5) or autonomous/semi-autonomous robotic systems performing physical surgical tasks. The focus is on computer vision and augmented reality enhancements rather than autonomous surgical robotics. There is no indication of a physical surgical task being performed by an autonomous or semi-autonomous robotic system.","The paper describes a method for robotic manipulator extraction using stereoscopic vision, but it does not mention any level of surgical autonomy (Levels 1–5) or autonomous/semi-autonomous robotic behavior in executing a physical surgical task. The focus is on computer vision and augmented reality enhancements rather than autonomous surgical robotics performing physical surgical actions. Therefore, it does not meet the inclusion criteria for the review."
40,9688,"both passes include, excluded later at abstract (verifier or PI)",2244,0,5829,1,exclude,exclude,ABSTRACT_SCREENED_OUT,out,include,include,in,0,qwen3:8b,"The paper describes robotic assistance in spinal surgery but does not mention any level of autonomy (Levels 1–5 per the Yang et al. taxonomy). The robotic system described appears to be a teleoperated system rather than an autonomous or semi-autonomous one, as the robot is used for automated intraoperative positioning based on preoperative planning, without indicating control or direction of the robot's actions by the system itself. The focus is on robotic assistance under human control, not on autonomous task execution.","The paper describes robotic assistance in spinal surgery but does not mention any level of autonomy (Levels 1–5 per the Yang et al. taxonomy). The robotic system described appears to be a teleoperated system rather than an autonomous or semi-autonomous one, as the robot is used for automated intraoperative positioning based on preoperative planning, without indicating control or direction of the robot's actions by the system itself. The focus is on robotic assistance under human control, not on autonomous task execution. Therefore, it does not meet the inclusion criteria for autonomy in surgical robotics."
41,9719,both passes exclude,1040,0,4581,1,exclude,exclude,ABSTRACT_SCREENED_OUT,out,exclude,exclude,out,1,qwen3:8b,"The paper focuses on the role of robotic surgery in colorectal cancer, specifically discussing the Da Vinci system and its advantages over traditional laparoscopy. However, it does not mention any level of surgical autonomy (Levels 1–5) or any autonomous or semi-autonomous robotic component that controls or directs a physical robot to execute a surgical action. The paper appears to describe teleoperated robotic surgery rather than autonomous or semi-autonomous systems. Therefore, it does not meet the inclusion criteria for the review.",The paper discusses robotic surgery in colorectal cancer but does not mention any level of autonomy in the surgical robotic systems. It focuses on the Da Vinci system's advantages over traditional laparoscopy without describing autonomous or semi-autonomous robotic components that control or direct a physical robot to execute a surgical action. The abstract does not meet the inclusion criteria for autonomy in surgical robotics.
42,10039,no abstract (E5),0,1,3763,1,exclude,exclude,ABSTRACT_SCREENED_OUT,out,exclude,exclude,out,1,qwen3:8b,"The title indicates the paper is focused on engineering elastohydrodynamic friction on soft substrates through surface patterning and porous microstructures, which is unrelated to surgical robotics or autonomous/semi-autonomous surgical systems. There is no mention of surgical tasks, robotic systems, or autonomy in the title. Since the abstract is not available, we cannot determine if the paper meets the inclusion criteria, but the title alone suggests it does not align with the review focus.","The title indicates the paper is focused on engineering elastohydrodynamic friction on soft substrates through surface patterning and porous microstructures, which is unrelated to surgical robotics or autonomous/semi-autonomous surgical systems. There is no mention of surgical tasks, robotic systems, or autonomy in the title. Since the abstract is not available, we cannot determine if the paper meets the inclusion criteria, but the title alone suggests it does not align with the review focus."
