paper_id,parsed_text_version,parsed_text_sha256,text_chars,n_units,pass1_request_chars,pass1_chars_over_text,est_tokens_low_x0.19,est_tokens_x0.2419,share_of_ceiling_x0.2419,precall_refusal_expected,postcall_truncation_expected_x0.2419,docling_comments,eol_hyphens,soft_hyphens,ligatures,multi_version,unit_map_build_s,has_pmid,has_doi
9,1,356d9dbe3e840f4a8a01915e5162f550cfcccd96816c8c56ad6957d978b3d7f3,78127,538,113053,1.447,21480,27348,0.2086,0,0,6,0,0,0,,0.58,1,1
11,1,8e01895288b44a947ffb646509e713104de8df277108b9cc0efd9aa186d6f8b5,156196,1491,195040,1.2487,37058,47180,0.36,0,0,27,0,0,0,,1.27,0,1
12,1,420de05443b3cdf693474f2425426d1855436b61f4a31ba59aa4188d59928a2e,38329,355,71622,1.8686,13608,17325,0.1322,0,0,20,0,0,0,,0.15,0,1
14,1,3381b90a24da12a632241912c020150cb66cabb381252b0eeae9efc0e9af31ad,24640,253,57239,2.323,10875,13846,0.1056,0,0,22,0,0,0,,0.09,0,1
15,1,2092160edeadc49838593fd73937531725bd2641c4d09cd56bf8b19569850152,85409,665,120153,1.4068,22829,29065,0.2217,0,0,60,0,0,0,,0.43,0,1
17,1,be97c1f85106011930bc5a175e25a718ad9e1b8a8589db14f7e6be947358698e,33601,259,66291,1.9729,12595,16036,0.1223,0,0,19,0,0,0,,0.09,0,1
22,1,7736ec74eea307591e2f17e80fdd0180777ae72339527b55ed055389a0056dda,71344,505,105647,1.4808,20073,25556,0.195,0,0,22,0,0,0,,0.21,0,1
24,1,5daff1c83ab16e11a194c2f4ba3e9e83e49109fbe144d0e00f4afee458e23550,20949,193,53413,2.5497,10148,12921,0.0986,0,0,9,0,0,0,,0.08,0,1
39,1,f3638a40ad25483ecf19e60d07182efff8336bde772980a8c4797ed5b621a5d2,86358,678,121964,1.4123,23173,29503,0.2251,0,0,9,0,0,0,,0.24,1,1
67,1,db1d83c0935392ba796234e9f2e42e3133b5ba029edd94ac3390ceb2571c2080,49210,450,82919,1.685,15755,20058,0.153,0,0,35,0,0,0,,0.18,0,1
78,1,9d04c4a30f4d5b480e5a27cba2fb126a9a75418527be75494af64ca0a92d7bdf,57633,460,91948,1.5954,17470,22242,0.1697,0,0,10,0,0,0,,0.21,0,1
81,1,91c6f8a19996a76c99baef5d0fbbcf0d1ad6de30a43a1e66817890d5ea0e5d87,48004,349,81560,1.699,15496,19729,0.1505,0,0,10,0,0,0,,0.17,0,1
82,1,1f73cd74dde3069608be3250e70ae85559f38db2db8add072bbd84315a0dfe03,53317,421,87126,1.6341,16554,21076,0.1608,0,0,17,0,0,0,,0.19,0,1
102,1,45531b960920667b0eebc23918e6687facfe59143f811216163301b30d797f98,35187,273,68240,1.9394,12966,16507,0.1259,0,0,7,0,0,0,,0.09,0,1
121,1,2eff45aa80e1eee6eff579d8fdfb42cf317d386aff871c72801734314391ca13,21348,152,53602,2.5109,10184,12966,0.0989,0,0,7,0,0,0,,0.06,0,1
132,1,b93ea60743af03ee75c45d168107afdb10586895b754ec6199e5ab78bdd82946,43198,325,76442,1.7696,14524,18491,0.1411,0,0,14,0,0,0,,0.13,0,1
252,2,8fb6d7d7ed8e4f64324213ad27b3efd7dd7228330c54b2d9e731678f50cc5bf5,58719,514,93276,1.5885,17722,22563,0.1721,0,0,16,0,0,0,,0.23,1,1
262,2,357a26033954aa85540d4d036a4088fcd9c1c94c2355c87afb7223375d5b21d2,31228,271,63735,2.041,12110,15417,0.1176,0,0,31,0,0,0,,0.1,1,1
268,2,fe2a3a26f74f9db1a3022ebce294c8e542443d6f16b14f5f2fc90105e8c17fee,22661,174,54509,2.4054,10357,13186,0.1006,0,0,26,0,0,0,,0.09,1,1
277,2,a0d803027cc02aedfacdc46511ce662c11a0fe18442cbcbe2f67116b4a7b385b,86455,744,122286,1.4144,23234,29581,0.2257,0,0,12,0,0,0,,0.72,1,1
281,2,402b9fba5108e8b2b1ee8c3e3c6ef6bcb9fb860c0f52d17d1faeca9c38f03ca0,82853,850,119778,1.4457,22758,28974,0.2211,0,0,13,0,0,0,,0.82,1,1
286,2,5a2e3a37359a49a064e148db84f6b48257626c5fa632791776b8fbeaab8b692f,59089,427,92693,1.5687,17612,22422,0.1711,0,0,26,0,0,0,,0.26,1,1
292,2,384086766a85ea6f6bce6e638cc82b5f16b240952ea1333a3a4c16402b44f5d5,60770,506,94977,1.5629,18046,22975,0.1753,0,0,24,0,0,0,,0.33,1,1
295,2,8b5e6aad703cc6022b5b43f761e9ca5834c3ca2da2bcc5f7038d72c912e23149,51670,613,87168,1.687,16562,21086,0.1609,0,0,6,0,0,0,,0.21,1,1
296,2,e9b1b9484689314655d836d7a7038cd1c9df9a931cfbc33f88a178a4f3497ba4,78931,752,114394,1.4493,21735,27672,0.2111,0,0,36,0,0,0,,0.2,1,1
297,2,4acbd31bbdd0bb571313d4af01f841fed21e54acfd68a50a3dc50ced49e8a962,56544,471,90841,1.6066,17260,21974,0.1677,0,0,17,0,0,0,,0.32,1,1
318,2,0d13f6b626ac4a8af5e1f6f21234da7b0c1a031f24b8aeb3c5d7aa711e5b4428,32612,301,65598,2.0115,12464,15868,0.1211,0,0,19,0,0,0,,0.1,1,1
323,2,e1a00c460248242a0ee6adbec2c7c9a31e4dde875e8d13addb6f546b8e423c47,32164,292,65267,2.0292,12401,15788,0.1205,0,0,14,0,0,0,,0.17,1,1
346,2,dbbda92b3381242a716389a8a96c16d3453fc42047a7a94c6c6daaa702f0912b,39232,293,72484,1.8476,13772,17534,0.1338,0,0,2,0,0,0,,0.19,1,1
347,2,2e5c5248ca3d257f3ad9c3add2cd55d7d173b5f91c2579a54dc9e778116dc3e8,72517,548,107452,1.4817,20416,25993,0.1983,0,0,9,0,0,0,,0.52,1,1
364,2,cb60602428968343c7a9eed14f82281738f9c4d38d19f76a3ba263de6f018acf,37942,299,70950,1.87,13480,17163,0.1309,0,0,21,0,0,0,,0.23,1,1
366,2,09a1ebaa2bb5388b30de14f8876980b0214602fc1278eed823a694f51af052ec,77732,661,113278,1.4573,21523,27402,0.2091,0,0,15,0,0,0,,0.25,1,1
368,2,dc407b8314caab8617642bf5948f8add6073c00a52e3b93e575b714c01328742,55731,1082,94572,1.6969,17969,22877,0.1745,0,0,10,8,0,92,,0.14,1,1
370,2,7c9405aea62f2165f69ed2a8129c9fb1154d6d397733e55e3321ea546710a4ef,48165,373,81459,1.6912,15477,19705,0.1503,0,0,25,0,0,0,,0.17,1,1
376,2,0c8db4d20df179123bd396108ab980c3e7021150402bfaa6b24755dbd87ffc65,45637,342,78773,1.7261,14967,19055,0.1454,0,0,21,0,0,0,,0.1,1,1
378,2,5ec78fed5d94051d27429eb14a008333ecd77914906a5c4276e5059fd35d0f86,44463,868,81723,1.838,15527,19769,0.1508,0,0,10,1,0,91,,0.16,1,1
380,2,3d666cb1cb8578e8043a308c181152fd1df4d52961c357641a74a07d9c69e0c5,38341,362,72064,1.8796,13692,17432,0.133,0,0,7,0,0,0,,0.16,1,1
383,2,4b4517ea410d8d3bfc0944e140d23cbb9d74c9f730e2d79fff4c75b187791bd6,54857,486,89289,1.6277,16965,21599,0.1648,0,0,14,0,0,0,,0.28,1,1
386,2,f18a35937321ed6a2b8d51bdb397612f8824033e933893f6b3d8d1653036a0de,35314,294,68303,1.9342,12978,16522,0.1261,0,0,18,0,0,0,,0.12,1,1
388,2,7b5e495e6df685080aa401a30af38f257e412f66b94a85a87a92ab10d03d4575,48425,390,82163,1.6967,15611,19875,0.1516,0,0,14,0,0,0,,0.25,1,1
392,2,0adf652d16eed304df79bcef969291f85008e48c720b37552a0e9af760ecbd79,33751,260,66818,1.9797,12695,16163,0.1233,0,0,3,0,0,0,,0.16,1,1
395,2,83caeb0e2205545839dce2a8544126f4f9178d0b9e648d063c94df243650dc32,60191,493,94441,1.569,17944,22845,0.1743,0,0,25,0,0,0,,0.33,1,1
400,2,87da91786e6b793f25d3504059a05918849b9cadaf42350423a7a9d65151c686,48389,492,81867,1.6919,15555,19804,0.1511,0,0,47,0,0,0,,0.25,1,1
402,2,ac5777bc43b480e9800272a498d1224b659814ef3dff4a7d6148beb0d0611d63,60051,392,93106,1.5504,17690,22522,0.1718,0,0,47,0,0,0,,0.34,1,1
405,2,a6d7863ec94bf9b3d9cd5b4603ab56d841137aefda57530f0b0f9f7be1732493,43109,353,75500,1.7514,14345,18263,0.1393,0,0,59,0,0,0,,0.21,1,1
406,2,c03950c0e2b6284b4fc0964d59122db2a1b88631635e82d66cbebd91725195d6,42699,317,74816,1.7522,14215,18098,0.1381,0,0,58,0,0,0,,0.21,1,1
407,2,60747a2bff16de4d6a767a962b0de3a5f1314f04b8c9d2568f75b34fadb534fa,35096,343,68227,1.944,12963,16504,0.1259,0,0,32,0,0,0,,0.19,1,1
409,2,e3d30eaeac3e7c43ca8c97b204f4ecb44992256a4f26004479453d87464cd0ad,45715,373,77942,1.705,14809,18854,0.1438,0,0,68,0,0,0,,0.16,1,1
411,2,4e3b19733b26b61b16b62539bbd8bc80a02de972f11294b65c6782d300595b34,49876,433,83869,1.6816,15935,20288,0.1548,0,0,15,0,0,0,,0.21,1,1
415,2,09933a869b91a816776452152ea70d244a334b72f626ce0a7a9b3e42f176af8a,1771635,17058,1925081,1.0866,365765,465677,3.5528,1,1,671,0,0,0,,27.64,1,1
431,2,3c9924328f81971c44086e3aa42ea6f3db819ecf5962b79b381c27ceb33597f4,38170,369,70633,1.8505,13420,17086,0.1304,0,0,60,0,0,0,,0.24,1,1
432,2,a9e1b21a0291bc62da786e8879a6baedff23acdb93876a83f8a3ccdc58a26440,50790,357,83945,1.6528,15950,20306,0.1549,0,0,31,0,0,0,,0.15,1,1
433,2,ee8118c6a89dc109e878f259cf72ecdcec1a8aa162d62ef078e6740386a2b8fe,48629,446,82301,1.6924,15637,19909,0.1519,0,0,35,0,0,0,,0.18,1,1
434,2,98c92c17392a9c0c0d10bb0d6a17bd761eba15d06f083ad67b0974ccbbf8d149,45849,349,79347,1.7306,15076,19194,0.1464,0,0,12,0,0,0,,0.19,1,1
439,2,29fd244ac192bb63885e78e9fdbad793e8d32d6a2b2460005a60514c9dca4da7,51239,423,85217,1.6631,16191,20614,0.1573,0,0,11,0,0,0,,0.15,1,1
442,2,b2b4929b10d3e0dfd6e83cce436ef2819edb191a72dbd72a046fee0bf58cbcfa,50576,468,83897,1.6588,15940,20295,0.1548,0,0,54,0,0,0,,0.17,1,1
445,2,5513ca3a17d05f098a71b510c889c6928746feee177dd08c8a771e0c6953de89,54424,485,88988,1.6351,16908,21526,0.1642,0,0,5,0,0,0,,0.32,1,1
449,2,5c2034be534ebe7b7b73c3482335b61c3b89d8235496484b21e792f15108615c,34161,304,67004,1.9614,12731,16208,0.1237,0,0,22,0,0,0,,0.09,1,1
453,2,86966f6e558dec379f37d9eb53fe3754f036dce14c9e6893c94f61629777b8c7,31303,324,64296,2.054,12216,15553,0.1187,0,0,23,0,0,0,,0.09,1,1
455,3,71d3448949a0952d4c08dd0b5ada3b6889115b534b5993d16636ce94916c6e51,52403,369,85435,1.6303,16233,20667,0.1577,0,0,34,0,0,0,"2,3",0.16,1,1
457,2,edcea3adbaa570ed2f170049874cedfe890ebfa7f133350f4c4515d86d321547,26586,369,60320,2.2689,11461,14591,0.1113,0,0,8,0,0,0,,0.09,1,1
458,2,f410f35b1c36d6531749c6b29448b1b16a7d5ca519059d35c54a2fca348c5749,61301,468,95042,1.5504,18058,22991,0.1754,0,0,33,0,0,0,,0.44,1,1
459,2,54ae8ab0ca332e0f79ac3a9cfda6cf4e37f85187e25e689546d33b3088fc0ce9,82860,675,116738,1.4089,22180,28239,0.2154,0,0,77,0,0,0,,0.32,0,1
460,2,15631d1b26336674bebdfe3edebc97485bd814c18e7998497a161a00505c0503,44688,378,78304,1.7522,14878,18942,0.1445,0,0,12,0,0,0,,0.13,0,1
461,2,6cb4cb5d4af06a4170e4b6d02b092ca8155008aa31df727f1867132acce52bef,37337,305,70612,1.8912,13416,17081,0.1303,0,0,10,0,0,0,,0.11,0,1
462,2,f57e9a77c6d24271e63f1f627b85078b5fcc9a3329108177101026b74315c146,35236,401,68518,1.9445,13018,16575,0.1265,0,0,34,0,0,0,,0.12,0,1
463,2,4515c71c7ae455f27b6243154d096653e9bcd5d525074c4731cd80808790dc7e,34259,348,66918,1.9533,12714,16187,0.1235,0,0,38,0,0,0,,0.08,0,1
464,2,5eca2899363938ec7cfec0a2f175dba13bf877477505e92fe6d62de27bc2837d,42778,447,76635,1.7915,14561,18538,0.1414,0,0,27,0,0,0,,0.25,0,1
466,2,907c362c40085363e1124fdcb7c5c44617f0769fceb6eafc445c2b3d8ed744db,44175,427,77753,1.7601,14773,18808,0.1435,0,0,24,0,0,0,,0.13,0,1
467,2,c303ab36c36ddc6b07649d38da8c144b5afcaa21b9f8bb5d51bd111c0dfa67ce,61473,584,95861,1.5594,18214,23189,0.1769,0,0,39,0,0,0,,0.25,0,1
470,2,19f4394f77505a1db0508b57811dacc12f387ce18c695cf16dc27e642eeac436,34849,323,68102,1.9542,12939,16474,0.1257,0,0,12,0,0,0,,0.11,0,1
472,2,96e8cdf7a7fb8e49a55f5da33f14a8bf4a7080c60a6d99ed0f7e918a7f05f560,38262,356,71827,1.8772,13647,17375,0.1326,0,0,11,0,0,0,,0.14,0,1
473,2,205315041b78c0d7f65cbe6575db30c670752f214be53aa5599f1cacb382f4d8,25025,207,57669,2.3045,10957,13950,0.1064,0,0,7,0,0,0,,0.06,0,1
474,2,738ca1531cbb791d696d42ae4b6dd9089d34703d730d58fd3d21bb62edcf5860,46069,343,79539,1.7265,15112,19240,0.1468,0,0,11,0,0,0,,0.14,0,1
475,2,b72433061c6dd0deb413e4851ab319c02177bb7393e544ad776ed530a5c7de67,32176,243,64961,2.0189,12343,15714,0.1199,0,0,11,0,0,0,,0.1,0,1
476,2,6bc33f7cedb583b7b94f3642b5e376a60d825941334428162823c5f2a16eea38,43427,342,76442,1.7602,14524,18491,0.1411,0,0,25,0,0,0,,0.12,0,1
477,2,ae0a5c90c6a271a8ac5009d34328b2c7b52f29487693cb692b5231c41a8cc404,46178,435,80319,1.7393,15261,19429,0.1482,0,0,10,0,0,0,,0.12,0,1
478,2,4e3ed0c822789f8a978a689fab75c2ffe0327a20e715b65643b6f5fb62152b55,45844,411,79862,1.742,15174,19319,0.1474,0,0,9,0,0,0,,0.15,0,1
480,2,1fee86d57b5a6f0b050cae1fe80d299bc5f35568c49299ce9a5c8dd7898225ee,54828,505,88649,1.6169,16843,21444,0.1636,0,0,42,0,0,0,,0.21,0,1
485,2,51566b8aa105b90556dcbd15cb8632e181530f9c869835725ccd3fc96a09dc0f,37544,336,70774,1.8851,13447,17120,0.1306,0,0,20,0,0,0,,0.14,0,1
486,2,a7c35df36e7bbfc6a8582871032a5e86dc4ef2f8d100b9266c64c37e5cc3840a,42550,417,76612,1.8005,14556,18532,0.1414,0,0,8,0,0,0,,0.2,0,1
487,2,27c703f0bb81c63a560106b001fe0c5bab11ab5585111ec8f4d593a4f90880d8,78137,550,112777,1.4433,21428,27281,0.2081,0,0,25,0,0,0,,0.69,0,1
488,2,554b73271c66b50c18e6c3232fd425b613c0f0627d6fb8870ff0b714490d2121,32780,339,65792,2.0071,12500,15915,0.1214,0,0,27,0,0,0,,0.14,0,1
489,2,1a13678a1249d3a580883e05adce447c34889064aa82a26dfc9da4dd986a24ad,49948,502,84564,1.693,16067,20456,0.1561,0,0,8,0,0,0,,0.12,0,1
491,2,c95e7f4f558ae7e409c70243b6fa349b33fd6fe66dd321e2eac39f4810db7dfd,10129,87,41997,4.1462,7979,10159,0.0775,0,0,4,0,0,0,,0.03,0,1
492,2,f82be48301e99a2037542e85bc9d8a125f55420767d5c146b8d137d2ed0fc6c8,47719,403,81497,1.7079,15484,19714,0.1504,0,0,13,0,0,0,,0.15,0,1
493,2,a781ae4250abb528cfb838dadc4945dbfcd976db875f7b799ee8c87af6ea9444,71700,606,106154,1.4805,20169,25679,0.1959,0,0,44,0,0,0,,0.31,0,1
497,2,05282ea8398b83715e44a79154339add2e55427bdaa8cb0b77e6b2b651d16d31,32197,294,65175,2.0243,12383,15766,0.1203,0,0,16,0,0,0,,0.11,0,1
498,2,3ff539a382b63237b0e3f5facc9fbfbc64a15572b78835c7c724b12101d51dcd,148805,1064,185509,1.2467,35247,44875,0.3424,0,0,79,0,0,0,,0.7,0,1
502,2,3a0265832d3e79979720d2641860a17841ba23fd5e49591fb127f39abdcec952,42068,371,75351,1.7912,14317,18227,0.1391,0,0,22,0,0,0,,0.1,0,1
504,2,bf855a045bb9f29ccfa70517a746b81fda19121a09ea5c0c6c03748ceec048a5,40937,418,74536,1.8207,14162,18030,0.1376,0,0,32,0,0,0,,0.25,0,1
507,2,78e17f6fb93bb5e531ae6379af37bef025f93fbbcd984d45a6886281f738dc13,32041,278,64351,2.0084,12227,15567,0.1188,0,0,38,0,0,0,,0.11,0,1
509,2,9e4cece9712c3b01cd856ddc17ffa3005f3aa75d33d26104b31be4f8ceba1dd5,40347,330,73832,1.8299,14028,17860,0.1363,0,0,7,0,0,0,,0.1,0,1
511,2,65fb1f9bf5f93c62b1265c25a55f043e0e85e7aa0fba4039cfb927065a0ec0f5,82257,682,117124,1.4239,22254,28332,0.2162,0,0,44,0,0,0,,0.27,0,1
513,2,36aee5e8b28cb1c0187bd742eb52edaf29383c004082675bcd65eb06b53c9a50,34043,302,66910,1.9655,12713,16186,0.1235,0,0,25,0,0,0,,0.12,0,1
514,2,d578b4be0c250712e4e8e986fe06144c6b9d861c3911691a33020da10874183e,47755,319,81138,1.699,15416,19627,0.1497,0,0,8,0,0,0,,0.13,0,1
515,2,70b0f4af57e97e1f623e85c9f85292a9cbd59a6444eb03006ccdf98e9c7eb5a9,37968,299,71134,1.8735,13515,17207,0.1313,0,0,11,0,0,0,,0.1,0,1
516,2,26f9dc02d5adac5cd578c01f3de1afda5ea24114254f373aaf1ed670cec55660,40806,338,74301,1.8208,14117,17973,0.1371,0,0,10,0,0,0,,0.13,0,1
517,2,89214af45c1889a5ac9c660d2d8f5c5a68548df815224baca097fc3775de1335,31731,244,64558,2.0345,12266,15617,0.1191,0,0,9,0,0,0,,0.09,0,1
519,2,3a3504f1682667f2b5e28ad0df4a27802f99df64b1e4ba56ede013cd34f47803,30809,237,63056,2.0467,11981,15253,0.1164,0,0,27,0,0,0,,0.09,0,1
522,2,65b253ac58f761c631122285aeafaa48c51ee82625fa85038ad301d5444186d6,65182,551,99897,1.5326,18980,24165,0.1844,0,0,18,0,0,0,,0.26,0,1
526,2,e757d97a1472fbc2ac8b9968e9004a16bb5681d3f129e9c21902619d975e8e88,74496,588,109183,1.4656,20745,26411,0.2015,0,0,24,0,0,0,,0.21,0,1
528,2,2583e8268cdc02a50992cc923575db64cd271cef1c792f166f0381955ac5be67,30228,252,62842,2.0789,11940,15201,0.116,0,0,19,0,0,0,,0.09,0,1
532,2,33a1542415b7cde98c936dc742077c4568e13be8dfd17268071db9bcca1d99a7,57232,527,91571,1.6,17398,22151,0.169,0,0,22,0,0,0,,0.18,0,1
534,2,73cfbabe5fcfc56f704364392228120c5037f7fcee2002919e4288af28edb215,43869,387,76927,1.7536,14616,18609,0.142,0,0,49,0,0,0,,0.17,0,1
536,2,11530ddfb95956fb70298edeff19e47b0812d777551c650ebf0c5448e9852e42,56296,481,90413,1.606,17178,21871,0.1669,0,0,23,0,0,0,,0.21,0,1
537,2,9543cf54358a01282fe3d05fbf99e4fde58a0de4ca25ef542d08bd00e53fef9d,36202,309,69377,1.9164,13182,16782,0.128,0,0,14,0,0,0,,0.14,0,1
538,2,f5e17c17ff812cb6cbdcbe64d8ea566e3958c9aafa819315db4fff667d5c2855,45311,455,79525,1.7551,15110,19237,0.1468,0,0,12,0,0,0,,0.1,0,1
541,2,fd0c196fe262bccc740a029327b65564d98d631e7ed94760db4ead9204417dd0,36624,330,69931,1.9094,13287,16916,0.1291,0,0,15,0,0,0,,0.12,0,1
542,2,87695dd8c9fcce3ad76d1edefb1bc61ea6dec1c50adcf1cefe77b566cd877ee6,40128,317,73297,1.8266,13926,17731,0.1353,0,0,15,0,0,0,,0.11,0,1
543,2,bace20391971885901e18069337d1f981f44585c2dae73e2cbe56d23ebbfc68f,66027,537,100495,1.522,19094,24310,0.1855,0,0,26,0,0,0,,0.23,1,1
546,2,ec506ac2d5960b77abe4d7ab8ef013054da31bf9a4ae1e8375a8baa4676c9061,64331,518,98842,1.5365,18780,23910,0.1824,0,0,21,0,0,0,,0.24,0,1
548,2,40e601eb33dc291011f89e3df7321097de47e342d57b57f0db72d201f191b545,36841,325,70040,1.9011,13308,16943,0.1293,0,0,21,0,0,0,,0.13,0,1
549,2,8f0cde03cc434afd16303a5a075aba49ff6e2e6ebcd195cc0dd4f4dda5c3d374,35197,310,68337,1.9416,12984,16531,0.1261,0,0,14,0,0,0,,0.14,0,1
550,2,ec3ee40fe72c9216f7a73720edd578a048c2370c5e77fef27f7d6f34d8483f7a,45059,357,78724,1.7471,14958,19043,0.1453,0,0,7,0,0,0,,0.12,0,1
553,2,f2640acd15307d5543c5d638a7ad5ad7252609d34e90984c806791e209041e33,32063,277,64593,2.0146,12273,15625,0.1192,0,0,27,0,0,0,,0.1,0,1
554,2,268490da67f612a49a8be73ccde2fb02455e719747b2752792ec237b900cd200,31654,310,63758,2.0142,12114,15423,0.1177,0,0,48,0,0,0,,0.1,0,1
556,2,58f6ecde131ef148a909ad495b8763d340c246cf3069ae7787b1ef187f14708b,20949,173,53176,2.5384,10103,12863,0.0981,0,0,15,0,0,0,,0.05,0,1
557,2,1651c3c4089e2a9e4d253976fda08e8d84322424fbf96c50ca7efa6ebc015618,49650,467,83640,1.6846,15892,20233,0.1544,0,0,22,0,0,0,,0.18,0,1
562,2,6560b30bc1ff34c79024d61466bc8af5b2e39e361e670fbccb97861e8b73cfaf,39818,451,73381,1.8429,13942,17751,0.1354,0,0,27,0,0,0,,0.25,0,1
566,2,827ed6690b8061ec7c96b09d67a772466836e60943f577360f796d321d1953d3,32104,251,64945,2.023,12340,15710,0.1199,0,0,9,0,0,0,,0.07,0,1
568,2,898060ff741ad57cd4f55c8751387eb53a065ab71e4ae1c802e6fe275a2dd0a3,48653,511,83206,1.7102,15809,20128,0.1536,0,0,14,0,0,0,,0.14,1,1
570,2,ea9de45bfefe02f881c7eac109a0ac899f8de01ed0f9fe446ba75f686bbeb065,39288,315,72405,1.8429,13757,17515,0.1336,0,0,15,0,0,0,,0.12,0,1
572,2,ef9fa9d0ebaadd9bf08f354aaa90507c3d5663449cc830687a0bb605555b37e8,36226,385,70140,1.9362,13327,16967,0.1294,0,0,5,0,0,0,,0.11,0,1
574,2,5ad1a0a9fc320e9420683fad7e66b33adb39347fe63d6a8642f253350eeaefbe,39576,375,72951,1.8433,13861,17647,0.1346,0,0,22,0,0,0,,0.15,0,1
576,2,90e61bcd2e6151e7f410ea6b4820dade40660b5cbc6f01da30e6b7c3737f134b,20415,152,52599,2.5765,9994,12724,0.0971,0,0,8,0,0,0,,0.05,0,1
577,2,a91d877503b23b615e46db56ff4208d7cb5746463196c91ad76f5074978c267d,30938,270,63803,2.0623,12123,15434,0.1178,0,0,13,0,0,0,,0.09,0,1
580,2,68be48e2d60f3f73f1841dcc5d66dff79c6d9fdf07b458f3afdd964fcb0bb26b,52488,420,86389,1.6459,16414,20897,0.1594,0,0,14,0,0,0,,0.2,0,1
581,2,f63bf2e57978381c34379f71ce863f2dd3f85fa014f1554022c21b183953e942,75443,571,109686,1.4539,20840,26533,0.2024,0,0,41,0,0,0,,0.41,0,1
586,3,29eb250acb1db6c2e5bea63d1fd48fa5873581d3aa5285e2a1934e66dede2866,40486,231,73042,1.8041,13878,17669,0.1348,0,0,16,0,0,0,"2,3",0.11,0,1
589,2,2719c5f87b8556e847a1c9fec35cbdf1e83bd362104be143f783733555be582e,33636,291,66872,1.9881,12706,16176,0.1234,0,0,6,0,0,0,,0.09,0,1
590,2,22abc08bd6f0b3ea76edabd6109de57b01c54cf0899dd7df296b19ed9b64048f,22249,247,54732,2.46,10399,13240,0.101,0,0,22,0,0,0,,0.08,0,1
602,2,c37a78e5bdca33ba17e95c6699f75e12463c185591726c7b11f7ea29e9070b6e,34449,306,67574,1.9616,12839,16346,0.1247,0,0,15,0,0,0,,0.13,0,1
604,2,50b6346a59007286b58b69f04655c19f0af73d8f3055056297c0b90050a35e5d,38794,304,71825,1.8514,13647,17374,0.1326,0,0,18,0,0,0,,0.12,0,1
607,2,86261a1fa24d72ce163fbb1465524a7c52dd0934b4a34202de258a39b8cd4863,130677,1249,169547,1.2975,32214,41013,0.3129,0,0,47,0,0,0,,1.56,0,1
608,2,ea7c5adcf400447a83aaf77dc29862874e9869c65d0d99435b21611d864f56e3,32604,242,65359,2.0046,12418,15810,0.1206,0,0,10,0,0,0,,0.1,0,1
610,2,078f2dd4c7fe17e8369dbb8756cf571a7ffe299733006e7fbd572cf17e792d74,49268,321,82727,1.6791,15718,20012,0.1527,0,0,5,0,0,0,,0.14,0,1
614,2,4d2a282eafd8a264da7943d35910c7cbd82a6f6519049272d05e4343c965a865,81561,815,117828,1.4447,22387,28503,0.2175,0,0,21,0,0,0,,0.5,1,1
617,2,aadb957ae3774bab8bff45119dba7765c4418b2768619fa992de55377c151f69,75481,652,110700,1.4666,21033,26778,0.2043,0,0,29,0,0,0,,0.39,0,1
618,2,6c7e1975330ef98124ee1cd3aa9eb02370d84b36b8d8d0668fd3b5fa855187ef,58878,586,92830,1.5767,17638,22456,0.1713,0,0,55,0,0,0,,0.22,0,1
622,2,b61fcd88422b09aaffd2c868dfc72ade58419f9d95fa467ba4f82506fc4d4816,85609,594,119325,1.3938,22672,28865,0.2202,0,0,63,0,0,0,,0.32,0,1
623,2,3c9011caec8e4dfa09e2670b309bef9e8d3edd95c0327ccd4089c83f7de6d61e,24784,219,56981,2.2991,10826,13784,0.1052,0,0,25,0,0,0,,0.09,0,1
626,2,ad8a8885d58dc2056d873afb478dd4320b8b25a04c9f8cf91d22b38feacb3fd1,64771,558,98771,1.5249,18766,23893,0.1823,0,0,50,0,0,0,,0.36,0,1
628,2,b6f42b68a2be1ede944fb157f2024df1ee5820eead7e9a6888f446f3105a7589,30113,235,61940,2.0569,11769,14983,0.1143,0,0,43,0,0,0,,0.1,0,1
635,2,e4b4d07622a9631805c3bb400cb0779373babc8793b9d20b2e181768f57d562e,37914,343,70398,1.8568,13376,17029,0.1299,0,0,45,0,0,0,,0.1,0,1
637,2,edbd8f19dcec9ff65a0dcb826d0d034cd2c6cf5403e87faa2a05e3bd3c0dd623,32994,309,65641,1.9895,12472,15879,0.1211,0,0,30,0,0,0,,0.09,0,1
639,2,7726a2f0f9dfd08831310cf2780b19bbd587f5917d8cc29c32cf89d58bf73582,47810,391,81269,1.6998,15441,19659,0.15,0,0,21,0,0,0,,0.1,0,1
640,2,2b43b7916b4c4be16c1626cbfa5add81b266050915e5d8041614765a043a7c1a,37152,265,69951,1.8828,13291,16921,0.1291,0,0,15,0,0,0,,0.17,0,1
643,2,081fadc0e1482c286bda517719bf3ee5b63fc89626a336840033d0ea1d670ce8,42639,395,76152,1.786,14469,18421,0.1405,0,0,22,0,0,0,,0.11,0,1
644,2,851789dc732f99587bdb06b88556f35af05bc51068ca6b0e046c4e7162cdc33f,34916,313,68034,1.9485,12926,16457,0.1256,0,0,13,0,0,0,,0.1,0,1
645,2,773a305241126a6290bf173534bd1584d23fd159e5dab629146f7b2356f57265,44641,364,78104,1.7496,14840,18893,0.1441,0,0,17,0,0,0,,0.19,0,1
653,2,019dcaff983119ba7f6f9b5e36ee904bea6a593d3a62934ebae2b104764ac1fa,36250,295,69401,1.9145,13186,16788,0.1281,0,0,13,0,0,0,,0.17,1,1
654,2,c94174233bc3acc8772b99dbde646af4fec1b6e85adfee243f6846b50f8f02fb,33573,254,66368,1.9768,12610,16054,0.1225,0,0,14,0,0,0,,0.08,0,1
659,2,3802c4a7070abf5521d361b68cb434d089b1df0cc60ba6c99ac79c09225d4c53,61293,546,95259,1.5542,18099,23043,0.1758,0,0,48,0,0,0,,0.39,0,1
660,2,659ce3c663af4dd4d2ea8b5cdde9095276bf56b277e99106cf79a37ed2f0431d,67316,555,101612,1.5095,19306,24580,0.1875,0,0,43,0,0,0,,0.59,1,1
661,2,127094901b828698c50c571fd9865d32e0d342fb4a44f17b7492d139f141c3d8,52713,472,85814,1.6279,16305,20758,0.1584,0,0,57,0,0,0,,0.29,0,1
663,2,349bbc96201e88d8248101078b097331e99f2ff1210916bf7286b9819fcc2f7c,58713,500,93198,1.5873,17708,22545,0.172,0,0,15,0,0,0,,0.16,1,1
668,2,bbe5ae38cca2ed2719f133cd42914ea219c9c242905a4951f4c998f513493ba4,17758,156,50063,2.8192,9512,12110,0.0924,0,0,6,0,0,0,,0.04,0,1
670,2,d9aa427416e923e1e255e3e7a201359983f162fde93a4a6ff626531ef8794299,36728,272,69628,1.8958,13229,16843,0.1285,0,0,14,0,0,0,,0.12,0,1
676,2,cd61a4a12d1634bb864b738d367700d19667ec0dd3cff12aee6b27ab787bdf89,28095,247,60754,2.1624,11543,14696,0.1121,0,0,19,0,0,0,,0.12,0,1
679,2,1c96977ad82d9a2680d2a32445ba7c5869b3da939c712ecd821dc57b2621d841,12314,125,44397,3.6054,8435,10740,0.0819,0,0,7,0,0,0,,0.03,1,1
683,2,ac4c541dd36ac8d84c302300ec0c4013d0576cf2a45db810bc5d37761a6d0df7,42786,311,75869,1.7732,14415,18353,0.14,0,0,18,0,0,0,,0.15,0,1
687,2,e017789f932a463317752a9c9bb41a0edb852584f1b070a10e565ffba2bafd37,33991,275,67067,1.9731,12743,16224,0.1238,0,0,9,0,0,0,,0.13,0,1
689,2,9aecfa4a6fcd24e871801711649aa575d4e7ab9ac8bf9327f7772db382f1cbb6,60189,656,94590,1.5715,17972,22881,0.1746,0,0,60,0,0,0,,0.49,0,1
690,2,bc0a19f9f349d794f565a0c70e54e5e5c45fa6f6fa9f8c06cd60673f5161d594,83851,707,118544,1.4137,22523,28676,0.2188,0,0,76,0,0,0,,0.73,1,1
691,2,4caa45417411eb3f32a45207ac515973b3a78f95a642a53bd76ea61a173c3dea,40761,321,74216,1.8208,14101,17953,0.137,0,0,5,0,0,0,,0.09,0,1
693,2,4c9f5fc9cfcfbe202ac671591300770e587ffa9b18c2bd5e68ad2137aff54ec5,29482,225,62138,2.1077,11806,15031,0.1147,0,0,11,0,0,0,,0.1,0,1
694,2,009a4e9f763e5d7aef2b013d0f7a33eabbf41ce40618499473d02742b5fd1497,39335,277,72504,1.8432,13776,17539,0.1338,0,0,3,0,0,0,,0.16,1,1
699,3,5313b9e201163cf5a79345a7a6a3325ab14c265c2f568501983c39be7ef54de7,27045,147,59083,2.1846,11226,14292,0.109,0,0,15,0,0,0,"2,3",0.07,0,1
700,2,2efaaf756edd811cc6e2b6d58125e9b5d4a5de7e59e2d23edd2de0c2c007e351,36423,306,69650,1.9123,13234,16848,0.1285,0,0,11,0,0,0,,0.1,0,1
708,2,049324b5594b41e3c899aa85b9422ab9c454a5176c3969fde290f5c920a4393c,85603,807,121343,1.4175,23055,29353,0.2239,0,0,53,0,0,0,,0.41,0,1
719,3,37bfcdf8094609ff9397e8059b73f40588cd51214164c4d4cd40ee4b42f1500f,28836,209,61308,2.1261,11649,14830,0.1131,0,0,14,0,0,0,"2,3",0.06,0,1
720,2,eea4294ce229fc9d26e862ad962cd07e5620569a081654837e90d9c78a1a1edb,68660,567,103048,1.5008,19579,24927,0.1902,0,0,35,0,0,0,,0.71,0,1
738,2,ccf5d36646a9678ff6456631da7d898b600482de9d08b32c1dcc797cdfa517ce,38545,324,71949,1.8666,13670,17404,0.1328,0,0,7,0,0,0,,0.09,0,1
741,2,c96947ab01b96d53489979e2708e3cd33e15457f1391e002feaf903a54dc876e,59069,419,92916,1.573,17654,22476,0.1715,0,0,15,0,0,0,,0.25,0,1
742,2,ce31c94acd5ab4b40f10d69df189d9cb3c223f0cc160afda802497e1105cdb69,68550,559,101711,1.4837,19325,24604,0.1877,0,0,82,0,0,0,,0.31,0,1
744,2,b2e7c1c4d2868d8325cf4ffdc7639ae3338b416dd2ed5f0fbb22645ace3fc1e0,32085,265,64499,2.0103,12255,15602,0.119,0,0,28,0,0,0,,0.17,0,1
748,2,79e2ac16a33519a74af81fc6f130d03342e4d5e62a79a880fabcba1b069091da,56017,1146,95271,1.7008,18101,23046,0.1758,0,0,16,15,0,64,,0.19,1,1
750,2,7e9641c9a22b1531733cfeb7654f90345ce0afa97ea9b2987b4594840d7834fb,37673,379,71480,1.8974,13581,17291,0.1319,0,0,7,0,0,0,,0.23,0,1
752,2,16513ff0c26de9f683a58b75b738309c54000496ef79a7f834ca4ce9acd8e5fd,31246,214,63805,2.042,12123,15434,0.1178,0,0,12,0,0,0,,0.1,0,1
755,2,138fa78001ef733b1f82d379a44c81c4192d8931b987cc4848fbf9e7fb64b2cd,54492,502,88336,1.6211,16784,21368,0.163,0,0,44,0,0,0,,0.24,0,1
758,2,bd269c76d1c9bf7ac2b6076eeef4aa4ad2be9ae219a166b6a28663278b1fb86e,26101,226,58517,2.2419,11118,14155,0.108,0,0,29,0,0,0,,0.08,0,1
763,2,57458edce5be14488337ae93f29f2c89243c012d47a32932ec91208b7fbed6fb,21685,178,54164,2.4978,10291,13102,0.1,0,0,6,0,0,0,,0.07,0,1
764,2,e2eb782a8e3d639c3f3eb4d1432b56e5e8ad6e3c3b22e064eaf62ea8e9af5f8c,34526,426,68351,1.9797,12987,16534,0.1261,0,0,19,0,0,0,,0.12,0,1
769,2,6821397f0547f1eb9a7adf290e2f6d0f1fc0d402bae5dd4f3b37eac7160f759f,44012,358,77691,1.7652,14761,18793,0.1434,0,0,8,0,0,0,,0.25,1,1
779,2,69a048d422dca3e2a1edbf85b3143cd71011ae10e02345ea3b5b9dc23c6ce49c,35303,308,68272,1.9339,12972,16515,0.126,0,0,23,0,0,0,,0.16,1,1
780,2,a83fab0da0d34525aa2e12ff94b82a76b6547b31cb63c076cf4cc9ceac18cd38,59427,1242,99483,1.674,18902,24065,0.1836,0,0,14,3,0,127,,0.21,1,1
783,2,709549ee800d9e5924cd1b30fc9238c1bb0560a95d3f97daff5155c1c7b2ff67,7987,58,39752,4.9771,7553,9616,0.0734,0,0,2,0,0,0,,0.02,0,1
796,2,150ae77d895fbe5bb89bae198a0cdae4589644e61fb382adec1b708d0149e418,36800,343,70258,1.9092,13349,16995,0.1297,0,0,15,0,0,0,,0.2,0,1
801,2,ef0c0d206972edd1c6a245606f62f669ceac0df2cffa73eb239e6d6c45af0986,23044,185,55529,2.4097,10551,13432,0.1025,0,0,6,0,0,0,,0.06,1,1
