call_id,stage,paper_id,live_paper_id,outcome,request_chars,estimate_low_tokens,prompt_eval_count,tokens_per_char,actual_over_estimate,ceiling,headroom_tokens_after_prompt,prompt_share_of_ceiling,done_reason,seconds,started_at,ended_at
1,preflight:deepseek-r1:32b,,,completed,15,3,6,0.4,2.0,131072,131066,0.0,length,15.3,2026-10-08T18:25:01.421486+00:00,2026-10-08T18:25:16.717903+00:00
2,elicitation_pass1,1,121,completed,53602,10184,12547,0.2341,1.232,131072,118525,0.0957,stop,224.1,2026-10-08T18:25:16.790073+00:00,2026-10-08T18:29:00.881483+00:00
3,elicitation_pass1,1,121,completed,54659,10385,12797,0.2341,1.2323,131072,118275,0.0976,stop,140.1,2026-10-08T18:29:00.898614+00:00,2026-10-08T18:31:21.022456+00:00
4,extract_pass2,1,121,completed,54321,10321,12217,0.2249,1.1837,131072,118855,0.0932,stop,201.4,2026-10-08T18:31:21.036612+00:00,2026-10-08T18:34:42.446174+00:00
5,elicitation_pass1,2,415,refused_input_overflow,1925081,365765,,,,131072,,,,0.0,2026-10-08T18:35:10.234710+00:00,2026-10-08T18:35:10.246150+00:00
6,elicitation_pass1,3,11,completed,195040,37058,57927,0.297,1.5631,131072,73145,0.4419,stop,378.5,2026-10-08T18:35:11.529938+00:00,2026-10-08T18:41:30.013580+00:00
7,elicitation_pass1,3,11,completed,199453,37896,59027,0.2959,1.5576,131072,72045,0.4503,stop,236.0,2026-10-08T18:41:30.030990+00:00,2026-10-08T18:45:26.065275+00:00
8,extract_pass2,3,11,completed,188314,35780,50569,0.2685,1.4133,131072,80503,0.3858,stop,338.8,2026-10-08T18:45:26.079900+00:00,2026-10-08T18:51:04.834181+00:00
9,elicitation_pass1,4,498,completed,185509,35247,47962,0.2585,1.3607,131072,83110,0.3659,stop,376.7,2026-10-08T18:51:05.601601+00:00,2026-10-08T18:57:22.256494+00:00
10,elicitation_pass1,4,498,completed,189685,36040,48941,0.258,1.358,131072,82131,0.3734,stop,266.4,2026-10-08T18:57:22.275620+00:00,2026-10-08T19:01:48.713700+00:00
11,extract_pass2,4,498,completed,179884,34178,42761,0.2377,1.2511,131072,88311,0.3262,stop,310.8,2026-10-08T19:01:48.730433+00:00,2026-10-08T19:06:59.509476+00:00
12,elicitation_pass1,5,607,completed,169547,32214,45981,0.2712,1.4274,131072,85091,0.3508,stop,365.0,2026-10-08T19:07:01.230482+00:00,2026-10-08T19:13:06.265300+00:00
13,elicitation_pass1,5,607,completed,173448,32955,46934,0.2706,1.4242,131072,84138,0.3581,stop,263.1,2026-10-08T19:13:06.282528+00:00,2026-10-08T19:17:29.420492+00:00
14,extract_pass2,5,607,completed,163232,31014,39811,0.2439,1.2836,131072,91261,0.3037,stop,361.1,2026-10-08T19:17:29.435785+00:00,2026-10-08T19:23:30.559182+00:00
15,elicitation_pass1,6,748,completed,95271,18101,27617,0.2899,1.5257,131072,103455,0.2107,stop,289.5,2026-10-08T19:23:30.799257+00:00,2026-10-08T19:28:20.256796+00:00
16,elicitation_pass1,6,748,completed,96014,18243,27788,0.2894,1.5232,131072,103284,0.212,stop,198.5,2026-10-08T19:28:20.275297+00:00,2026-10-08T19:31:38.808203+00:00
17,extract_pass2,6,748,completed,87248,16577,22145,0.2538,1.3359,131072,108927,0.169,stop,272.6,2026-10-08T19:31:38.823222+00:00,2026-10-08T19:36:11.434687+00:00
18,elicitation_pass1,7,368,completed,94572,17969,26909,0.2845,1.4975,131072,104163,0.2053,stop,298.8,2026-10-08T19:36:11.616670+00:00,2026-10-08T19:41:10.450241+00:00
19,elicitation_pass1,7,368,completed,97096,18448,27560,0.2838,1.4939,131072,103512,0.2103,stop,225.7,2026-10-08T19:41:10.468426+00:00,2026-10-08T19:44:56.216151+00:00
20,extract_pass2,7,368,completed,85760,16294,21665,0.2526,1.3296,131072,109407,0.1653,stop,348.1,2026-10-08T19:44:56.230150+00:00,2026-10-08T19:50:44.308803+00:00
21,elicitation_pass1,8,455,completed,85435,16233,20444,0.2393,1.2594,131072,110628,0.156,stop,231.8,2026-10-08T19:50:44.491915+00:00,2026-10-08T19:54:36.340221+00:00
22,elicitation_pass1,8,455,completed,87145,16558,20856,0.2393,1.2596,131072,110216,0.1591,stop,87.9,2026-10-08T19:54:36.358410+00:00,2026-10-08T19:56:04.306858+00:00
23,extract_pass2,8,455,completed,85697,16282,19170,0.2237,1.1774,131072,111902,0.1463,stop,229.7,2026-10-08T19:56:04.320533+00:00,2026-10-08T19:59:53.994162+00:00
24,elicitation_pass1,9,699,completed,59083,11226,14271,0.2415,1.2712,131072,116801,0.1089,stop,226.2,2026-10-08T19:59:54.081680+00:00,2026-10-08T20:03:40.249163+00:00
25,elicitation_pass1,9,699,completed,59693,11342,14413,0.2415,1.2708,131072,116659,0.11,stop,102.7,2026-10-08T20:03:40.267104+00:00,2026-10-08T20:05:22.966365+00:00
26,extract_pass2,9,699,completed,69278,13163,16011,0.2311,1.2164,131072,115061,0.1222,stop,370.5,2026-10-08T20:05:22.979990+00:00,2026-10-08T20:11:33.474427+00:00
27,elicitation_pass1,10,431,completed,70633,13420,18252,0.2584,1.3601,131072,112820,0.1393,stop,257.5,2026-10-08T20:11:33.733661+00:00,2026-10-08T20:15:51.204208+00:00
28,elicitation_pass1,10,431,completed,71979,13676,18574,0.258,1.3581,131072,112498,0.1417,stop,105.1,2026-10-08T20:15:51.222552+00:00,2026-10-08T20:17:36.302911+00:00
29,extract_pass2,10,431,completed,71887,13659,17210,0.2394,1.26,131072,113862,0.1313,stop,193.6,2026-10-08T20:17:36.316931+00:00,2026-10-08T20:20:49.876105+00:00
30,elicitation_pass1,11,783,completed,39752,7553,9354,0.2353,1.2384,131072,121718,0.0714,stop,205.0,2026-10-08T20:20:49.939768+00:00,2026-10-08T20:24:14.961039+00:00
31,extract_pass2,11,783,completed,41333,7853,9497,0.2298,1.2093,131072,121575,0.0725,stop,212.2,2026-10-08T20:24:14.976394+00:00,2026-10-08T20:27:47.133027+00:00
32,elicitation_pass1,12,604,completed,71825,13647,17905,0.2493,1.312,131072,113167,0.1366,stop,229.1,2026-10-08T20:27:47.299833+00:00,2026-10-08T20:31:36.349848+00:00
33,elicitation_pass1,12,604,completed,73033,13876,18190,0.2491,1.3109,131072,112882,0.1388,stop,196.1,2026-10-08T20:31:36.365841+00:00,2026-10-08T20:34:52.493649+00:00
34,extract_pass2,12,604,completed,73168,13902,17163,0.2346,1.2346,131072,113909,0.1309,stop,214.8,2026-10-08T20:34:52.510876+00:00,2026-10-08T20:38:27.319363+00:00
35,preflight:gemma3:27b,,,completed,15,3,12,0.8,4.0,131072,131060,0.0001,stop,6.1,2026-10-08T20:38:27.343806+00:00,2026-10-08T20:38:33.402954+00:00
36,audit,9,699,completed,1080,205,271,0.2509,1.322,131072,130801,0.0021,stop,7.9,2026-10-08T20:38:35.145850+00:00,2026-10-08T20:38:43.056459+00:00
