paper_id,live_paper_id,field_name,value,located,kind,score,snippet_supplied,bridged,snippet_chars,cited_indices,first_run,n_runs,snippet_equals_rebuilt_first_run,raw_exact,stripped_exact,units_in_first_run,units_not_in_stripped,units_not_in_raw,a9_repairs_that_locate,exact_after_whitespace_collapse_raw,exact_after_whitespace_collapse_stripped,class,state_at_write,audit_verdict,snippet
1,121,study_type,Review,1,exact,1.0,1,0,18,7,7,1,1,1,1,1,,,,0,0,raw_exact,asserted without locatable evidence,,## A B S T R A C T
1,121,robot_platform,da Vinci Surgical System; sentire surgical system; SurRoL simulator,1,exact,1.0,1,0,170,78 87 90,78,3,1,1,1,1,,,,0,0,raw_exact,asserted without locatable evidence,,"The key to this approach is the VPPV (Visual Parsing, Perceptual Regressor, Policy Learning, and Visual Servoing) paradigm, which masterfully bridges the sim-to-real gap."
1,121,task_performed,clipping-and-cutting; needle driving,1,exact,1.0,1,0,137,36 87,36,2,1,1,1,1,,,,0,0,raw_exact,asserted without locatable evidence,,"In a powerful demonstration, SRT-H was validated on the clipping-and-cutting step of cholecystectomy, a common and challenging procedure."
1,121,surgical_domain,General Surgery,1,exact,1.0,1,0,137,36,36,1,1,1,1,1,,,,0,0,raw_exact,asserted without locatable evidence,,"In a powerful demonstration, SRT-H was validated on the clipping-and-cutting step of cholecystectomy, a common and challenging procedure."
1,121,autonomy_level,4 (High autonomy),1,exact,1.0,1,0,163,37,37,1,1,1,1,1,,,,0,0,raw_exact,asserted without locatable evidence,,"The system autonomously completed all 17 required tasks, achieving a 100 % success rate across eight different ex vivo gallbladders without any human intervention."
1,121,validation_setting,Ex vivo; Phantom/Simulation; In vivo (animal),1,exact,1.0,1,0,137,36 78 88,36,3,1,1,1,1,,,,0,0,raw_exact,asserted without locatable evidence,,"In a powerful demonstration, SRT-H was validated on the clipping-and-cutting step of cholecystectomy, a common and challenging procedure."
1,121,task_monitor,R,1,exact,1.0,1,0,170,78,78,1,1,1,1,1,,,,0,0,raw_exact,asserted without locatable evidence,,"The key to this approach is the VPPV (Visual Parsing, Perceptual Regressor, Policy Learning, and Visual Servoing) paradigm, which masterfully bridges the sim-to-real gap."
1,121,task_generate,R,1,exact,1.0,1,0,217,52 61,52,2,1,1,1,1,,,,0,0,raw_exact,asserted without locatable evidence,,"First,  hierarchical,  language-conditioned  frameworks  are  showing immense  promise  in  making  the  problem  of  long-horizon  autonomy tractable  by  decomposing  complex  procedures  into  manageable  subtasks."
1,121,task_select,R,1,exact,1.0,1,0,217,52 61,52,2,1,1,1,1,,,,0,0,raw_exact,asserted without locatable evidence,,"First,  hierarchical,  language-conditioned  frameworks  are  showing immense  promise  in  making  the  problem  of  long-horizon  autonomy tractable  by  decomposing  complex  procedures  into  manageable  subtasks."
1,121,task_execute,R,1,exact,1.0,1,0,163,37 87,37,2,1,1,1,1,,,,0,0,raw_exact,asserted without locatable evidence,,"The system autonomously completed all 17 required tasks, achieving a 100 % success rate across eight different ex vivo gallbladders without any human intervention."
1,121,system_maturity,Algorithm on existing platform,1,exact,1.0,1,0,253,87 90,87,2,1,1,1,1,,,,0,0,raw_exact,asserted without locatable evidence,,The  power  of  this approach was demonstrated through extensive validation across seven skill training tasks on the da Vinci Research Kit (dVRK) and five surgical assistive  tasks  for  the  commercial  sentire  surgical  system  in  ex  vivo settings.
1,121,country,China,1,exact,1.0,1,0,142,3,3,1,1,1,1,1,,,,0,0,raw_exact,asserted without locatable evidence,,"State Key Laboratory of Intelligent Manufacturing Equipment and Technology, Huazhong University of Science and Technology, Wuhan 430074, China"
1,121,key_limitation,Data scarcity in surgical robotics,1,exact,1.0,1,0,311,71,71,1,1,1,1,1,,,,0,0,raw_exact,asserted without locatable evidence,,"While general robotics can draw upon huge open datasets like RT-X, the surgical domain is severely constrained by patient  privacy  laws  (e.g.,  HIPAA),  the  proprietary  nature  of  data generated by commercial systems, and the immense difficulty and expense of having expert surgeons annotate data at scale."
1,121,clinical_readiness_assessment,Approaching clinical readiness,1,exact,1.0,1,0,163,37 88,37,2,1,1,1,1,,,,0,0,raw_exact,asserted without locatable evidence,,"The system autonomously completed all 17 required tasks, achieving a 100 % success rate across eight different ex vivo gallbladders without any human intervention."
3,11,study_type,Original Research,1,exact,1.0,1,0,150,20,20,1,1,0,0,1,20,20,,1,1,INT-g6-1_unit_rewritten,asserted without locatable evidence,,## Abstract The introduction of robotic surgery within the operating rooms  has  significantly  improved  the  quality  of  many surgical  procedures.
3,11,robot_platform,ISUR robot; UR5 robot,1,exact,1.0,1,0,496,149 253,149,2,1,1,1,1,,,,0,0,raw_exact,asserted without locatable evidence,,"These characteristics are strictly related with (1) the correctness of the description of the surgical knowledge into technological  processes,  (2)  the  trustworthiness  of  procedural  and anatomical models, (3) the acquisition of relevant data and their  right  interpretation,  (4)  the  prompt  detection  of dangerous  events  and  the  possibility  to  put  in  action countermeasures  to  mitigate  their  effects  (such  as  replanning of the trajectories, teleoperation of the robots)."
3,11,task_performed,needle insertion for cryoablation,1,exact,1.0,1,0,150,20 40,20,2,1,0,0,1,20,20,,1,1,INT-g6-1_unit_rewritten,asserted without locatable evidence,,## Abstract The introduction of robotic surgery within the operating rooms  has  significantly  improved  the  quality  of  many surgical  procedures.
3,11,autonomy_level,Task autonomy,1,exact,1.0,1,0,32,1200 1300,1200,2,1,0,0,1,1200,1200,,1,1,INT-g6-1_unit_rewritten,asserted without locatable evidence,,facilities. jurisdictio autonomo
3,11,validation_setting,Phantom/Simulation; Ex vivo,1,exact,1.0,1,0,163,170 253,170,2,1,1,1,1,,,,0,0,raw_exact,asserted without locatable evidence,,For  puncturing  tests  with  US  guidance  a  kidney  box phantom was developed to represent the right side kidney of a human being and its surrounding structure.
3,11,task_monitor,R,1,exact,1.0,1,0,151,1300,1300,1,1,1,1,1,,,,0,0,raw_exact,asserted without locatable evidence,,"- [18] L Maier-Hein, C J Walsh, A Seitel, N C Hanumara, J-A Shepard, A M Franz, F Pianka, S A Müller, B Schmied, A H Slocum,, R Gupta, and H-P Meinzer."
3,11,task_generate,R,1,exact,1.0,1,0,32,1200 1300,1200,2,1,0,0,1,1200,1200,,1,1,INT-g6-1_unit_rewritten,asserted without locatable evidence,,facilities. jurisdictio autonomo
3,11,task_execute,R,1,exact,1.0,1,0,71,1400,1400,1,1,1,1,1,,,,0,0,raw_exact,asserted without locatable evidence,,Closed-form  solution  of  absolute orientation using unit quaternions.
3,11,system_maturity,Research prototype,1,exact,1.0,1,0,237,253 400,253,2,1,1,1,1,,,,0,0,raw_exact,asserted without locatable evidence,,"During the needle insertion task, the US probe is first placed on the surface of the body, aligned with the expected needle tip trajectory, and then the needles are mounted on the robot end-effector and automatically inserted one by one."
3,11,study_design,Initial technical demonstration,1,exact,1.0,1,0,150,20 40,20,2,1,0,0,1,20,20,,1,1,INT-g6-1_unit_rewritten,asserted without locatable evidence,,## Abstract The introduction of robotic surgery within the operating rooms  has  significantly  improved  the  quality  of  many surgical  procedures.
3,11,primary_outcome_metric,needle insertion accuracy,1,exact,1.0,1,0,257,400,400,1,1,1,1,1,,,,0,0,raw_exact,asserted without locatable evidence,,"The needle placement is referred to the centre of the tumour, therefore the task plan, once validated by the surgeon, must be adapted to the operative scenario by means of the registered coordinate transformations calculated by the sensing/reasoning module."
3,11,secondary_outcomes,tracking error: <1mm; force measurements,1,exact,1.0,1,0,257,400,400,1,1,1,1,1,,,,0,0,raw_exact,asserted without locatable evidence,,"The needle placement is referred to the centre of the tumour, therefore the task plan, once validated by the surgeon, must be adapted to the operative scenario by means of the registered coordinate transformations calculated by the sensing/reasoning module."
3,11,key_limitation,Lack of real-time deformation tracking,1,exact,1.0,1,0,151,1300 1400,1300,2,1,1,1,1,,,,0,0,raw_exact,asserted without locatable evidence,,"- [18] L Maier-Hein, C J Walsh, A Seitel, N C Hanumara, J-A Shepard, A M Franz, F Pianka, S A Müller, B Schmied, A H Slocum,, R Gupta, and H-P Meinzer."
4,498,study_type,Original Research,1,exact,1.0,1,0,170,13,13,1,1,1,1,1,,,,0,0,raw_exact,asserted without locatable evidence,,"Physical experiments using the da Vinci Research Kit validates the capability of automating individual tasks including tissue debridement, dissection, and wound suturing."
4,498,robot_platform,da Vinci Research Kit (dVRK),1,exact,1.0,1,0,123,609,609,1,1,1,1,1,,,,0,0,raw_exact,asserted without locatable evidence,,"In this section, we present results of on-site experiments for the robot to automatically perform simulated surgical tasks."
4,498,task_performed,Tissue debridement; Tissue membrane dissection; Wound suturing,1,exact,1.0,1,0,176,812,812,1,1,1,1,1,,,,0,0,raw_exact,asserted without locatable evidence,,"The proposed framework has been validated through simulations for performance study, and then through experimental study on three different surgical tasks (but not limited to)."
4,498,surgical_domain,General Surgery,1,exact,1.0,1,0,147,807 812,807,2,1,1,1,1,,,,0,0,raw_exact,asserted without locatable evidence,,"The framework systematically addressed both surgery-speci /uniFB01 c motion safety and task-level characterization, which has been weakly explored."
4,498,autonomy_level,4,1,exact,1.0,1,0,147,807 812,807,2,1,1,1,1,,,,0,0,raw_exact,asserted without locatable evidence,,"The framework systematically addressed both surgery-speci /uniFB01 c motion safety and task-level characterization, which has been weakly explored."
4,498,validation_setting,Phantom/Simulation; Physical experiments,1,exact,1.0,1,0,176,812,812,1,1,1,1,1,,,,0,0,raw_exact,asserted without locatable evidence,,"The proposed framework has been validated through simulations for performance study, and then through experimental study on three different surgical tasks (but not limited to)."
4,498,system_maturity,Commercial system + research autonomy,1,exact,1.0,1,0,123,609 812,609,2,1,1,1,1,,,,0,0,raw_exact,asserted without locatable evidence,,"In this section, we present results of on-site experiments for the robot to automatically perform simulated surgical tasks."
4,498,study_design,Algorithm development and evaluation,1,exact,1.0,1,0,168,47 807,47,2,1,1,1,1,,,,0,0,raw_exact,asserted without locatable evidence,,We are unaware of any existing works that de /uniFB01 ne generic safety motion constraints emerged from surgical tasks and apply them using a uni /uniFB01 ed framework.
4,498,secondary_outcomes,Task success rate; Execution time per task,1,exact,1.0,1,0,176,812,812,1,1,1,1,1,,,,0,0,raw_exact,asserted without locatable evidence,,"The proposed framework has been validated through simulations for performance study, and then through experimental study on three different surgical tasks (but not limited to)."
4,498,key_limitation,Reliance on pre-calibrated camera-robot transformations without online updates,1,exact,1.0,1,0,141,824 835,824,2,1,1,1,1,,,,0,0,raw_exact,asserted without locatable evidence,,"Meanwhile, the camera-robot transformation is pre-calculated using ef /uniFB01 -cient autonomous calibration approach in Zhong et al. (2020)."
4,498,clinical_readiness_assessment,Approaching clinical readiness,1,exact,1.0,1,0,147,807 812,807,2,1,1,1,1,,,,0,0,raw_exact,asserted without locatable evidence,,"The framework systematically addressed both surgery-speci /uniFB01 c motion safety and task-level characterization, which has been weakly explored."
5,607,study_type,Original Research,1,exact,1.0,1,0,170,15,15,1,1,0,0,1,15,15,,1,1,INT-g6-1_unit_rewritten,asserted without locatable evidence,,: +56-2-27-183-350 Abstract: This study introduces a Neuro-Visual Adaptive Control (NVAC) architecture designed to enhance precision and safety in robot-assisted surgery.
5,607,robot_platform,UR5 robot; no physical platform details provided,1,exact,1.0,1,0,162,90 45,45,2,1,1,1,1,,,,0,0,raw_exact,asserted without locatable evidence,,Reference [18] designs a Fractional-Order Adaptive Fuzzy Sliding Mode Control (AFFOSMC) strategy to enhance trajectory tracking accuracy in surgical manipulators.
5,607,task_performed,Semi-autonomous guidance of a laparoscope,1,exact,1.0,1,0,93,16,16,1,1,1,1,1,,,,0,0,raw_exact,asserted without locatable evidence,,The proposed system enables semi-autonomous guidance of the laparoscope based on image input.
5,607,surgical_domain,General Surgery,1,exact,1.0,1,0,93,16,16,1,1,1,1,1,,,,0,0,raw_exact,asserted without locatable evidence,,The proposed system enables semi-autonomous guidance of the laparoscope based on image input.
5,607,autonomy_level,2 (Task autonomy),1,exact,1.0,1,0,93,16,16,1,1,1,1,1,,,,0,0,raw_exact,asserted without locatable evidence,,The proposed system enables semi-autonomous guidance of the laparoscope based on image input.
5,607,validation_setting,Phantom/Simulation,1,exact,1.0,1,0,118,19,19,1,1,1,1,1,,,,0,0,raw_exact,asserted without locatable evidence,,"Performance evaluations were conducted in CoppeliaSim, utilizing real cholecystectomy images featuring surgical tools."
5,607,task_monitor,R,1,exact,1.0,1,0,162,45,45,1,1,1,1,1,,,,0,0,raw_exact,asserted without locatable evidence,,Reference [18] designs a Fractional-Order Adaptive Fuzzy Sliding Mode Control (AFFOSMC) strategy to enhance trajectory tracking accuracy in surgical manipulators.
5,607,task_generate,R,1,exact,1.0,1,0,162,45,45,1,1,1,1,1,,,,0,0,raw_exact,asserted without locatable evidence,,Reference [18] designs a Fractional-Order Adaptive Fuzzy Sliding Mode Control (AFFOSMC) strategy to enhance trajectory tracking accuracy in surgical manipulators.
5,607,task_select,R,1,exact,1.0,1,0,162,45,45,1,1,1,1,1,,,,0,0,raw_exact,asserted without locatable evidence,,Reference [18] designs a Fractional-Order Adaptive Fuzzy Sliding Mode Control (AFFOSMC) strategy to enhance trajectory tracking accuracy in surgical manipulators.
5,607,task_execute,R,1,exact,1.0,1,0,162,45,45,1,1,1,1,1,,,,0,0,raw_exact,asserted without locatable evidence,,Reference [18] designs a Fractional-Order Adaptive Fuzzy Sliding Mode Control (AFFOSMC) strategy to enhance trajectory tracking accuracy in surgical manipulators.
5,607,system_maturity,Algorithm on existing platform,1,exact,1.0,1,0,162,90 45,45,2,1,1,1,1,,,,0,0,raw_exact,asserted without locatable evidence,,Reference [18] designs a Fractional-Order Adaptive Fuzzy Sliding Mode Control (AFFOSMC) strategy to enhance trajectory tracking accuracy in surgical manipulators.
5,607,study_design,Algorithm development and evaluation,1,exact,1.0,1,0,93,16 45,16,2,1,1,1,1,,,,0,0,raw_exact,asserted without locatable evidence,,The proposed system enables semi-autonomous guidance of the laparoscope based on image input.
5,607,country,Chile,1,exact,1.0,1,0,250,13,13,1,1,1,1,1,,,,0,0,raw_exact,asserted without locatable evidence,,"Electrical Engineering Department, Faculty of Engineering, University of Santiago of Chile, Las Sophoras 165, Estación Central, Santiago 9170020, Chile; yainet.garcia@usach.cl (Y.G.-G.); john.kern@usach.cl (J.K.); reinier.rodriguez@usach.cl (R.R.-G.)"
5,607,primary_outcome_metric,"Maximum tracking errors along x, y, and z axes",1,exact,1.0,1,0,221,20,20,1,1,1,1,1,,,,0,0,raw_exact,asserted without locatable evidence,,"Experimental results demonstrate that the NVAC achieves maximum tracking errors of 1.80 × 10 -3 m, 1.08 × 10 -4 m, and 1.90 × 10 -3 malong the x, y, and z axes, respectively, under highly significant dynamic disturbances."
5,607,primary_outcome_value,"1.80 × 10^-3 m, 1.08 × 10^-4 m, and 1.90 × 10^-3 m",1,exact,1.0,1,0,221,20,20,1,1,1,1,1,,,,0,0,raw_exact,asserted without locatable evidence,,"Experimental results demonstrate that the NVAC achieves maximum tracking errors of 1.80 × 10 -3 m, 1.08 × 10 -4 m, and 1.90 × 10 -3 malong the x, y, and z axes, respectively, under highly significant dynamic disturbances."
5,607,comparison_to_human,NR,1,exact,1.0,1,0,221,20,20,1,1,1,1,1,,,,0,0,raw_exact,asserted without locatable evidence,,"Experimental results demonstrate that the NVAC achieves maximum tracking errors of 1.80 × 10 -3 m, 1.08 × 10 -4 m, and 1.90 × 10 -3 malong the x, y, and z axes, respectively, under highly significant dynamic disturbances."
5,607,secondary_outcomes,Precision: 97.30%; Recall: 94.80%; mAP0.5: 97.5%; mAP0.5:0.95: 72.7%,1,exact,1.0,1,0,221,20,20,1,1,1,1,1,,,,0,0,raw_exact,asserted without locatable evidence,,"Experimental results demonstrate that the NVAC achieves maximum tracking errors of 1.80 × 10 -3 m, 1.08 × 10 -4 m, and 1.90 × 10 -3 malong the x, y, and z axes, respectively, under highly significant dynamic disturbances."
5,607,key_limitation,Validation limited to simulation without clinical trials,1,exact,1.0,1,0,97,735,735,1,1,1,1,1,,,,0,0,raw_exact,asserted without locatable evidence,,"While the obtained results are promising, several limitations of this study must be acknowledged."
6,748,study_type,Original Research,1,exact,1.0,1,0,186,12 13,12 13,1,1,0,0,2,,,,1,1,INT-g6-1_join_of_units_not_in_text,asserted without locatable evidence,,"This paper presents the design, control, and experimental evaluation of a novel fully automated robotic-assisted system for the positioning and insertion of a commercial full core biopsy"
6,748,robot_platform,UR5-based teleoperation system with a custom add-on robotic system for biopsy instrument positioning and insertion.,1,exact,1.0,1,0,197,18 19 20,18 19 20,1,1,0,0,3,20,20,,1,1,INT-g6-1_unit_rewritten,asserted without locatable evidence,,The robotic system incorporates the advantages of both freehand and probe-guided biopsy techniques. The proposed robotic system can be used as a slave robot in a teleoperation conﬁguration or as an
6,748,task_performed,Positioning and insertion of a commercial full core biopsy instrument under ultrasound guidance.,1,exact,1.0,1,0,48,14 17,14,2,1,1,1,1,,,,0,0,raw_exact,asserted without locatable evidence,,instrument under guidance by ultrasound imaging.
6,748,sample_size,NR,1,exact,1.0,1,0,86,28,28,1,1,1,1,1,,,,0,0,raw_exact,asserted without locatable evidence,,experiments including four experiments were performed to evaluate the robotic system’s
6,748,surgical_domain,General Surgery,1,exact,1.0,1,0,65,72,72,1,1,1,1,1,,,,0,0,raw_exact,asserted without locatable evidence,,with manual biopsies that could be addressed by a more stabilized
6,748,autonomy_level,2 (Task autonomy),1,exact,1.0,1,0,127,193 194,193 194,1,1,0,0,2,,,,1,1,INT-g6-1_join_of_units_not_in_text,asserted without locatable evidence,,by a reinforcement learning-based controller (RL) using the Deep Deterministic Policy Gradient (DDPG) algorithm to position the
6,748,validation_setting,Phantom/Simulation,1,exact,1.0,1,0,21,30,30,1,1,1,1,1,,,,0,0,raw_exact,asserted without locatable evidence,,the ultrasound plane.
6,748,task_monitor,H,1,exact,1.0,1,0,88,89 90,89 90,1,1,0,0,2,,,,1,1,INT-g6-1_join_of_units_not_in_text,asserted without locatable evidence,,"the ultrasound probe to keep the needle within the ultrasound image (Phal et al., 2005)."
6,748,task_generate,R,1,exact,1.0,1,0,127,193 194,193 194,1,1,0,0,2,,,,1,1,INT-g6-1_join_of_units_not_in_text,asserted without locatable evidence,,by a reinforcement learning-based controller (RL) using the Deep Deterministic Policy Gradient (DDPG) algorithm to position the
6,748,task_select,R,1,exact,1.0,1,0,19,576,576,1,1,1,1,1,,,,0,0,raw_exact,asserted without locatable evidence,,Since the output of
6,748,task_execute,R,1,exact,1.0,1,0,88,89 90,89 90,1,1,0,0,2,,,,1,1,INT-g6-1_join_of_units_not_in_text,asserted without locatable evidence,,"the ultrasound probe to keep the needle within the ultrasound image (Phal et al., 2005)."
6,748,system_maturity,Research prototype (hardware),1,exact,1.0,1,0,18,18,18,1,1,1,1,1,,,,0,0,raw_exact,asserted without locatable evidence,,The robotic system
6,748,study_design,Initial technical demonstration,1,exact,1.0,1,0,95,12,12,1,1,1,1,1,,,,0,0,raw_exact,asserted without locatable evidence,,"This paper presents the design, control, and experimental evaluation of a novel fully automated"
6,748,country,Norway,1,exact,1.0,1,0,125,7,7,1,1,1,1,1,,,,0,0,raw_exact,asserted without locatable evidence,,"1The Research Group of Robotics and Intelligent Systems (ROBIN), Department of Informatics, University of Oslo, Oslo, Norway,"
6,748,primary_outcome_metric,Needle angle tracking error; Needle insertion resolution.,1,exact,1.0,1,0,113,905 906,905 906,1,1,0,0,2,,,,1,1,INT-g6-1_join_of_units_not_in_text,asserted without locatable evidence,,experiments in the tracking of the needle angle is 0.446° and the resolution of the needle insertion is 0.002 mm.
6,748,primary_outcome_value,Overall mean error: 0.446°; Resolution: 0.002 mm.,1,exact,1.0,1,0,113,905 906,905 906,1,1,0,0,2,,,,1,1,INT-g6-1_join_of_units_not_in_text,asserted without locatable evidence,,experiments in the tracking of the needle angle is 0.446° and the resolution of the needle insertion is 0.002 mm.
6,748,comparison_to_human,NR,1,exact,1.0,1,0,73,31,31,1,1,1,1,1,,,,0,0,raw_exact,asserted without locatable evidence,,The experimental results showed the ability of the robotic system for in-
6,748,secondary_outcomes,NR,1,exact,1.0,1,0,73,31,31,1,1,1,1,1,,,,0,0,raw_exact,asserted without locatable evidence,,The experimental results showed the ability of the robotic system for in-
6,748,clinical_readiness_assessment,Proof of concept only,1,exact,1.0,1,0,21,30 945,30,2,1,1,1,1,,,,0,0,raw_exact,asserted without locatable evidence,,the ultrasound plane.
7,368,study_type,Original Research,1,exact,1.0,1,0,23,19 26,19,2,1,1,1,1,,,,0,0,raw_exact,asserted without locatable evidence,,In this work we present
7,368,robot_platform,da Vinci Research Kit (dVRK),1,exact,1.0,1,0,30,213,213,1,1,1,1,1,,,,0,0,raw_exact,asserted without locatable evidence,,We use and assess our approach
7,368,task_performed,Autonomous ultrasound scanning and vessel reconstruction,1,exact,1.0,1,0,23,19 26,19,2,1,1,1,1,,,,0,0,raw_exact,asserted without locatable evidence,,In this work we present
7,368,surgical_domain,General Surgery,1,exact,1.0,1,0,237,7 8,7 8,1,1,0,0,2,,,,1,1,INT-g6-1_join_of_units_not_in_text,asserted without locatable evidence,,"1Storm Lab UK, Institute for Robotics, Autonomous Systems and Sensing, School of Electronic and Electrical Engineering, University of Leeds, Leeds, United Kingdom, 2Department for Hepatobiliary Surgery, James’s University Hospital, Leeds"
7,368,validation_setting,Phantom/Simulation,1,exact,1.0,1,0,30,213 764,213,2,1,1,1,1,,,,0,0,raw_exact,asserted without locatable evidence,,We use and assess our approach
7,368,task_monitor,R,1,exact,1.0,1,0,67,246 351,246,2,1,1,1,1,,,,0,0,raw_exact,asserted without locatable evidence,,IMU into the US probe for improved localization despite potentially
7,368,task_generate,R,1,exact,1.0,1,0,41,259 407,259,2,1,1,1,1,,,,0,0,raw_exact,asserted without locatable evidence,,Our resulting control and planning scheme
7,368,task_select,R,1,exact,1.0,1,0,41,259 407,259,2,1,1,1,1,,,,0,0,raw_exact,asserted without locatable evidence,,Our resulting control and planning scheme
7,368,task_execute,R,1,exact,1.0,1,0,41,259 407,259,2,1,1,1,1,,,,0,0,raw_exact,asserted without locatable evidence,,Our resulting control and planning scheme
7,368,country,United Kingdom,1,exact,1.0,1,0,237,7 8,7 8,1,1,0,0,2,,,,1,1,INT-g6-1_join_of_units_not_in_text,asserted without locatable evidence,,"1Storm Lab UK, Institute for Robotics, Autonomous Systems and Sensing, School of Electronic and Electrical Engineering, University of Leeds, Leeds, United Kingdom, 2Department for Hepatobiliary Surgery, James’s University Hospital, Leeds"
7,368,primary_outcome_metric,Root Mean Squared Error (RMSE) between reconstructed vessel center points,1,exact,1.0,1,0,71,764 851,764,2,1,0,0,1,764,764,,1,1,INT-g6-1_unit_rewritten,asserted without locatable evidence,,"4 RESULTS Over ten runs, we observed a mean error of 7.19 ± 6.24 mm for"
7,368,primary_outcome_value,PSM: 7.19 ± 6.24 mm; PSM-IMU: 2.58 ± 1.70 mm,1,exact,1.0,1,0,71,764 851,764,2,1,0,0,1,764,764,,1,1,INT-g6-1_unit_rewritten,asserted without locatable evidence,,"4 RESULTS Over ten runs, we observed a mean error of 7.19 ± 6.24 mm for"
7,368,secondary_outcomes,Angular error: PSM-IMU: 2.60° ± 0.82°; Success rate: 10/10 for PSM-IMU vs. 4/10 for PSM,1,exact,1.0,1,0,63,836 842,836,2,1,1,1,1,,,,0,0,raw_exact,asserted without locatable evidence,,the mean angular error and its variation from 5.48° ± 4.64° for
8,455,study_type,Original Research,1,exact,1.0,1,0,63,20,20,1,1,0,0,1,20,20,,1,1,INT-g6-1_unit_rewritten,asserted without locatable evidence,,http://dx.doi.org/10.1016/j.cmpb.2013.01.017 ## a b s t r a c t
8,455,robot_platform,CISOBOT,1,exact,1.0,1,0,296,278,278,1,1,1,1,1,,,,0,0,raw_exact,asserted without locatable evidence,,"In this way, the Endoscope Arm is voice commanded for performing left, right, up, down, inside and outside basic endoscope movements, and the Robot Tool held by the Laparoscopic Tool Arm will be controlled by means of both, the AGS methodology and the low-level controller proposed in this paper."
8,455,task_performed,needle delivery; suture procedure,1,exact,1.0,1,0,50,301 304,301,2,1,1,1,1,,,,0,0,raw_exact,asserted without locatable evidence,,## 5.2. Auto-guiding the needle towards the target
8,455,surgical_domain,General Surgery,1,exact,1.0,1,0,50,301,301,1,1,1,1,1,,,,0,0,raw_exact,asserted without locatable evidence,,## 5.2. Auto-guiding the needle towards the target
8,455,autonomy_level,2 (Task autonomy),1,exact,1.0,1,0,50,301,301,1,1,1,1,1,,,,0,0,raw_exact,asserted without locatable evidence,,## 5.2. Auto-guiding the needle towards the target
8,455,validation_setting,Ex vivo,1,exact,1.0,1,0,103,283 279,279,2,1,1,1,1,,,,0,0,raw_exact,asserted without locatable evidence,,"Therefore, the Laparoscopic Tool Arm will accomplish the experiments described in the next subsections."
8,455,task_monitor,R,1,exact,1.0,1,0,49,89 127,89,2,1,1,1,1,,,,0,0,raw_exact,asserted without locatable evidence,,This problem is known as laparoscopic navigation.
8,455,task_generate,R,1,exact,1.0,1,0,175,186 195,186,2,1,1,1,1,,,,0,0,raw_exact,asserted without locatable evidence,,"This section describes the free-obstacle robot trajectory generation methodology for reaching a target location inside the abdominal cavity, so-called auto-guide system (AGS)."
8,455,task_select,Shared,1,exact,1.0,1,0,206,264 307,264,2,1,1,1,1,,,,0,0,raw_exact,asserted without locatable evidence,,"The Surgeon's Tool Follower is considered as a gesture, because the behavior just uses kinematic parameters like position and velocity of the robot and surgeon's tools, instead of force/torque measurements."
8,455,task_execute,R,1,exact,1.0,1,0,175,186 279,186,2,1,1,1,1,,,,0,0,raw_exact,asserted without locatable evidence,,"This section describes the free-obstacle robot trajectory generation methodology for reaching a target location inside the abdominal cavity, so-called auto-guide system (AGS)."
8,455,system_maturity,Research prototype (hardware),1,exact,1.0,1,0,296,278,278,1,1,1,1,1,,,,0,0,raw_exact,asserted without locatable evidence,,"In this way, the Endoscope Arm is voice commanded for performing left, right, up, down, inside and outside basic endoscope movements, and the Robot Tool held by the Laparoscopic Tool Arm will be controlled by means of both, the AGS methodology and the low-level controller proposed in this paper."
8,455,study_design,Initial technical demonstration,1,exact,1.0,1,0,163,269 278,269,2,1,1,1,1,,,,0,0,raw_exact,asserted without locatable evidence,,This section is devoted to describe the experiments and the results about the two contributions proposed in this paper for the robotic assisted HALS-SILS scenario.
8,455,country,Spain,1,exact,1.0,1,0,161,4 5,4 5,1,1,1,1,2,,,,0,0,raw_exact,asserted without locatable evidence,,"- a Department of System Engineering and Automation, University of Malaga, Edificio de Institutos Universitarios, Labs. 9-10, Severo Ochoa 4, 29590 Malaga, Spain"
8,455,primary_outcome_metric,force exerted over the abdomen; trajectory accuracy,1,exact,1.0,1,0,111,285 301,285,2,1,1,1,1,,,,0,0,raw_exact,asserted without locatable evidence,,This experiment is devoted to analyze the low-level force feedback controller for performing a single movement.
8,455,key_limitation,Dependence on accurate fulcrum point estimation for force control.,1,exact,1.0,1,0,257,100 297,100,2,1,1,1,1,,,,0,0,raw_exact,asserted without locatable evidence,,"This circumstance affects the precision of the computed Cartesian coordinates in such a way that an incorrect estimation of distance /SUB results in an inexact instrument positioning, which leads to the application of undesired forces in the abdominal wall."
8,455,clinical_readiness_assessment,Proof of concept only,1,exact,1.0,1,0,163,269 278,269,2,1,1,1,1,,,,0,0,raw_exact,asserted without locatable evidence,,This section is devoted to describe the experiments and the results about the two contributions proposed in this paper for the robotic assisted HALS-SILS scenario.
9,699,study_type,Original Research,1,exact,1.0,1,0,79,1,1,1,1,1,1,1,,,,0,0,raw_exact,asserted without locatable evidence,,## A Cooperative Suturing Strategy Based on AI and Multi-Source Information HMI
9,699,robot_platform,"Two collaborative robots (Jaka Robotics Ltd., China)",1,exact,1.0,1,0,469,35 36,35 36,1,1,0,0,2,35,35,,1,1,INT-g6-1_unit_rewritten,asserted without locatable evidence,,"## A.Equipmentandframes Two collaborative robots (Jaka Robotics Ltd.China) were mountedparalleltoeachother on amobiletrolley,andtwo electric suture forceps were fixed tothe ends of the two robots using customised fanges as shown in Fig. 1. The main software used on the host computer isVisual Studio2022 and PycharmCommunityEdition2023.3.2.Thesuturemodelused in the experiment is a simulated skin suture model produced by Guangdong Blue Butterfly Medical Model Factory."
9,699,task_performed,Needle insertion and extraction,1,exact,1.0,1,0,551,4 80,4,2,1,1,1,1,,,,0,0,raw_exact,asserted without locatable evidence,,"InordertofullycombinetheadvantagesofAIandHMI, reduce the surgeon's burden,and decrease the difficulty of surgical uptake, this paper proposes a cooperative suturing schemebasedonAIandmulti-sourceinformationHMI.Onone side, the computer vision recognises the wound information and controlstherobottocompletetheautomaticneedleinsertion operation,and onthe other side,thehuman operatorperforms theneedleextractionoperationusingthemulti-sourceinformationHMI.Weconducted10automaticneedleinsertionand extractionexperimentsusingthecooperativesuturingplatform."
9,699,sample_size,22,1,exact,1.0,1,0,728,92 105,92,2,1,0,0,1,92,92,,1,1,INT-g6-1_unit_rewritten,asserted without locatable evidence,,"## C.Experimentalresults Through the experimental data above,we can get that the average error in the horizontal direction of the entry point is 1.552mm, and the average error in the vertical direction of the entry point is 3.394mm; the average error in the horizontal direction of the exit point is 2.011mm,and the average error inthe vertical direction of the exit point is 4.11mm.By observing the experimental data of the 10 times of the visual autonomy insertion experiments,we can find that the error in theverticaldirection is significantlyhigher thantheerrorinthehorizontaldirection.Thehorizontal andverticalerrorsat the extractionpoint tendtoincrease compared with thehorizontal andverticalerrors at the insertion point."
9,699,surgical_domain,Non-clinical Bench / Phantom,1,exact,1.0,1,0,551,4 36,4,2,1,1,1,1,,,,0,0,raw_exact,asserted without locatable evidence,,"InordertofullycombinetheadvantagesofAIandHMI, reduce the surgeon's burden,and decrease the difficulty of surgical uptake, this paper proposes a cooperative suturing schemebasedonAIandmulti-sourceinformationHMI.Onone side, the computer vision recognises the wound information and controlstherobottocompletetheautomaticneedleinsertion operation,and onthe other side,thehuman operatorperforms theneedleextractionoperationusingthemulti-sourceinformationHMI.Weconducted10automaticneedleinsertionand extractionexperimentsusingthecooperativesuturingplatform."
9,699,autonomy_level,2,1,exact,1.0,1,0,551,4 80,4,2,1,1,1,1,,,,0,0,raw_exact,asserted without locatable evidence,,"InordertofullycombinetheadvantagesofAIandHMI, reduce the surgeon's burden,and decrease the difficulty of surgical uptake, this paper proposes a cooperative suturing schemebasedonAIandmulti-sourceinformationHMI.Onone side, the computer vision recognises the wound information and controlstherobottocompletetheautomaticneedleinsertion operation,and onthe other side,thehuman operatorperforms theneedleextractionoperationusingthemulti-sourceinformationHMI.Weconducted10automaticneedleinsertionand extractionexperimentsusingthecooperativesuturingplatform."
9,699,validation_setting,Phantom/Simulation,1,exact,1.0,1,0,229,36 80,36,2,1,1,1,1,,,,0,0,raw_exact,asserted without locatable evidence,,The main software used on the host computer isVisual Studio2022 and PycharmCommunityEdition2023.3.2.Thesuturemodelused in the experiment is a simulated skin suture model produced by Guangdong Blue Butterfly Medical Model Factory.
9,699,task_monitor,Shared,1,exact,1.0,1,0,551,4 80,4,2,1,1,1,1,,,,0,0,raw_exact,asserted without locatable evidence,,"InordertofullycombinetheadvantagesofAIandHMI, reduce the surgeon's burden,and decrease the difficulty of surgical uptake, this paper proposes a cooperative suturing schemebasedonAIandmulti-sourceinformationHMI.Onone side, the computer vision recognises the wound information and controlstherobottocompletetheautomaticneedleinsertion operation,and onthe other side,thehuman operatorperforms theneedleextractionoperationusingthemulti-sourceinformationHMI.Weconducted10automaticneedleinsertionand extractionexperimentsusingthecooperativesuturingplatform."
9,699,task_generate,Shared,1,exact,1.0,1,0,551,4 80,4,2,1,1,1,1,,,,0,0,raw_exact,asserted without locatable evidence,,"InordertofullycombinetheadvantagesofAIandHMI, reduce the surgeon's burden,and decrease the difficulty of surgical uptake, this paper proposes a cooperative suturing schemebasedonAIandmulti-sourceinformationHMI.Onone side, the computer vision recognises the wound information and controlstherobottocompletetheautomaticneedleinsertion operation,and onthe other side,thehuman operatorperforms theneedleextractionoperationusingthemulti-sourceinformationHMI.Weconducted10automaticneedleinsertionand extractionexperimentsusingthecooperativesuturingplatform."
9,699,task_select,Shared,1,exact,1.0,1,0,551,4 80,4,2,1,1,1,1,,,,0,0,raw_exact,asserted without locatable evidence,,"InordertofullycombinetheadvantagesofAIandHMI, reduce the surgeon's burden,and decrease the difficulty of surgical uptake, this paper proposes a cooperative suturing schemebasedonAIandmulti-sourceinformationHMI.Onone side, the computer vision recognises the wound information and controlstherobottocompletetheautomaticneedleinsertion operation,and onthe other side,thehuman operatorperforms theneedleextractionoperationusingthemulti-sourceinformationHMI.Weconducted10automaticneedleinsertionand extractionexperimentsusingthecooperativesuturingplatform."
9,699,task_execute,Shared,1,exact,1.0,1,0,551,4 80,4,2,1,1,1,1,,,,0,0,raw_exact,asserted without locatable evidence,,"InordertofullycombinetheadvantagesofAIandHMI, reduce the surgeon's burden,and decrease the difficulty of surgical uptake, this paper proposes a cooperative suturing schemebasedonAIandmulti-sourceinformationHMI.Onone side, the computer vision recognises the wound information and controlstherobottocompletetheautomaticneedleinsertion operation,and onthe other side,thehuman operatorperforms theneedleextractionoperationusingthemulti-sourceinformationHMI.Weconducted10automaticneedleinsertionand extractionexperimentsusingthecooperativesuturingplatform."
9,699,system_maturity,Algorithm on existing platform,1,exact,1.0,1,0,469,35 36,35 36,1,1,0,0,2,35,35,,1,1,INT-g6-1_unit_rewritten,asserted without locatable evidence,,"## A.Equipmentandframes Two collaborative robots (Jaka Robotics Ltd.China) were mountedparalleltoeachother on amobiletrolley,andtwo electric suture forceps were fixed tothe ends of the two robots using customised fanges as shown in Fig. 1. The main software used on the host computer isVisual Studio2022 and PycharmCommunityEdition2023.3.2.Thesuturemodelused in the experiment is a simulated skin suture model produced by Guangdong Blue Butterfly Medical Model Factory."
9,699,study_design,Feasibility study,1,exact,1.0,1,0,57,96,96,1,1,1,1,1,,,,0,0,raw_exact,asserted without locatable evidence,,"In this paper, we proposed a cooperative suturing scheme."
9,699,country,China,1,exact,1.0,1,0,212,13,13,1,1,1,1,1,,,,0,0,raw_exact,asserted without locatable evidence,,"The authors are with the key Laboratory of Mechanism Theory and Equipment Design of Ministry of Education,School of Mechanical Engineering, Tianjin University, Tianjin 300350, China (e-mail: melzpan @tju.edu.cn)."
9,699,primary_outcome_metric,Average error in needle insertion and extraction points,1,exact,1.0,1,0,728,92,92,1,1,0,0,1,92,92,,1,1,INT-g6-1_unit_rewritten,asserted without locatable evidence,,"## C.Experimentalresults Through the experimental data above,we can get that the average error in the horizontal direction of the entry point is 1.552mm, and the average error in the vertical direction of the entry point is 3.394mm; the average error in the horizontal direction of the exit point is 2.011mm,and the average error inthe vertical direction of the exit point is 4.11mm.By observing the experimental data of the 10 times of the visual autonomy insertion experiments,we can find that the error in theverticaldirection is significantlyhigher thantheerrorinthehorizontaldirection.Thehorizontal andverticalerrorsat the extractionpoint tendtoincrease compared with thehorizontal andverticalerrors at the insertion point."
9,699,primary_outcome_value,Horizontal: 1.552 mm; Vertical: 3.394 mm (insertion); Horizontal: 2.011 mm; Vertical: 4.11 mm (extraction),1,exact,1.0,1,0,988,92 93,92 93,1,1,0,0,2,92,92,,1,1,INT-g6-1_unit_rewritten,asserted without locatable evidence,,"## C.Experimentalresults Through the experimental data above,we can get that the average error in the horizontal direction of the entry point is 1.552mm, and the average error in the vertical direction of the entry point is 3.394mm; the average error in the horizontal direction of the exit point is 2.011mm,and the average error inthe vertical direction of the exit point is 4.11mm.By observing the experimental data of the 10 times of the visual autonomy insertion experiments,we can find that the error in theverticaldirection is significantlyhigher thantheerrorinthehorizontaldirection.Thehorizontal andverticalerrorsat the extractionpoint tendtoincrease compared with thehorizontal andverticalerrors at the insertion point. The average values of the horizontal errors at the insertion point andextraction point are1.552mm and 2.011mm,respectively, and the maximum value does not exceed 3.5mm,which proves that a certain degree of accuracy can be achieved in the horizontal direction."
9,699,secondary_outcomes,Task completion rate: 83.3%; Average completion time: 70.81s,0,none,0.7241379310344828,1,0,164,95 96,95 96,1,1,0,0,2,95,95,,0,0,INT-g6-1_unit_rewritten,asserted without locatable evidence,verified,"(4),Eq. (5). According to the experimental data in Table 1, the calculations yield CR=83.3% and CT=70.81s. In this paper, we proposed a cooperative suturing scheme."
9,699,key_limitation,Use of simplified simulation model and limited evaluation metrics.,1,exact,1.0,1,0,506,108,108,1,1,1,1,1,,,,0,0,raw_exact,asserted without locatable evidence,,"Thecurrentstudystillhasseverallimitations.Sincethis is an early stage study, the evaluation metrics designed are relativelysimple andmaynotbeabletofullyevaluatethe performance of the program.Secondly, this scheme uses a simulationmodel,whichissimplifiedcomparedtothereal surgical environment in surgery, and may require more visual When the multi-source HMI is used for a long period of time, factors such as sweating and muscle fatigue will lead to a decrease in the performance of the EMG signal control."
9,699,clinical_readiness_assessment,Proof of concept only,1,exact,1.0,1,0,229,36,36,1,1,1,1,1,,,,0,0,raw_exact,asserted without locatable evidence,,The main software used on the host computer isVisual Studio2022 and PycharmCommunityEdition2023.3.2.Thesuturemodelused in the experiment is a simulated skin suture model produced by Guangdong Blue Butterfly Medical Model Factory.
10,431,robot_platform,Magnetic anchoring robot system; Visual servo control subsystem,1,exact,1.0,1,0,123,2 40,2,2,1,1,1,1,,,,0,0,raw_exact,asserted without locatable evidence,,## Development on a magnetic anchoring robot system based on visual servo control for laparoendoscopic single -site surgery
10,431,task_performed,Autonomous positioning of end-effector using visual servo control,1,exact,1.0,1,0,120,13 76 85,13,3,1,1,1,1,,,,0,0,raw_exact,asserted without locatable evidence,,Laparoendoscopic single -site surgery (LESS) is considered an important improvement in minimally invasive surgery (MIS).
10,431,surgical_domain,General Surgery,1,exact,1.0,1,0,120,13 76 85,13,3,1,1,1,1,,,,0,0,raw_exact,asserted without locatable evidence,,Laparoendoscopic single -site surgery (LESS) is considered an important improvement in minimally invasive surgery (MIS).
10,431,autonomy_level,2 (Task autonomy),1,exact,1.0,1,0,104,76 85,76,2,1,1,1,1,,,,0,0,raw_exact,asserted without locatable evidence,,"In this study, the surgeon does not participate in the control process, but assigns the expected target."
10,431,validation_setting,Phantom/Simulation; Ex vivo,1,exact,1.0,1,0,14,197 205 236,197,3,1,1,1,1,,,,0,0,raw_exact,asserted without locatable evidence,,## 3 | RESULTS
10,431,task_monitor,R,1,exact,1.0,1,0,104,76 85 178,76,3,1,1,1,1,,,,0,0,raw_exact,asserted without locatable evidence,,"In this study, the surgeon does not participate in the control process, but assigns the expected target."
10,431,task_generate,R,1,exact,1.0,1,0,104,76 85 178,76,3,1,1,1,1,,,,0,0,raw_exact,asserted without locatable evidence,,"In this study, the surgeon does not participate in the control process, but assigns the expected target."
10,431,task_select,R,1,exact,1.0,1,0,104,76 85 178,76,3,1,1,1,1,,,,0,0,raw_exact,asserted without locatable evidence,,"In this study, the surgeon does not participate in the control process, but assigns the expected target."
10,431,task_execute,R,1,exact,1.0,1,0,104,76 85 178,76,3,1,1,1,1,,,,0,0,raw_exact,asserted without locatable evidence,,"In this study, the surgeon does not participate in the control process, but assigns the expected target."
10,431,system_maturity,Research prototype (hardware),1,exact,1.0,1,0,22,40 56,40,2,1,1,1,1,,,,0,0,raw_exact,asserted without locatable evidence,,## 2.1 | System design
10,431,study_design,Algorithm development and evaluation,1,exact,1.0,1,0,182,23 197,23,2,1,1,1,1,,,,0,0,raw_exact,asserted without locatable evidence,,"It includes a magnetic anchoring robot and a control subsystem, in which an uncalibrated visual servo control method obtains an accurate positioning capability of the robot for LESS."
10,431,country,China,1,exact,1.0,1,0,41,4 6,4,2,1,1,1,1,,,,0,0,raw_exact,asserted without locatable evidence,,"1 Harbin Institute of Technology, Harbin,"
10,431,primary_outcome_metric,Average positioning error,1,exact,1.0,1,0,100,208,208,1,1,1,1,1,,,,0,0,raw_exact,asserted without locatable evidence,,"Thus, the average positioning error of 1.622 mm was obtained through 30 measurements (in Figure 12)."
10,431,primary_outcome_value,1.622 mm,1,exact,1.0,1,0,100,208,208,1,1,1,1,1,,,,0,0,raw_exact,asserted without locatable evidence,,"Thus, the average positioning error of 1.622 mm was obtained through 30 measurements (in Figure 12)."
10,431,secondary_outcomes,Control errors: x-direction 0.12-0.22 mm; y-direction 0.13-0.25 mm,1,exact,1.0,1,0,146,239,239,1,1,1,1,1,,,,0,0,raw_exact,asserted without locatable evidence,,"Since there are image distortion and feature extraction errors of the target and markers, the positioning error is higher than the control errors."
10,431,key_limitation,High positioning error affecting accuracy,1,exact,1.0,1,0,100,208,208,1,1,1,1,1,,,,0,0,raw_exact,asserted without locatable evidence,,"Thus, the average positioning error of 1.622 mm was obtained through 30 measurements (in Figure 12)."
10,431,clinical_readiness_assessment,Proof of concept only,1,exact,1.0,1,0,267,205 236,205,2,1,1,1,1,,,,0,0,raw_exact,asserted without locatable evidence,,"To verify the positioning accuracy of the robot system, a testing bench was built as shown in Figure 11. The robot is anchored through the magnetic attraction force on a testing plate which has thickness 30 mm, the same as the thickness of the Asiatic abdominal wall."
11,783,study_type,Original Research,1,exact,1.0,1,0,89,1,1,1,1,1,1,1,,,,0,0,raw_exact,asserted without locatable evidence,,## In Vivo Demonstration of a Bevel Tip Steerable Needle with an Integrated Fluid Channel
11,783,robot_platform,No physical platform — bevel tip steerable needle with integrated fluid channel,1,exact,1.0,1,0,226,14,14,1,1,1,1,1,,,,0,0,raw_exact,asserted without locatable evidence,,"By using the helical laser patterning proposed in [4], we can create a steerable needle large enough to house both a magnetic tracking coil and a fluid delivery lumen, but that is still flexible enough to steer in lung tissue."
11,783,task_performed,Autonomous needle steering for fluid delivery in lung tissue,1,exact,1.0,1,0,98,5 30,5,2,1,1,1,1,,,,0,0,raw_exact,asserted without locatable evidence,,This led to recent demonstration of autonomous needle steering in the lung in vivo in animals [3].
11,783,surgical_domain,General Surgery,1,exact,1.0,1,0,98,5 30,5,2,1,1,1,1,,,,0,0,raw_exact,asserted without locatable evidence,,This led to recent demonstration of autonomous needle steering in the lung in vivo in animals [3].
11,783,autonomy_level,4 (High autonomy),1,exact,1.0,1,0,98,5 30,5,2,1,1,1,1,,,,0,0,raw_exact,asserted without locatable evidence,,This led to recent demonstration of autonomous needle steering in the lung in vivo in animals [3].
11,783,validation_setting,In vivo (animal),1,exact,1.0,1,0,198,21 30,21,2,1,1,1,1,,,,0,0,raw_exact,asserted without locatable evidence,,"We experimentally demonstrated the efficacy of this new needle design in ex vivo and in vivo experiments, as shown in Figure 2. The veterinary team anesthetized the pig and administered a paralytic."
11,783,task_monitor,R,1,exact,1.0,1,0,235,19,19,1,1,1,1,1,,,,0,0,raw_exact,asserted without locatable evidence,,"Within this 1.8 mm outer diameter (OD) needle, we insert a 30-gauge nitinol fluid channel (0.36 mm OD), and a 6 degree of freedom (DOF) magnetic tracking coil (0.9 mm OD), which are both fixed at the tip using a cyanoacrylate adhesive."
11,783,task_generate,R,1,exact,1.0,1,0,247,31 32,31 32,1,1,1,1,2,,,,0,0,raw_exact,asserted without locatable evidence,,"We used the method in [5] to generate a sampling-based motion plan for the robotic system, planning needle motion from the airways to the target. To reduce the effects of respiratory motion, we performed the needle insertions during a breath hold."
11,783,task_select,R,1,exact,1.0,1,0,247,31 32,31 32,1,1,1,1,2,,,,0,0,raw_exact,asserted without locatable evidence,,"We used the method in [5] to generate a sampling-based motion plan for the robotic system, planning needle motion from the airways to the target. To reduce the effects of respiratory motion, we performed the needle insertions during a breath hold."
11,783,task_execute,R,1,exact,1.0,1,0,98,5 40,5,2,1,1,1,1,,,,0,0,raw_exact,asserted without locatable evidence,,This led to recent demonstration of autonomous needle steering in the lung in vivo in animals [3].
11,783,system_maturity,Research prototype (hardware),1,exact,1.0,1,0,191,17,17,1,1,1,1,1,,,,0,0,raw_exact,asserted without locatable evidence,,"Our steerable needle has a hinged bevel tip with a helical dovetail pattern laser cut into the distal shaft (Medical Device Imagineering, Inc., Somerset, NJ) using a fiber laser (Rofin Inc.)."
11,783,study_design,Feasibility study,1,exact,1.0,1,0,198,21 48,21,2,1,1,1,1,,,,0,0,raw_exact,asserted without locatable evidence,,"We experimentally demonstrated the efficacy of this new needle design in ex vivo and in vivo experiments, as shown in Figure 2. The veterinary team anesthetized the pig and administered a paralytic."
11,783,country,United States,1,exact,1.0,1,0,383,3,3,1,1,1,1,1,,,,0,0,raw_exact,asserted without locatable evidence,,"1 Mechanical Engineering, Vanderbilt University, 2 Vanderbilt University Medical Center 3 Division of Thoracic Surgery, Creighton University School of Medicine, CHI Health 4 Kahlert School of Computing and Robotics Center, University of Utah 5 University of North Carolina School of Medicine 6 Computer Science, University of North Carolina at Chapel Hill emily.mccabe@vanderbilt.edu"
11,783,primary_outcome_metric,Targeting error,1,exact,1.0,1,0,182,40,40,1,1,1,1,1,,,,0,0,raw_exact,asserted without locatable evidence,,We steered the fluid channel needle in an in vivo porcine model with a final targeting error of 1.59 mm in magnetic tracker space and successfully injected contrast agent through it.
11,783,primary_outcome_value,1.59 mm,1,exact,1.0,1,0,182,40,40,1,1,1,1,1,,,,0,0,raw_exact,asserted without locatable evidence,,We steered the fluid channel needle in an in vivo porcine model with a final targeting error of 1.59 mm in magnetic tracker space and successfully injected contrast agent through it.
11,783,comparison_to_human,NR,1,exact,1.0,1,0,119,30,30,1,1,1,1,1,,,,0,0,raw_exact,asserted without locatable evidence,,"We collected a preoperative CT during a breath hold and segmented and registered it to the animal, as described in [3]."
11,783,secondary_outcomes,NR,1,exact,1.0,1,0,182,40,40,1,1,1,1,1,,,,0,0,raw_exact,asserted without locatable evidence,,We steered the fluid channel needle in an in vivo porcine model with a final targeting error of 1.59 mm in magnetic tracker space and successfully injected contrast agent through it.
11,783,key_limitation,The small diameter of the fluid channel limits its applicability for certain tools.,1,exact,1.0,1,0,225,42 43,42 43,1,1,0,0,2,42,42,,1,1,INT-g6-1_unit_rewritten,asserted without locatable evidence,,"## DISCUSSION We note that the fluid channel we used in this work was small in diameter. Thus, while it is suitable for some fluids, it is too small for most existing biopsy devices or interventional tools to pass through it."
11,783,clinical_readiness_assessment,Approaching clinical readiness,1,exact,1.0,1,0,98,5 30,5,2,1,1,1,1,,,,0,0,raw_exact,asserted without locatable evidence,,This led to recent demonstration of autonomous needle steering in the lung in vivo in animals [3].
12,604,study_type,Original Research,1,exact,1.0,1,0,94,1,1,1,1,1,1,1,,,,0,0,raw_exact,asserted without locatable evidence,,## Reward Learning from Suboptimal Demonstrations with Applications in Surgical Electrocautery
12,604,robot_platform,KUKA LBR Med Robot; Intel RealSense depth camera D405,1,exact,1.0,1,0,137,208 212,208,2,1,1,1,1,,,,0,0,raw_exact,asserted without locatable evidence,,A successful execution of the electrocautery policy is shown in Fig. 7 and our full physical experimental setup is illustrated in Fig. 8.
12,604,task_performed,Electrocautery cutting task; Suturing; Tissue retraction,1,exact,1.0,1,0,139,126 137 144,126,3,1,1,1,1,,,,0,0,raw_exact,asserted without locatable evidence,,The surgical electrocautery task is modeled as sequentially moving the end-effector to attachment points between tissues and removing them.
12,604,sample_size,7,1,exact,1.0,1,0,98,224,224,1,1,1,1,1,,,,0,0,raw_exact,asserted without locatable evidence,,"We conducted seven trials of the experiment, each featuring a different attachment point location."
12,604,surgical_domain,General Surgery,1,exact,1.0,1,0,69,123 208,123,2,1,1,1,1,,,,0,0,raw_exact,asserted without locatable evidence,,We first apply our method to simulated surgical electrocautery tasks.
12,604,autonomy_level,4 (High autonomy),1,exact,1.0,1,0,68,173 208,173,2,1,1,1,1,,,,0,0,raw_exact,asserted without locatable evidence,,The policy is trained using Proximal Policy Optimization (PPO) [38].
12,604,validation_setting,Simulation; Ex vivo,1,exact,1.0,1,0,69,123 208,123,2,1,1,1,1,,,,0,0,raw_exact,asserted without locatable evidence,,We first apply our method to simulated surgical electrocautery tasks.
12,604,task_monitor,R,1,exact,1.0,1,0,138,79 143,79,2,1,1,1,1,,,,0,0,raw_exact,asserted without locatable evidence,,We use this low-dimensional latent representation together with the task-related robot state as the input for the learned reward function.
12,604,task_generate,Shared,1,exact,1.0,1,0,38,89 106,89,2,1,1,1,1,,,,0,0,raw_exact,asserted without locatable evidence,,## B. Preference-Based Reward Learning
12,604,task_select,R,1,exact,1.0,1,0,172,92 106,92,2,1,1,1,1,,,,0,0,raw_exact,asserted without locatable evidence,,Denote R θ ( o ) as the parameterized learned reward function and define J θ ( τ ) = ∑ o ∈ τ R θ ( o ) as the return of a trajectory τ according to learned reward function.
12,604,task_execute,R,1,exact,1.0,1,0,120,110 173,110,2,1,1,1,1,,,,0,0,raw_exact,asserted without locatable evidence,,The observation space contains the task-related robot state s robot so that the robot gets dense reward at every action.
12,604,system_maturity,Commercial system + research autonomy,1,exact,1.0,1,0,137,208 212,208,2,1,1,1,1,,,,0,0,raw_exact,asserted without locatable evidence,,A successful execution of the electrocautery policy is shown in Fig. 7 and our full physical experimental setup is illustrated in Fig. 8.
12,604,study_design,Algorithm development and evaluation,1,exact,1.0,1,0,195,6 123,6,2,1,1,1,1,,,,0,0,raw_exact,asserted without locatable evidence,,This paper introduces a sample-efficient method that learns a robust reward function from a limited amount of ranked suboptimal demonstrations consisting of partial-view point cloud observations.
12,604,primary_outcome_metric,Task success rate,1,exact,1.0,1,0,207,198,198,1,1,1,1,1,,,,0,0,raw_exact,asserted without locatable evidence,,"For Sphere Task, Fig. 6 shows that our method achieves close to 80 percent task success rate, upper-bounded by the 85 percent task success rate achieved by the policy trained on the ground-truth (GT) reward."
12,604,primary_outcome_value,80% success rate; 85% upper bound (GT reward),1,exact,1.0,1,0,207,198 200,198,2,1,1,1,1,,,,0,0,raw_exact,asserted without locatable evidence,,"For Sphere Task, Fig. 6 shows that our method achieves close to 80 percent task success rate, upper-bounded by the 85 percent task success rate achieved by the policy trained on the ground-truth (GT) reward."
12,604,comparison_to_human,Autonomous: 80% vs Manual: 47.5% (BC perfect),1,exact,1.0,1,0,209,200,200,1,1,1,1,1,,,,0,0,raw_exact,asserted without locatable evidence,,Fig. 6 shows that our method outperforms BC policies that have access to the same amount of demonstrations: our method yields improvements of 64.13% for Sphere Task and 44.70% for Cutting Task over BC perfect.
12,604,key_limitation,Dependence on high-quality point cloud observations and limited generalization to real clinical scenarios.,1,exact,1.0,1,0,200,227,227,1,1,1,1,1,,,,0,0,raw_exact,asserted without locatable evidence,,"Upon careful analysis of these particular instances, we identified a common factor: the point clouds associated with these failure cases were out of distribution and consequently poorly reconstructed."
12,604,clinical_readiness_assessment,Proof of concept only,1,exact,1.0,1,0,69,123 208,123,2,1,1,1,1,,,,0,0,raw_exact,asserted without locatable evidence,,We first apply our method to simulated surgical electrocautery tasks.
