paper_id,ee_identifier,title,PI_decision,PI_notes,A_primary,A_final,A_rationale,B_primary,B_final,B_rationale,C_primary,C_final,C_rationale
290,EE-138,Accuracy of Anterior Immediate Versus Delayed Implant Placement With an Autonomous Robotic System: A Retrospective Study.,exclude,,IN,FLAGGED,"verifier: The abstract describes an 'autonomous robotic system' performing implant placement, which *appears* to meet the criteria. However, the specialty is dental surgery, which is explicitly excluded. While…",OUT,OUT,"primary: The paper describes a retrospective study on the accuracy of an autonomous robotic system for implant placement, but it does not specify whether the robotic system performed a physical surgical task …",OUT,OUT,"primary: The paper describes an autonomous robotic system used in implant placement but does not clearly involve a physical surgical task on tissue, phantoms, or in-vivo models. It appears to be a retrospecti…"
306,EE-154,Accuracy of Zygomatic Implant Placement Using Task-Autonomous Robotic System or Dynamic Navigation: An In Vitro Study.,exclude,,IN,FLAGGED,"verifier: The paper focuses on zygomatic implant placement, which falls under dental/oral and maxillofacial surgery – an excluded specialty. While the abstract mentions a 'task-autonomous robotic system', the …",IN,FLAGGED,"verifier: The abstract describes zygomatic implant (ZI) placement, which falls under dental/oral and maxillofacial surgery – an excluded specialty. While the system is described as 'task-autonomous', the conte…",IN,FLAGGED,"verifier: The abstract describes zygomatic implant (ZI) placement, which falls under dental/oral and maxillofacial surgery – an excluded specialty. While the system is described as 'task-autonomous', the conte…"
362,EE-210,Accuracy of autonomous robotic surgery for single-tooth implant placement: A case series.,exclude,,IN,FLAGGED,"verifier: The study focuses on dental implant surgery, which is explicitly excluded from the specialty scope. While the abstract mentions 'autonomous robotic surgery', the context is a dental procedure, trigge…",OUT,OUT,"primary: The paper describes dental implant surgery, which falls under the excluded specialties (dental surgery). Although the paper involves an autonomous robotic system, the specialty is excluded based on t…",OUT,OUT,"primary: The paper describes a case series of autonomous robotic surgery for single-tooth implant placement, but it is focused on dental surgery, which is explicitly excluded under the specialty scope. Additi…"
356,EE-204,Autonomous robotic surgery for zygomatic implant placement and immediately loaded implant-supported full-arch prosthesis: a preliminary research.,exclude,,IN,FLAGGED,"verifier: While the paper describes robotic *assistance* with implant placement, the abstract does not indicate any autonomous or semi-autonomous behavior of the robot. The system appears to follow a pre-plann…",IN,FLAGGED,"verifier: The abstract describes a robotic *assistance* with implant placement, but does not detail any autonomous or semi-autonomous decision-making by the robot. The system appears to follow a pre-planned pa…",IN,FLAGGED,"verifier: The abstract describes a robotic *assistance* with implant placement, but does not detail any autonomous or semi-autonomous decision-making by the robot. The system appears to follow a pre-planned pa…"
336,EE-184,Clinical evaluation of autonomous robotic-assisted full-arch implant surgery: A 1-year prospective clinical study.,exclude,,IN,FLAGGED,"verifier: The abstract describes a robotic-assisted *full-arch implant surgery*, which falls under dental/oral and maxillofacial surgery – an excluded specialty. While the system is described as 'autonomous', …",OUT,OUT,"primary: The paper describes a clinical evaluation of autonomous robotic-assisted full-arch implant surgery, which is a dental specialty. According to the exclusion criteria, dental surgery is excluded. Addit…",OUT,OUT,"primary: The paper describes a clinical evaluation of an autonomous robotic-assisted full-arch implant surgery system, but it does not clearly specify the level of autonomy (Levels 1–5 per the Yang et al. tax…"
600,EE-448,Development of Autonomous Robot Osteotomy for Mandibular Ramal Bone Harvest and Evaluation of Its Accuracy: A Phantom Mandible-Based Trial,exclude,,IN,FLAGGED,"verifier: The study focuses on mandibular osteotomy, which falls under oral and maxillofacial surgery – an excluded specialty. While the abstract describes an autonomous robot performing the osteotomy, the spe…",IN,FLAGGED,"verifier: The specialty is oral and maxillofacial surgery (mandibular osteotomy), which is explicitly excluded. While bench/preclinical tasks are included regardless of specialty, this is a specific surgical t…",IN,FLAGGED,"verifier: The specialty is oral and maxillofacial surgery (mandibular osteotomy), which is explicitly excluded. While bench/preclinical tasks are included regardless of specialty, this is a specific surgical t…"
257,EE-105,Efficiency for robotic-assisted extraction of completely impacted supernumerary teeth in children: a randomized controlled trial.,exclude,,IN,FLAGGED,"verifier: The study focuses on dental surgery (extraction of impacted teeth), which is explicitly excluded from the specialty scope. While the abstract mentions 'autonomous robotic system', the context is spec…",OUT,OUT,"primary: The paper describes a robotic-assisted surgical procedure for impacted teeth extraction in children, but it does not clearly indicate that the robotic system operates autonomously or semi-autonomousl…",OUT,OUT,"primary: The paper describes a robotic-assisted surgical system for impacted teeth extraction in children, but it is explicitly stated that the robotic system is used in a conventional surgical context with t…"
258,EE-106,Evaluation of the accuracy of semi-autonomous robotic system versus dynamic navigation in completely edentulous implant surgery: an in vitro study.,exclude,,IN,FLAGGED,"verifier: The paper focuses on dental implant surgery, which is explicitly excluded from the specialty scope. While a robotic system is involved, the context is a specifically dental procedure, triggering the …",IN,FLAGGED,"verifier: The study focuses on dental implant surgery, which is explicitly excluded from the specialty scope. While a robotic system is involved, the surgical task is within a excluded specialty.",IN,FLAGGED,"verifier: The study focuses on dental implant surgery, which is explicitly excluded from the specialty scope. While a robotic system is involved, the surgical task is within a excluded specialty."
261,EE-109,Robot-assisted Versus Manual: Intracochlear Forces During and After Cochlear Implant Electrode Insertion Show Benefits of Automation and Electrode Guidance.,exclude,,IN,FLAGGED,"verifier: The abstract describes a robotic *assistance* during cochlear implant insertion, focusing on force reduction. It does not detail any autonomous decision-making or control by the robot; rather, it sug…",OUT,OUT,"primary: The paper describes a study on intracochlear forces during cochlear implant electrode insertion, which falls under ophthalmic surgery. Ophthalmic surgery is explicitly excluded per the specialty scop…",FLAGGED,FLAGGED,"p1 include: The paper involves an autonomous or semi-autonomous robotic component that controls or directs a physical robot to exec… | p2 exclude: The paper describes a study comparing robot-assisted versus manual insertion of cochlear implant electrodes, focusing o…"
57,EE-026,Robotic middle ear access for cochlear implantation: First in man,exclude,,IN,FLAGGED,"verifier: While the abstract describes robotic drilling, the final step of creating the cochlear access was performed *manually* by the surgeon. The robot only performed a portion of the surgical task, and the…",OUT,OUT,"primary: The paper describes a clinical trial involving robotic drilling for cochlear implantation, but it does not involve an autonomous or semi-autonomous robotic component that controls or directs a physic…",OUT,OUT,"primary: The paper describes a robotic system used in cochlear implantation, but the robotic component is primarily used for planning and drilling under the guidance of preoperative imaging and intraoperative…"
354,EE-202,A Semi-Autonomous Stereotactic Brain Biopsy Robotic System With Enhanced Surgical Safety and Surgeon-Robot Collaboration.,exclude,,IN,FLAGGED,"verifier: The paper focuses on neurosurgery, which is an excluded specialty. While the abstract mentions semi-autonomy, the specialty exclusion overrides this. The instructions state to exclude neurosurgery pa…",IN,FLAGGED,verifier: The abstract explicitly states the study focuses on a neurosurgical system. Neurosurgery is an excluded specialty according to the specialty scope guidelines. While the abstract mentions semi-autonom…,IN,FLAGGED,verifier: The abstract explicitly states the study focuses on a neurosurgical system. Neurosurgery is an excluded specialty according to the specialty scope guidelines. While the abstract mentions semi-autonom…
598,EE-446,AOSRV: Development and preliminary performance assessment of a new robotic system for autonomous percutaneous vertebroplasty,exclude,,IN,FLAGGED,"verifier: The specialty is neurosurgery, which is an excluded specialty. While the abstract mentions 'autonomous vertebroplasty', the procedure itself falls within the scope of neurosurgery and is therefore ex…",OUT,OUT,"primary: The paper describes a robotic system for autonomous percutaneous vertebroplasty, which falls under orthopedic surgery. According to the exclusion criteria, orthopedic surgery is excluded unless the a…",OUT,OUT,"primary: The paper describes a robotic system for autonomous percutaneous vertebroplasty, which is a neurosurgical specialty. According to the exclusion criteria, neurosurgery is explicitly excluded unless th…"
360,EE-208,Accuracy Evaluation of a Novel Spinal Robotic System for Autonomous Laminectomy in Thoracic and Lumbar Vertebrae: A Cadaveric Study.,exclude,,IN,FLAGGED,"verifier: The specialty is neurosurgery, which is an excluded specialty. While the abstract mentions 'autonomous laminectomy', the focus is specifically on a neurosurgical procedure, and therefore falls under …",IN,FLAGGED,"verifier: The specialty scope explicitly excludes neurosurgery, and the paper focuses on spinal laminectomy, a neurosurgical procedure. While the abstract mentions 'autonomous laminectomy', the procedure itsel…",IN,FLAGGED,"verifier: The specialty scope explicitly excludes neurosurgery, and the paper focuses on spinal laminectomy, a neurosurgical procedure. While the abstract mentions 'autonomous laminectomy', the procedure itsel…"
302,EE-150,Accuracy and safety evaluation of a novel artificial intelligence-based robotic system for autonomous spinal posterior decompression.,exclude,,IN,FLAGGED,"verifier: The specialty is neurosurgery, which is an excluded specialty. While the task is described as 'autonomous', the context is specifically spinal decompression, making it a specialty-specific task and t…",IN,FLAGGED,verifier: The abstract describes an autonomous system performing a *spinal* posterior decompression. Spinal surgery falls within the excluded specialty of neurosurgery. While the abstract mentions autonomous p…,IN,FLAGGED,verifier: The abstract describes an autonomous system performing a *spinal* posterior decompression. Spinal surgery falls within the excluded specialty of neurosurgery. While the abstract mentions autonomous p…
603,EE-451,Automatic Robotic Cranium-Milling: A Motion Control Study of In Vitro Animal Experiments,exclude,,IN,FLAGGED,"verifier: The specialty is neurosurgery, which is explicitly excluded. While the paper describes autonomous skull milling, it falls within an excluded specialty. The instructions state to exclude neurosurgery …",IN,FLAGGED,"verifier: The specialty is neurosurgery, which is explicitly excluded. While the abstract mentions a generalizable task (skull milling), the context is specifically neurosurgical, triggering the exclusion crit…",IN,FLAGGED,"verifier: The specialty is neurosurgery, which is explicitly excluded. While the abstract mentions a generalizable task (skull milling), the context is specifically neurosurgical, triggering the exclusion crit…"
372,EE-220,Autonomous Spinal Robotic System for Transforaminal Lumbar Epidural Injections: A Proof of Concept of Study.,exclude,,IN,FLAGGED,"verifier: The abstract describes a robotic system assisting with injections, but does not detail any autonomous or semi-autonomous behavior. The system appears to facilitate accurate placement, but doesn't ind…",OUT,OUT,"primary: The paper describes a robotic system for transforaminal lumbar epidural injections, which is a procedure typically associated with neurosurgery. According to the exclusion criteria, neurosurgery is e…",OUT,OUT,"primary: The paper describes a robotic system for transforaminal lumbar epidural injections, but the abstract does not provide sufficient information to determine if the system involves autonomous or semi-aut…"
450,EE-298,Development and preliminary assessment of a robotic platform for neuroendoscopy based on a lightweight robot.,exclude,,IN,FLAGGED,"verifier: The specialty is neurosurgery, which is explicitly excluded unless the task is generalizable. The abstract only mentions 'autonomous' and 'hands-on control' without detailing a generalizable task or …",OUT,OUT,"primary: The paper describes a robotic platform for neuroendoscopy, which falls under neurosurgery, a specialty explicitly excluded unless the autonomous task is generalizable. The abstract mentions 'accurate…",OUT,OUT,primary: The paper describes a robotic platform for neuroendoscopy but does not provide sufficient information to determine if it involves autonomous or semi-autonomous robotic control of a physical surgical …
582,EE-430,Influence of the Localization Strategy on the Accuracy of a Neurosurgical Robot System,exclude,,IN,FLAGGED,"verifier: While the abstract mentions a 'robot system for frameless stereotactic neurosurgery', it focuses on localization strategies to *improve accuracy* rather than demonstrating autonomous or semi-autonomo…",OUT,OUT,"primary: The paper focuses on neurosurgical robotics, which is excluded under the specialty scope. Neurosurgery is explicitly excluded unless the autonomous task is generalizable. The paper describes a neuros…",OUT,OUT,"primary: The paper describes a neurosurgical robot system (RONNA) and evaluates localization strategies for frameless stereotactic neurosurgery. However, it does not involve any level of surgical autonomy (Le…"
737,EE-585,Position planning for collaborating robots and its application in neurosurgery,exclude,,IN,FLAGGED,"verifier: The paper focuses on neurosurgery, which is an excluded specialty. While the abstract mentions 'collaborating robots', it does not explicitly state that the robots perform any autonomous surgical act…",OUT,OUT,"primary: The paper's title and abstract suggest it focuses on neurosurgery and position planning for collaborating robots, but it does not clearly indicate the presence of autonomous or semi-autonomous roboti…",OUT,OUT,"primary: The paper describes position planning for collaborating robots in neurosurgery, but it does not clearly indicate the presence of an autonomous or semi-autonomous robotic component that controls or di…"
264,EE-112,Precise path planning for robot-assisted craniotomy: a CT-driven virtual center method.,exclude,,IN,IN,verifier: The abstract explicitly states the development of a path planning method for *robotic* craniotomy that *automatically generates surgical paths* and integrates with *force-based robotic surgical syste…,IN,FLAGGED,"verifier: The abstract describes a robotic system used for craniotomy, but focuses on *path planning* and does not demonstrate the robot *executing* the craniotomy autonomously or semi-autonomously. The system…",FLAGGED,FLAGGED,"p1 exclude: The paper describes a robotic system for craniotomy, but it is explicitly focused on force-based robotic surgical syste… | p2 include: The paper describes a robotic system for craniotomy that involves autonomous path planning using CT images. The system …"
413,EE-261,Robot-Based Autonomous Neuroregistration and Neuronavigation: Implementation and Case Studies.,exclude,,IN,FLAGGED,"verifier: The paper describes a neurosurgical application, which is an excluded specialty. While the abstract details autonomous navigation and registration, the specialty context dictates exclusion based on t…",IN,FLAGGED,"verifier: The study focuses on neurosurgery, which is an excluded specialty. While the abstract describes autonomous navigation, the context is specifically neurosurgical, and the task (neuroregistration and n…",IN,FLAGGED,"verifier: The study focuses on neurosurgery, which is an excluded specialty. While the abstract describes autonomous navigation, the context is specifically neurosurgical, and the task (neuroregistration and n…"
429,EE-277,Robot-guided neuromapping during nerve-sparing taTME for low rectal cancer.,exclude,,IN,FLAGGED,"verifier: While the paper describes a 'robot-guided' neuromapping process, the abstract indicates the robot is used to *position* a probe for neuromapping, but the neuromapping itself (electrophysiological eva…",OUT,OUT,"primary: The paper describes a robot-guided neuromapping system for nerve-sparing taTME, but it is focused on neurosurgery and specifically involves specialty-specific autonomous tasks (neuromapping for recta…",OUT,OUT,"primary: The paper describes a robot-guided neuromapping system during TME surgery, but it does not involve an autonomous or semi-autonomous robotic component that controls or directs a physical robot to exec…"
800,EE-648,Robotic-Arm-Based Force Control by Deep Deterministic Policy Gradient in Neurosurgical Practice,exclude,,IN,FLAGGED,"verifier: The abstract describes a reinforcement learning agent optimizing force control for a robotic arm *during* neurosurgical practice, but does not explicitly state the robot *executes* any surgical actio…",OUT,OUT,"primary: The paper focuses on neurosurgical practice and describes the use of reinforcement learning (DDPG) for robotic-arm-based force control. However, it does not clearly involve autonomous or semi-autonom…",OUT,OUT,"primary: The paper describes a reinforcement learning approach for force control in neurosurgical practice, but it does not clearly involve an autonomous or semi-autonomous robotic component that controls or …"
435,EE-283,Semi-autonomous image-guided brain tumour resection using an integrated robotic system: A bench-top study.,exclude,,IN,FLAGGED,"verifier: The abstract describes a 'semi-automated' setup, but the context is neurosurgery, which is an excluded specialty. While the paper involves a physical task, the specialty exclusion overrides inclusion…",IN,FLAGGED,"verifier: The abstract describes a 'semi-automated laboratory setup' and a 'simulating' procedure. While it mentions robotic assistance, the focus is on the setup and simulation itself, not the execution of a …",IN,FLAGGED,"verifier: The abstract describes a 'semi-automated laboratory setup' and a 'simulating' procedure. While it mentions robotic assistance, the focus is on the setup and simulation itself, not the execution of a …"
404,EE-252,Validation of High Precision Robot-Assisted Methods for Intracranial Applications: Preliminary Study.,exclude,,IN,FLAGGED,"verifier: While the abstract mentions 'autonomous' registration and neuronavigation, the surgical task is performed on a vegetable (carrot) and the focus is on registration/navigation accuracy, not the executi…",OUT,OUT,"primary: The paper describes a simulation study using a vegetable specimen to validate robot-based autonomous neuroregistration and neuronavigation for neurosurgery. However, it does not demonstrate or evalua…",OUT,OUT,"primary: The paper describes a simulation study using a vegetable model to validate robot-based autonomous neuroregistration and neuronavigation for neurosurgery. However, it does not demonstrate or evaluate …"
280,EE-128,A novel robot-assisted subretinal injection system: preliminary validation in ex vivo porcine eyes.,exclude,,IN,FLAGGED,"verifier: The study focuses on ophthalmic surgery, which is explicitly excluded from the specialty scope. While the abstract describes a semi-autonomous component for retinal puncture, the overall surgical spe…",IN,FLAGGED,"verifier: The study focuses on ophthalmic surgery, which is explicitly excluded from the specialty scope. While the abstract describes autonomous retinal puncture, the overall context is a procedure within an …",IN,FLAGGED,"verifier: The study focuses on ophthalmic surgery, which is explicitly excluded from the specialty scope. While the abstract describes autonomous retinal puncture, the overall context is a procedure within an …"
333,EE-181,Autonomous Needle Navigation in Subretinal Injections via iOCT.,exclude,,IN,FLAGGED,"verifier: The specialty is ophthalmic surgery, which is explicitly excluded. While the abstract describes autonomous needle navigation, the procedure is specific to ophthalmic/retinal injections and therefore …",IN,FLAGGED,"verifier: The specialty is ophthalmic surgery, which is explicitly excluded. While the abstract describes autonomous needle navigation, the procedure (subretinal injection) falls within an excluded specialty.",IN,FLAGGED,"verifier: The specialty is ophthalmic surgery, which is explicitly excluded. While the abstract describes autonomous needle navigation, the procedure (subretinal injection) falls within an excluded specialty."
650,EE-498,Data-Driven Modelling and Control for Robot Needle Insertion in Deep Anterior Lamellar Keratoplasty,exclude,,IN,FLAGGED,"verifier: The paper describes a robotic system controlling needle insertion, but the specialty (ophthalmic surgery) is explicitly excluded. While the task itself (needle insertion) *could* be generalizable, th…",IN,FLAGGED,"verifier: The abstract describes a robotic needle insertion system, but focuses on *controlling* the robot based on a model predictive controller. It does not demonstrate or evaluate autonomous/semi-autonomous…",IN,FLAGGED,"verifier: The abstract describes a robotic needle insertion system, but focuses on *controlling* the robot based on a model predictive controller. It does not demonstrate or evaluate autonomous/semi-autonomous…"
325,EE-173,Entirely robotic cochlear implant surgery.,exclude,,IN,FLAGGED,"verifier: The paper describes a robotic *assistance* with electrode insertion, but the abstract does not indicate any autonomous or semi-autonomous decision-making by the robot. It appears to be a motorized de…",OUT,OUT,"primary: The paper describes a robotic cochlear implant surgery, which is a surgical procedure. However, it does not involve an autonomous or semi-autonomous robotic component that controls or directs a physi…",OUT,OUT,"primary: The paper describes a robotic system for cochlear implant surgery, but it does not involve an autonomous or semi-autonomous robotic component that controls or directs a physical robot to execute a su…"
426,EE-274,Intraocular robotic interventional surgical system (IRISS): Semi-automated OCT-guided cataract removal.,exclude,,IN,FLAGGED,"verifier: The specialty is ophthalmic surgery, which is explicitly excluded. While the abstract describes a semi-automated system, the exclusion criteria specifically exclude ophthalmic surgery.",IN,FLAGGED,"verifier: The specialty is ophthalmic surgery, which is explicitly excluded. While the abstract describes a semi-automated system, the exclusion criteria specifically exclude ophthalmic surgery papers.",IN,FLAGGED,"verifier: The specialty is ophthalmic surgery, which is explicitly excluded. While the abstract describes a semi-automated system, the exclusion criteria specifically exclude ophthalmic surgery papers."
596,EE-444,Research on Intraoperative Cornea-Instrument-Robot Interaction for Autonomous Cornea Suturing,exclude,,IN,FLAGGED,"verifier: The specialty is ophthalmic surgery, which is explicitly excluded. While the abstract describes autonomous corneal suturing, the specialty exclusion overrides inclusion criteria.",IN,FLAGGED,"verifier: The specialty is ophthalmic surgery, which is explicitly excluded. While the abstract describes autonomous suturing, the specialty context triggers exclusion per the defined scope.",IN,FLAGGED,"verifier: The specialty is ophthalmic surgery, which is explicitly excluded. While the abstract describes autonomous suturing, the specialty context triggers exclusion per the defined scope."
341,EE-189,Robotic Navigation Autonomy for Subretinal Injection via Intelligent Real-Time Virtual iOCT Volume Slicing.,exclude,,IN,FLAGGED,"verifier: The paper focuses on ophthalmic surgery, which is explicitly excluded in the specialty scope. While the abstract describes autonomous navigation, the surgical specialty falls outside the inclusion cr…",OUT,OUT,"primary: The paper describes a robotic system for subretinal injection, which falls under ophthalmic surgery. Ophthalmic surgery is explicitly excluded in the specialty scope. Additionally, the paper focuses …",IN,FLAGGED,"verifier: The abstract describes a robotic system for subretinal injection, which falls under ophthalmic surgery – an excluded specialty. While the system utilizes autonomous navigation, the procedure itself i…"
309,EE-157,Towards Autonomous Retinal Microsurgery Using RGB-D Images.,exclude,,IN,FLAGGED,"verifier: The paper focuses on retinal microsurgery, which is explicitly excluded by the specialty scope. While the abstract describes autonomous needle navigation, the surgical specialty falls outside the inc…",IN,FLAGGED,"verifier: The specialty is ophthalmic surgery, which is explicitly excluded. While the abstract describes autonomous navigation, the procedure (retinal microsurgery) falls within an excluded specialty.",IN,FLAGGED,"verifier: The specialty is ophthalmic surgery, which is explicitly excluded. While the abstract describes autonomous navigation, the procedure (retinal microsurgery) falls within an excluded specialty."
730,EE-578,Vitreoretinal Surgical Robot,exclude,,IN,FLAGGED,"verifier: The paper focuses on ophthalmic surgery, which is explicitly excluded from the specialty scope. While the abstract describes autonomous positioning, the surgical task (vitreoretinal surgery/ILM peeli…",IN,FLAGGED,"verifier: The specialty is ophthalmic surgery, which is explicitly excluded. While the abstract describes autonomous positioning, the surgical task (vitreoretinal surgery/ILM peeling) falls within an excluded …",IN,FLAGGED,"verifier: The specialty is ophthalmic surgery, which is explicitly excluded. While the abstract describes autonomous positioning, the surgical task (vitreoretinal surgery/ILM peeling) falls within an excluded …"
785,EE-633,Automatic bone drilling using a novel robot in orthopedic trauma surgery,exclude,,IN,FLAGGED,"verifier: The paper focuses on orthopedic trauma surgery, which is an excluded specialty. While the robot performs bone drilling, the abstract emphasizes that the robot follows parameters *defined by the surge…",IN,FLAGGED,"verifier: The paper focuses on orthopedic trauma surgery, which is an excluded specialty. While the abstract describes a robot performing bone drilling, the specialty context dictates exclusion based on the de…",IN,FLAGGED,"verifier: The paper focuses on orthopedic trauma surgery, which is an excluded specialty. While the abstract describes a robot performing bone drilling, the specialty context dictates exclusion based on the de…"
684,EE-532,Design and Accuracy Assessment of an Automated Image-Guided Robotic Osteotomy System,exclude,,IN,FLAGGED,"verifier: The study focuses on robotic spine surgery (orthopedic surgery), which is an excluded specialty. While the system automates osteotomy, the specialty context triggers exclusion based on the defined sc…",IN,FLAGGED,"verifier: The study focuses on robotic spine osteotomy, which falls under orthopedic surgery – an excluded specialty. While the abstract describes a physical surgical task performed with a robotic system, the …",IN,FLAGGED,"verifier: The study focuses on robotic spine osteotomy, which falls under orthopedic surgery – an excluded specialty. While the abstract describes a physical surgical task performed with a robotic system, the …"
782,EE-630,Evaluation of the safety and efficacy of the fully automated active robotic system in robotic assisted total knee arthroplasty,exclude,,IN,FLAGGED,"verifier: The paper describes a 'fully automated active robotic system' performing bone milling in TKA. However, the abstract focuses on the *results* of the automation (accuracy, safety) rather than *how* the…",IN,FLAGGED,"verifier: The study focuses on Total Knee Arthroplasty (TKA), which falls under orthopedic surgery – an excluded specialty. While the system is described as 'fully automated', the context is a specialty-specif…",IN,FLAGGED,"verifier: The study focuses on Total Knee Arthroplasty (TKA), which falls under orthopedic surgery – an excluded specialty. While the system is described as 'fully automated', the context is a specialty-specif…"
403,EE-251,Feasibility and accuracy of a robotic guidance system for navigated spine surgery in a hybrid operating room: a cadaver study.,exclude,,IN,FLAGGED,"verifier: The study focuses on spine surgery, which is an excluded specialty. While the robot assists with pedicle screw placement, the surgeon still *inserts* the needle. The robot autonomously aligns, but do…",IN,FLAGGED,"verifier: The study focuses on navigated spine surgery, which falls under the excluded specialty of neurosurgery. While the abstract describes a robotic *assistance* component, the task (pedicle screw placemen…",IN,FLAGGED,"verifier: The study focuses on navigated spine surgery, which falls under the excluded specialty of neurosurgery. While the abstract describes a robotic *assistance* component, the task (pedicle screw placemen…"
795,EE-643,Handheld Robot for Bone Drilling Assistance,exclude,,IN,FLAGGED,"verifier: While the abstract describes a robotic *assistance* system, it is fundamentally a handheld robot guided by the surgeon. The robot follows the surgeon's motion and provides compensation, but does not …",IN,FLAGGED,"verifier: The abstract describes a handheld robot *assisting* the surgeon, but the surgeon still positions the handle and directs the tool. The robot provides force sensing and trajectory compensation, but doe…",IN,FLAGGED,"verifier: The abstract describes a handheld robot *assisting* the surgeon, but the surgeon still positions the handle and directs the tool. The robot provides force sensing and trajectory compensation, but doe…"
655,EE-503,Kinematic alignment in robotic total knee arthroplasty,exclude,,IN,FLAGGED,"verifier: The abstract describes a robotic system used to *assist* in total knee arthroplasty, but does not indicate any autonomous or semi-autonomous behavior. The system executes bone resection *with high ac…",OUT,OUT,"primary: The paper describes a robotic total knee arthroplasty system used for kinematic alignment, but it does not mention any level of autonomy in the robotic system. The robotic system is used for precise …",OUT,OUT,"primary: The paper describes the use of a robotic system in total knee arthroplasty, but it does not involve any level of surgical autonomy (Levels 1–5 per the Yang et al. taxonomy). The robotic system is use…"
736,EE-584,Method for Sensing Lateral Force and Skidding on the Tool Tip in Surgical Robot Deep Bone Drilling <sup>*</sup>,exclude,,IN,FLAGGED,"verifier: While the abstract mentions paving the way for *future* autonomous bone drilling, the paper itself describes a sensing system to *detect* skidding, not a system that performs autonomous drilling. The…",IN,FLAGGED,"verifier: While the abstract mentions paving the way for *future* autonomous bone drilling, the presented work focuses on sensing and estimation of skidding – it does not describe or demonstrate any autonomous…",OUT,OUT,primary: The paper describes a sensing system for bone drilling in orthopedic surgery but does not involve an autonomous or semi-autonomous robotic component that controls or directs a physical robot to execu…
641,EE-489,Motion Planning and Control of Active Robot in Orthopedic Surgery by CDMP-Based Imitation Learning and Constrained Optimization,exclude,,IN,FLAGGED,"verifier: The paper focuses on orthopedic surgery, which is an excluded specialty according to the guidelines. While the abstract describes semi-autonomous features (imitation learning and constrained optimiza…",IN,FLAGGED,"verifier: The paper focuses on orthopedic surgery, which is an excluded specialty according to the guidelines. While the abstract describes autonomous behavior, the specialty exclusion overrides inclusion crit…",IN,FLAGGED,"verifier: The paper focuses on orthopedic surgery, which is an excluded specialty according to the guidelines. While the abstract describes autonomous behavior, the specialty exclusion overrides inclusion crit…"
270,EE-118,"The Accuracy of Autonomous Robotic Surgery vs. Dynamic Navigation in Implant Placement: An Open-Label, Double-Arm, Randomized Controlled Clinical Trial.",exclude,,IN,FLAGGED,"verifier: The abstract describes a randomized controlled trial comparing autonomous robotic surgery to dynamic navigation for implant placement. While it mentions 'autonomous robotic surgery', the context sugg…",IN,FLAGGED,"verifier: The abstract explicitly describes implant placement, a procedure strongly associated with orthopedic surgery, which is an excluded specialty. While the abstract mentions 'autonomous robotic surgery',…",IN,FLAGGED,"verifier: The abstract explicitly describes implant placement, a procedure strongly associated with orthopedic surgery, which is an excluded specialty. While the abstract mentions 'autonomous robotic surgery',…"
278,EE-126,The role of next-generation robotic systems in transforming knee arthroplasty: precision and beyond.,exclude,,IN,FLAGGED,"verifier: The abstract describes robotic-assisted total knee arthroplasty (RATKA), but focuses on surgeon-guided systems (ROSA, CORI) and a fully autonomous system (CUVIS). However, the primary focus is a *rev…",OUT,OUT,"primary: The paper discusses robotic-assisted total knee arthroplasty (RATKA) and mentions systems like the CUVIS Joint Robot, ROSA, and CORI Knee platform. However, it does not clearly specify whether these …",OUT,OUT,"primary: The paper describes robotic-assisted total knee arthroplasty (RATKA) systems, which are primarily teleoperated/master-slave systems where the human surgeon controls the robot. It does not clearly ind…"
18,EE-010,A Comparative Study of Spatio-Temporal U-Nets for Tissue Segmentation in Surgical Robotics,exclude,,IN,FLAGGED,"verifier: The abstract focuses on tissue segmentation using machine learning for improved accuracy, but does not describe a robot executing surgical actions. It details a methodology for analyzing surgical vid…",OUT,OUT,"primary: The paper focuses on developing a neural network for tissue segmentation in endoscopic images, which is a part of the autonomous surgical robotics pipeline. However, it does not describe a physical s…",OUT,OUT,"primary: The paper describes a neural network architecture for tissue segmentation in endoscopic images, which is a part of the data processing pipeline for surgical robotics. However, it does not involve an …"
613,EE-461,A Robotic Microforceps for Retinal Microsurgery With Adaptive Clamping Method,exclude,opthalmic,IN,FLAGGED,"verifier: The abstract describes a robotic microforceps, but focuses on the design and calibration of the device and an adaptive clamping *method*. While the device is 'automated', the abstract does not demons…",OUT,OUT,"primary: The paper describes a robotic microforceps for retinal microsurgery, which is a specialized procedure in ophthalmic surgery. According to the exclusion criteria, ophthalmic surgery is explicitly excl…",OUT,OUT,"primary: The paper describes a robotic microforceps for retinal microsurgery, but it does not involve any level of surgical autonomy (Levels 1–5 per the Yang et al. taxonomy). The device is controlled by the …"
579,EE-427,A new forecasting kinematic algorithm of automatic navigation for a laparoscopic minimally invasive surgical robotic system,include,,IN,FLAGGED,"verifier: While the abstract mentions 'autonomous navigation', the described system appears to automate camera control (visual window tracking) rather than directly controlling surgical instruments to perform …",IN,FLAGGED,"verifier: The abstract describes a system that *tracks* instrument marks and adjusts the visual window, but does not indicate the robot itself is performing any surgical action autonomously. The system appears…",IN,FLAGGED,"verifier: The abstract describes a system that *tracks* instrument marks and adjusts the visual window, but does not indicate the robot itself is performing any surgical action autonomously. The system appears…"
583,EE-431,A supervision system for the intuitive usage of a telemanipulated surgical robotic setup,include,,IN,FLAGGED,"verifier: While the abstract mentions 'autonomous tasks, e.g. cutting or needle-insertion', the primary focus appears to be a *supervision system* for a telemanipulated setup. The description emphasizes telema…",OUT,OUT,"primary: The paper describes a telemanipulated surgical robotic system with haptic feedback and supervision features, but it does not involve autonomous or semi-autonomous robotic components that control or d…",OUT,OUT,"primary: The paper describes a telemanipulated surgical robotic system with a supervision system for intuitive usage, but it does not involve an autonomous or semi-autonomous robotic component that controls o…"
344,EE-192,Accuracy of implant placement via dynamic navigation and autonomous robotic computer-assisted implant surgery methods: A retrospective study.,exclude,,IN,FLAGGED,verifier: The abstract mentions 'autonomous robotic computer-assisted implant surgery' but provides minimal detail. It focuses on comparing accuracy between two computer-assisted implant surgery (CAIS) methods…,OUT,OUT,primary: The abstract does not provide sufficient information to determine if the paper meets the inclusion criteria. It mentions 'dynamic navigation and autonomous robotic computer-assisted implant surgery m…,OUT,OUT,primary: The abstract does not provide sufficient information to determine if the paper involves autonomous or semi-autonomous robotic systems performing physical surgical tasks. It mentions 'dynamic navigati…
363,EE-211,Achieving functional alignment in total knee arthroplasty: early experience using a second-generation imageless semi-autonomous handheld robotic sculpting system.,exclude,orthopedic/spine,IN,FLAGGED,"verifier: The abstract describes a 'semi-autonomous' system, but the description focuses on *assisting* the surgeon and maintaining accuracy of *desired* alignment chosen by the surgeon. The robot appears to b…",OUT,OUT,"primary: The paper describes a semi-autonomous robotic system used in total knee arthroplasty, but it does not clearly involve the robotic system controlling or directing a physical robot to execute a surgica…",OUT,OUT,"primary: The paper describes a semi-autonomous robotic system used in total knee arthroplasty, but it is primarily focused on surgical tips and tricks for achieving functional alignment, not on evaluating the…"
384,EE-232,Active robotic technologies for total knee arthroplasty.,exclude,orthopedic/spine,IN,FLAGGED,"verifier: The abstract explicitly states the system operates with 'surgeon guidance and control' and that the robot follows a 'cut path defined by a CT-based preoperative plan.' This indicates a pre-planned, s…",OUT,OUT,"primary: The paper describes an active robotic system for total knee arthroplasty, which is a type of orthopedic surgery. According to the exclusion criteria, orthopedic surgery is excluded unless the autonom…",OUT,OUT,"primary: The paper describes an active robotic system for total knee arthroplasty, where the robot is used for planning and executing the surgical procedure with surgeon guidance and control. However, the sys…"
222,EE-092,Adaptive Artificial Intelligence Based Model Base Controller: Applied to Surgical Endoscopy Telemanipulator,include,,IN,FLAGGED,"verifier: The abstract describes a telemanipulator and a controller to *localize* an endoscopic tool. While it uses AI, the system appears to be primarily teleoperated with a controller assisting positioning, …",OUT,OUT,"primary: The paper describes a surgical robot assistant with an artificial intelligence-based controller for endoscopic tool localization, but it does not mention any level of autonomy (Levels 1–5) or any aut…",OUT,OUT,"primary: The paper describes a surgical robot assistant with an artificial intelligence-based controller for endoscopic tool localization, but it does not mention any level of autonomy (Levels 1–5) or semi-au…"
139,EE-057,An Error Compensation Method for Surgical Robot Based on RCM Mechanism,exclude,,IN,FLAGGED,"verifier: The abstract describes a kinematic calibration method to *improve* the accuracy of a surgical robot, but does not mention any autonomous or semi-autonomous behavior. The robot is still controlled and…",OUT,OUT,"primary: The paper focuses on error compensation in surgical robots based on RCM mechanisms, but it does not mention any level of autonomy or semi-autonomy in the robotic system. The study appears to be about…",OUT,OUT,primary: The paper describes a method for error compensation in surgical robots based on RCM mechanisms but does not mention any level of autonomy or semi-autonomy in the robotic system. The focus is on kinem…
425,EE-273,An open-source automated surgical instrument for microendoscope implantation.,exclude,neurosurgery,IN,FLAGGED,"verifier: While the abstract mentions 'robotic control' and 'automatic tissue aspiration', the system appears to be a computer-controlled stereotaxic instrument. The description suggests the user interacts wit…",IN,FLAGGED,"verifier: While the abstract mentions 'robotic control' and 'automatic tissue aspiration', it primarily describes a system where a user interacts with a GUI to control the needle. The description lacks evidenc…",IN,FLAGGED,"verifier: While the abstract mentions 'robotic control' and 'automatic tissue aspiration', it primarily describes a system where a user interacts with a GUI to control the needle. The description lacks evidenc…"
387,EE-235,Assessment of accuracy of an imageless hand-held robotic-assisted system in component positioning in total knee replacement: a prospective study.,exclude,orthopedic/spine,IN,FLAGGED,"verifier: While the abstract mentions a 'semi-autonomous' robotic system, the description focuses on *assistance* with bone preparation and achieving planned alignment. The robot doesn't independently plan or …",IN,FLAGGED,"verifier: The abstract describes a 'semi-autonomous' system, but details indicate it's a hand-held robotic *assistance* tool used by a surgeon. The surgeon performs the bone cuts, and the robot provides guidan…",IN,FLAGGED,"verifier: The abstract describes a 'semi-autonomous' system, but details indicate it's a hand-held robotic *assistance* tool used by a surgeon. The surgeon performs the bone cuts, and the robot provides guidan…"
728,EE-576,Atraumatic Insertion of a Cochlear Implant Pre-Curved Electrode Array by a Robot-Automated Alignment with the Coiling Direction of the Scala Tympani,exclude,,IN,FLAGGED,"verifier: The abstract describes a robot *assisting* with insertion and alignment, but does not indicate any autonomous decision-making or control of the surgical action (insertion itself). The system appears …",IN,FLAGGED,"verifier: The abstract describes a robot *assisting* with insertion and alignment, but does not indicate any autonomous decision-making or control over the surgical action itself. The system appears to be navi…",OUT,OUT,"primary: The paper describes a robotic system for inserting a cochlear implant electrode array, but it does not clearly specify the level of autonomy (Levels 1–5 per the Yang et al. taxonomy) or whether the s…"
134,EE-055,Automatic keypoint generation in learning-by-demonstration trajectories for a surgical robot,exclude,,IN,FLAGGED,"verifier: While the paper discusses increasing the autonomy of surgical robots and learning from demonstrations, the abstract focuses on *generating* trajectories and keypoints *from* demonstrated procedures. …",OUT,OUT,"primary: The paper describes a methodology for automatic keypoint generation in surgical robot trajectories using learning-by-demonstration, but it does not involve autonomous or semi-autonomous robotic syste…",OUT,OUT,"primary: The paper describes a methodology for automatic keypoint generation in surgical robot trajectories using learning-by-demonstration, but it does not involve an autonomous or semi-autonomous robotic co…"
569,EE-417,Automation of retinal surgery: A shared control robotic system for laser ablation,include,,IN,FLAGGED,"verifier: The abstract describes a shared control system where the robot *assists* with positioning a laser based on operator input, but the operator still directly controls the laser. The robot tracks motion …",OUT,OUT,"primary: The paper describes a shared control robotic system for retinal surgery, which involves a level of autonomy (shared control). However, the specialty of retinal surgery (ophthalmic surgery) is explici…",OUT,OUT,"primary: The paper describes a shared control robotic system for retinal surgery, which involves a human clinician and robot collaborating during the procedure. However, it does not meet the inclusion criteri…"
267,EE-115,Cannula-mounted Robots for Semi-autonomous Vertebroplasty: A Comparison of Piezo-based and Screw-based Inchworm Drive Designs.,exclude,orthopedic/spine,IN,FLAGGED,"verifier: The paper describes a robot designed for cannula insertion, which is a surgical task. However, the abstract explicitly states the robot is for *semi-autonomous* insertion, but does not detail *how* t…",OUT,OUT,"primary: The paper describes a semi-autonomous robotic system for vertebroplasty, which is a procedure in orthopedic surgery. However, the paper focuses on the mechanical design and performance of the robot r…",OUT,OUT,"primary: The paper describes a cannula-mounted robot for semi-autonomous vertebroplasty, but it does not involve an autonomous or semi-autonomous robotic component that controls or directs a physical robot to…"
103,EE-046,Collaborative spinal robot system for laminectomy: a preliminary study,exclude,orthopedic/spine,IN,FLAGGED,"verifier: The abstract describes a 'collaborative spine robot system' assisting with laminectomy, but does not detail any autonomous or semi-autonomous behavior. The system appears to be a robot-assisted tool …",IN,FLAGGED,"verifier: While the abstract mentions a 'collaborative spine robot system', it does not detail any autonomous or semi-autonomous behavior. The system *assists* with laminectomy, but the description strongly su…",IN,FLAGGED,"verifier: While the abstract mentions a 'collaborative spine robot system', it does not detail any autonomous or semi-autonomous behavior. The system *assists* with laminectomy, but the description strongly su…"
385,EE-233,Concepts and techniques of a new robotically assisted technique for total knee arthroplasty: the ROSA knee system.,exclude,orthopedic/spine,IN,FLAGGED,"verifier: The abstract explicitly states the system is 'collaborative robotics, where the surgeon remains in charge' and the surgeon 'handles the saw and performs the cuts'. The robot 'places and holds the gui…",IN,FLAGGED,"verifier: The abstract explicitly states the system is 'collaborative robotics, where the surgeon remains in charge' and that the surgeon 'handles the saw and performs the cuts'. This indicates the robot *assi…",IN,FLAGGED,"verifier: The abstract explicitly states the system is 'collaborative robotics, where the surgeon remains in charge' and that the surgeon 'handles the saw and performs the cuts'. This indicates the robot *assi…"
190,EE-080,Cooperative Object Manipulation with Force Tracking on the da Vinci Research Kit,include,,IN,FLAGGED,"verifier: While the abstract mentions 'shared autonomy' and a controller for cooperative manipulation, the system fundamentally relies on a master-slave setup with impedance control. The robot does not indepen…",IN,FLAGGED,"verifier: While the abstract mentions 'shared autonomy' and a controller for cooperative manipulation, the core functionality described is impedance control *assisting* a human operator. The system does not in…",OUT,OUT,"primary: The paper describes a controller for cooperative object manipulation with force tracking on the da Vinci Research Kit, but it does not involve an autonomous or semi-autonomous robotic component that …"
71,EE-031,Dynamic Motion Planning for Autonomous Assistive Surgical Robots,exclude,,IN,FLAGGED,"verifier: While the abstract mentions a 'robotic manipulator' and 'laparoscopic operations', it focuses on *planning* collision-free trajectories. It does not describe the robot *executing* a surgical action a…",IN,FLAGGED,verifier: The abstract focuses on motion planning for a robotic manipulator but does not explicitly state that the robot *executes* a surgical action autonomously. It describes a trajectory generator and valid…,IN,FLAGGED,verifier: The abstract focuses on motion planning for a robotic manipulator but does not explicitly state that the robot *executes* a surgical action autonomously. It describes a trajectory generator and valid…
238,EE-097,Error Compensation Method for High Precision Microsurgical Robot with RCM Manipulator,exclude,,IN,FLAGGED,"verifier: The abstract describes a robot performing microsurgery, but focuses on error compensation and improving accuracy through kinematic calibration and redundancy resolution. There is no mention of any au…",OUT,OUT,"primary: The paper describes a method for error compensation in a microsurgical robot used for retinal surgery, but it does not involve autonomous or semi-autonomous robotic systems performing physical surgic…",OUT,OUT,"primary: The paper describes a method for error compensation in a microsurgical robot used for retinal microsurgery. However, it does not involve any level of surgical autonomy (Levels 1–5 per the Yang et al.…"
161,EE-065,Image-Based Planning of Minimally Traumatic Inner Ear Access for Robotic Cochlear Implantation,exclude,,IN,FLAGGED,"verifier: The abstract describes a trajectory planning system that *generates* paths for a robot, but does not state that the robot *executes* those paths autonomously or semi-autonomously. The system appears …",OUT,OUT,"primary: The paper describes a planning strategy for robotic cochlear implantation, but it does not involve an autonomous or semi-autonomous robotic component that controls or directs a physical robot to exec…",OUT,OUT,"primary: The paper describes a planning strategy for robotic cochlear implantation using image guidance, but it does not involve an autonomous or semi-autonomous robotic component that controls or directs a p…"
774,EE-622,Image-guidance and robotic technology to support surgery on the lateral skull base,exclude,,IN,FLAGGED,"verifier: While the abstract mentions robotic technology for automated drilling and milling, it doesn't clearly demonstrate *autonomous* or *semi-autonomous* control. The description focuses on robotic systems…",OUT,OUT,"primary: The paper focuses on image-guidance and robotic technology for microsurgery in the lateral skull base, but it does not clearly describe autonomous or semi-autonomous robotic systems performing physic…",OUT,OUT,primary: The paper discusses image-guidance and robotic technology for lateral skull base surgery but does not clearly describe an autonomous or semi-autonomous robotic component that controls or directs a ph…
112,EE-048,In-Vivo Validation of a Novel Robotic Platform for Endovascular Intervention,exclude,,IN,FLAGGED,"verifier: The abstract is extremely brief and does not describe any autonomous or semi-autonomous behavior. It only states the platform *can potentially improve execution*, which doesn't indicate the robot is …",OUT,OUT,primary: The abstract does not provide sufficient information to determine if the paper meets the inclusion criteria. It lacks details on whether the robotic platform involves autonomous or semi-autonomous be…,OUT,OUT,primary: The abstract does not provide sufficient information to determine if the paper involves autonomous or semi-autonomous robotic systems performing physical surgical tasks. It mentions a robotic platfor…
786,EE-634,Laparoscope Manipulator Control for Minimally Invasive Surgery,include,,IN,FLAGGED,"verifier: The abstract describes a robot that *maintains* a view based on detected instrument tips, but does not describe the robot performing any surgical action itself (cutting, suturing, grasping, etc.). It…",OUT,OUT,"primary: The paper describes a laparoscope manipulator robot designed to automatically control the position of the laparoscope using visual information, but it does not clearly involve autonomous or semi-auto…",OUT,OUT,"primary: The paper describes a laparoscope manipulator robot that automatically controls the position of the laparoscope using visual information. However, it does not involve an autonomous or semi-autonomous…"
419,EE-267,Low rate of iatrogenic complications during unicompartmental knee arthroplasty with two semiautonomous robotic systems.,exclude,orthopedic/spine,IN,FLAGGED,"verifier: The abstract describes a 'semiautonomous' robotic system, but clarifies it is 'surgeon-driven'. This indicates a purely teleoperated system where the surgeon maintains continuous control, failing the…",OUT,OUT,"primary: The paper describes a study on unicompartmental knee arthroplasty using semiautonomous robotic systems, but it does not involve an autonomous or semi-autonomous robotic component that controls or dir…",OUT,OUT,primary: The paper describes the use of semiautonomous robotic systems in unicompartmental knee arthroplasty but does not provide sufficient detail to confirm the presence of an autonomous or semi-autonomous …
765,EE-613,Model-based trajectory tracking of a compliant continuum robot,exclude,,IN,FLAGGED,"verifier: While the abstract mentions surgical applications, the study focuses on *controlling* the robot's trajectory, not on the robot autonomously *performing* a surgical task. The robot follows a 'dynamica…",OUT,OUT,"primary: The paper focuses on the control methodology of a compliant continuum robot for trajectory tracking, but it does not mention any level of surgical autonomy (Levels 1–5) or any physical surgical task …",OUT,OUT,primary: The paper describes a control strategy for a compliant continuum robot but does not involve an autonomous or semi-autonomous robotic component that controls or directs a physical robot to execute a s…
588,EE-436,More Autonomy for Surgical Robots: New Soft Tissue Better Than Human Systems Suture Surgeons can Alone,exclude,,IN,FLAGGED,"verifier: The abstract is highly descriptive and futuristic, but does not explicitly state that a physical surgical task was *performed* or *evaluated*. It only describes a potential future scenario. It fails …",IN,FLAGGED,"verifier: The abstract is highly descriptive and futuristic, but lacks concrete details about a *physical* surgical task being performed by an autonomous or semi-autonomous robot. It only *describes* potential…",IN,FLAGGED,"verifier: The abstract is highly descriptive and futuristic, but lacks concrete details about a *physical* surgical task being performed by an autonomous or semi-autonomous robot. It only *describes* potential…"
254,EE-102,Palpation sensing for robotic-assisted surgery.,exclude,,IN,FLAGGED,"verifier: The abstract describes the *potential* for future autonomous and semi-autonomous robotic surgery, but does not report on a study *involving* such a system performing a physical surgical task. It focu…",OUT,OUT,"primary: The paper focuses on palpation sensing and haptic feedback in robotic-assisted surgery, but it does not describe autonomous or semi-autonomous robotic systems performing physical surgical tasks. Inst…",OUT,OUT,"primary: The paper focuses on palpation sensing and haptic feedback in robotic-assisted surgery, but it does not describe autonomous or semi-autonomous robotic systems performing physical surgical tasks. Inst…"
565,EE-413,Real-to-Sim Deformable Object Manipulation: Optimizing Physics Models with Residual Mappings for Robotic Surgery,exclude,,IN,FLAGGED,"verifier: The abstract focuses on improving simulation accuracy for deformable object manipulation, but does not describe a physical robot executing surgical actions. It details a method for optimizing physics…",OUT,OUT,"primary: The paper focuses on improving simulation techniques for deformable object manipulation in robotic surgery, but it does not describe autonomous or semi-autonomous robotic systems performing physical …",OUT,OUT,"primary: The paper focuses on improving simulation techniques for deformable object manipulation in robotic surgery, but it does not describe a physical surgical task performed by an autonomous or semi-autono…"
379,EE-227,Semi-Automated Extraction of Lens Fragments via a Surgical Robot Using Semantic Segmentation of OCT Images with Deep Learning - Experimental Results in ex vivo Animal Model.,exclude,opthalmic,IN,FLAGGED,"verifier: While the abstract describes a robotic system and image segmentation, the system performs *semi-automated* extraction, implying human oversight and direction. The level of autonomy isn't clearly defi…",IN,FLAGGED,"verifier: While the abstract mentions a robotic system performing a surgical task on an ex vivo animal model, the intervention is described as 'semi-automated detection and extraction'. The core of the work fo…",IN,FLAGGED,"verifier: While the abstract mentions a robotic system performing a surgical task on an ex vivo animal model, the intervention is described as 'semi-automated detection and extraction'. The core of the work fo…"
170,EE-070,Share control of surgery robot master manipulator guiding tool along the standard path,include,,IN,FLAGGED,"verifier: The abstract describes a 'share control' system where the surgeon maintains *full* control over the tool position at all times, and the system *supports* guidance via force feedback on the master man…",OUT,OUT,"primary: The paper describes a share control system for a surgical robot, where the surgeon maintains full control over the tool's position while the system provides support. This system does not involve auto…",OUT,OUT,"primary: The paper describes a share control system where the surgeon maintains full control over the tool's position, with the system providing support for guidance. This is a teleoperated system where the h…"
722,EE-570,Spatiotemporal Motion Prediction of Intraocular Microsurgical Robot in Non-Visible Regions,exclude,opthalmic,IN,FLAGGED,"verifier: The paper focuses on *predicting* instrument trajectories to *enable* future autonomy, but does not describe a robot that *executes* a surgical action autonomously or semi-autonomously in the present…",IN,FLAGGED,"verifier: The abstract focuses on *predicting* instrument trajectories to *enhance* robot-assisted surgery, but does not describe the robot *executing* any surgical action autonomously or semi-autonomously bas…",IN,FLAGGED,"verifier: The abstract focuses on *predicting* instrument trajectories to *enhance* robot-assisted surgery, but does not describe the robot *executing* any surgical action autonomously or semi-autonomously bas…"
724,EE-572,Transformer-Based Multi-modal Fusion for Automatic Recognition and Learning of Craniomaxillofacial Suturing Skills,exclude,,IN,FLAGGED,"verifier: While the abstract mentions 'robotic autonomous suturing' and 'learning and objective evaluation of surgical skills', it primarily focuses on *recognizing* and *learning* suturing skills from expert …",OUT,OUT,"primary: The paper focuses on craniomaxillofacial surgery, which is excluded under the specialty scope. Additionally, the study describes a multi-modal data fusion algorithm for recognizing surgical skills bu…",OUT,OUT,"primary: The paper focuses on the recognition and learning of surgical skills using multi-modal data fusion for craniomaxillofacial suturing. However, it does not describe a system where the robotic component…"
657,EE-505,Uncalibrated Visual Servoing for Autonomous 2-D Positioning of Vitreoretinal Surgical Robot,exclude,opthalmic,IN,FLAGGED,"verifier: While the abstract mentions 'automatic positioning' and a 'visual servoing loop', the description strongly suggests the surgeon *selects* the target and the robot *moves* to it. This implies a semi-a…",IN,FLAGGED,"verifier: The abstract describes a system where the surgeon *selects* a target location, and the robot *moves* the instrument to that location. This implies a teleoperated system with automated movement to a p…",IN,FLAGGED,"verifier: The abstract describes a system where the surgeon *selects* a target location, and the robot *moves* the instrument to that location. This implies a teleoperated system with automated movement to a p…"
469,EE-317,Artificial Intelligence and the Future of Surgical Robotics,include,,IN,IN,verifier: The abstract explicitly describes the STAR robot performing autonomous anastomosis and discusses varying levels of surgical autonomy. It details a physical surgical task (intestinal anastomosis) perf…,IN,IN,verifier: The abstract explicitly describes the STAR robot performing autonomous anastomosis and discusses the development of AI-controlled surgical robots. It details levels of autonomy and the potential for …,OUT,OUT,"primary: The paper provides a general overview of artificial intelligence in surgical robotics and discusses autonomy levels, but it does not present any original research involving autonomous or semi-autonom…"
702,EE-550,SurgiPose: Estimating Surgical Tool Kinematics from Monocular Video for Surgical Robot Learning,include,,IN,IN,verifier: The abstract explicitly states the use of imitation learning to enable *autonomous* surgical tasks (tissue lifting and needle pickup) using a surgical robot (dVRK Si). It describes training policies …,OUT,OUT,"primary: The paper describes a method for estimating surgical tool kinematics from monocular video to enable surgical robot learning, but it does not involve an autonomous or semi-autonomous robotic component…",OUT,OUT,"primary: The paper describes a method for estimating surgical tool kinematics from monocular video to enable surgical robot learning. However, it does not involve an autonomous or semi-autonomous robotic comp…"
693,EE-541,Assistive Cartesian Healthcare Robot for Forearm Vein Puncturing,include,,IN,IN,"verifier: The abstract describes a robot that physically punctures veins, indicating a surgical action. It mentions 'automated tasks' and implies an autonomous component beyond simple teleoperation by referenc…",OUT,OUT,"primary: The paper describes a medical robot for forearm vein puncturing, but it does not mention any level of surgical autonomy (Levels 1–5 per the Yang et al. taxonomy) or any autonomous/semi-autonomous rob…",OUT,OUT,"primary: The paper describes a medical robot for venipuncture, but it does not mention any level of surgical autonomy (Levels 1–5 per the Yang et al. taxonomy) or any autonomous/semi-autonomous robotic compon…"
