paper_id,status,file,readable,error,sha256,bytes,text_chars,header_chars,remaining_budget,over_budget_code,over_32000_text,cut,body_chars_sent,body_chars_omitted,mtime_utc,fta_rows,fta_parsed_at,fta_version,fta_parser,has_ref_row,in_ft_screened_out,in_eligible
4,ABSTRACT_SCREENED_OUT,data/surgical_autonomy/parsed_text/4_v1.md,1,,b8fabbe70675e04a52a657b7d81fff9bcf9df15a1194630ce5888354f1a32a8e,89881,89856,1214,30786,1,1,prefix,30718,59138,2026-03-01T20:41:07.987736+00:00,1,2026-03-01T20:41:07.987803+00:00,1,docling,0,0,0
5,FT_SCREENED_OUT,data/surgical_autonomy/parsed_text/5_v1.md,1,,e842b4c32ce7eebe388386a834a67cd2aea2935bd071fe7f8c10ce90def370fa,32755,32742,1122,30878,1,1,references_line,26049,6693,2026-03-01T20:41:20.538077+00:00,1,2026-03-01T20:41:20.538125+00:00,1,docling,0,1,0
9,AI_AUDIT_COMPLETE,data/surgical_autonomy/parsed_text/9_v1.md,1,,356d9dbe3e840f4a8a01915e5162f550cfcccd96816c8c56ad6957d978b3d7f3,78332,78127,1875,30125,1,1,prefix,30010,48117,2026-03-01T20:41:55.476858+00:00,1,2026-03-01T20:41:55.477847+00:00,1,docling,1,0,1
11,AI_AUDIT_COMPLETE,data/surgical_autonomy/parsed_text/11_v1.md,1,,8e01895288b44a947ffb646509e713104de8df277108b9cc0efd9aa186d6f8b5,164723,156196,1632,30368,1,1,prefix,30245,125951,2026-03-01T20:42:27.668056+00:00,1,2026-03-01T20:42:27.668502+00:00,1,docling,1,0,1
12,AI_AUDIT_COMPLETE,data/surgical_autonomy/parsed_text/12_v1.md,1,,420de05443b3cdf693474f2425426d1855436b61f4a31ba59aa4188d59928a2e,38377,38329,1994,30006,1,1,prefix,29672,8657,2026-03-01T20:42:52.230914+00:00,1,2026-03-01T20:42:52.230964+00:00,1,docling,1,0,1
14,AI_AUDIT_COMPLETE,data/surgical_autonomy/parsed_text/14_v1.md,1,,3381b90a24da12a632241912c020150cb66cabb381252b0eeae9efc0e9af31ad,25315,24640,1608,30392,0,0,none,24640,0,2026-03-01T20:43:11.465308+00:00,1,2026-03-01T20:43:11.465512+00:00,1,docling,1,0,1
15,AI_AUDIT_COMPLETE,data/surgical_autonomy/parsed_text/15_v1.md,1,,2092160edeadc49838593fd73937531725bd2641c4d09cd56bf8b19569850152,85532,85409,1578,30422,1,1,prefix,30338,55071,2026-03-01T20:43:33.285867+00:00,1,2026-03-01T20:43:33.285947+00:00,1,docling,1,0,1
17,AI_AUDIT_COMPLETE,data/surgical_autonomy/parsed_text/17_v1.md,1,,be97c1f85106011930bc5a175e25a718ad9e1b8a8589db14f7e6be947358698e,33633,33601,893,31107,1,1,references_line,29194,4407,2026-03-01T20:43:43.497960+00:00,1,2026-03-01T20:43:43.498020+00:00,1,docling,1,0,1
22,AI_AUDIT_COMPLETE,data/surgical_autonomy/parsed_text/22_v1.md,1,,7736ec74eea307591e2f17e80fdd0180777ae72339527b55ed055389a0056dda,71382,71344,2135,29865,1,1,prefix,29570,41774,2026-03-01T20:44:40.828770+00:00,1,2026-03-01T20:44:40.829933+00:00,1,docling,1,0,1
23,ABSTRACT_SCREENED_OUT,data/surgical_autonomy/parsed_text/23_v1.md,1,,786cb683a419b75e30d8a334e356a7a4357ae9fd2eabc21d01d2255e12eed37b,67916,67892,2164,29836,1,1,prefix,29461,38431,2026-03-01T20:45:00.746864+00:00,1,2026-03-01T20:45:00.747708+00:00,1,docling,0,0,0
24,AI_AUDIT_COMPLETE,data/surgical_autonomy/parsed_text/24_v1.md,1,,5daff1c83ab16e11a194c2f4ba3e9e83e49109fbe144d0e00f4afee458e23550,20994,20949,1750,30250,0,0,none,20949,0,2026-03-01T20:45:07.943897+00:00,1,2026-03-01T20:45:07.944596+00:00,1,docling,1,0,1
39,AI_AUDIT_COMPLETE,data/surgical_autonomy/parsed_text/39_v1.md,1,,f3638a40ad25483ecf19e60d07182efff8336bde772980a8c4797ed5b621a5d2,86441,86358,2183,29817,1,1,prefix,29805,56553,2026-03-01T20:52:40.267110+00:00,1,2026-03-01T20:52:40.267190+00:00,1,docling,1,0,1
47,FT_SCREENED_OUT,data/surgical_autonomy/parsed_text/47_v1.md,1,,f02815f2ab7afe051223e0f5abb07003d9a6eb577620c863e5587d30aa20fc45,84490,84328,1333,30667,1,1,prefix,30607,53721,2026-03-01T20:53:32.906534+00:00,1,2026-03-01T20:53:32.907602+00:00,1,docling,0,1,0
67,AI_AUDIT_COMPLETE,data/surgical_autonomy/parsed_text/67_v1.md,1,,db1d83c0935392ba796234e9f2e42e3133b5ba029edd94ac3390ceb2571c2080,49212,49210,1297,30703,1,1,prefix,30614,18596,2026-03-01T20:54:59.896722+00:00,1,2026-03-01T20:54:59.897537+00:00,1,docling,1,0,1
78,AI_AUDIT_COMPLETE,data/surgical_autonomy/parsed_text/78_v1.md,1,,9d04c4a30f4d5b480e5a27cba2fb126a9a75418527be75494af64ca0a92d7bdf,57641,57633,1319,30681,1,1,prefix,30503,27130,2026-03-01T20:56:05.086278+00:00,1,2026-03-01T20:56:05.086378+00:00,1,docling,1,0,1
81,AI_AUDIT_COMPLETE,data/surgical_autonomy/parsed_text/81_v1.md,1,,91c6f8a19996a76c99baef5d0fbbcf0d1ad6de30a43a1e66817890d5ea0e5d87,48032,48004,1601,30399,1,1,prefix,30251,17753,2026-03-01T20:56:37.642911+00:00,1,2026-03-01T20:56:37.643533+00:00,1,docling,1,0,1
82,AI_AUDIT_COMPLETE,data/surgical_autonomy/parsed_text/82_v1.md,1,,1f73cd74dde3069608be3250e70ae85559f38db2db8add072bbd84315a0dfe03,53379,53317,1122,30878,1,1,prefix,30256,23061,2026-03-01T20:56:53.821941+00:00,1,2026-03-01T20:56:53.822433+00:00,1,docling,1,0,1
99,FT_SCREENED_OUT,data/surgical_autonomy/parsed_text/99_v1.md,1,,d377f902acf4e47595cca6e241a09bbd650bb92860ee21c42bf23eef58d4b2b9,31714,31710,3381,28619,1,0,references_line,27684,4026,2026-03-01T20:59:25.967211+00:00,1,2026-03-01T20:59:25.967268+00:00,1,docling,0,1,0
102,AI_AUDIT_COMPLETE,data/surgical_autonomy/parsed_text/102_v1.md,1,,45531b960920667b0eebc23918e6687facfe59143f811216163301b30d797f98,35194,35187,1636,30364,1,1,prefix,30027,5160,2026-03-01T21:00:01.414005+00:00,1,2026-03-01T21:00:01.414062+00:00,1,docling,1,0,1
106,FT_SCREENED_OUT,data/surgical_autonomy/parsed_text/106_v1.md,1,,11402b996a036272195b87093322324a332bfaf7d3d5a7545826271b3914079d,45012,44927,1651,30349,1,1,prefix,30282,14645,2026-03-01T21:00:30.897297+00:00,1,2026-03-01T21:00:30.897668+00:00,1,docling,0,1,0
121,AI_AUDIT_COMPLETE,data/surgical_autonomy/parsed_text/121_v1.md,1,,2eff45aa80e1eee6eff579d8fdfb42cf317d386aff871c72801734314391ca13,21352,21348,1981,30019,0,0,none,21348,0,2026-03-01T21:01:08.367352+00:00,1,2026-03-01T21:01:08.368655+00:00,1,docling,1,0,1
132,AI_AUDIT_COMPLETE,data/surgical_autonomy/parsed_text/132_v1.md,1,,b93ea60743af03ee75c45d168107afdb10586895b754ec6199e5ab78bdd82946,43216,43198,1775,30225,1,1,prefix,30173,13025,2026-03-01T21:03:10.697521+00:00,1,2026-03-01T21:03:10.699160+00:00,1,docling,1,0,1
168,ABSTRACT_SCREENED_OUT,data/surgical_autonomy/parsed_text/168_v1.md,1,,d7be64335fdfef2233ad4b949386d6ec8d2ae0c0bfb6b38fcbbfa52e9947e22a,38211,38194,49,31951,1,1,prefix,31833,6361,2026-03-01T21:13:10.514204+00:00,1,2026-03-01T21:13:10.514740+00:00,1,docling,0,0,0
252,AI_AUDIT_COMPLETE,data/surgical_autonomy/parsed_text/252_v2.md,1,,8fb6d7d7ed8e4f64324213ad27b3efd7dd7228330c54b2d9e731678f50cc5bf5,58825,58719,1843,30157,1,1,prefix,30105,28614,2026-03-14T00:35:27.791560+00:00,1,2026-03-14T00:35:27.791607+00:00,2,docling,1,0,1
253,FT_SCREENED_OUT,data/surgical_autonomy/parsed_text/253_v2.md,1,,63f574bf2eee319e8c71d898fb49551466d03bf44a07eb7feba915268e56ea55,75507,75354,1681,30319,1,1,prefix,30302,45052,2026-03-14T00:35:46.957561+00:00,1,2026-03-14T00:35:46.957618+00:00,2,docling,0,1,0
255,FT_SCREENED_OUT,data/surgical_autonomy/parsed_text/255_v2.md,1,,67030aa1b5bfe132f375044f536a63aa25c5ef400158c415ab1c7c47dcafacd3,51070,50928,1792,30208,1,1,prefix,30196,20732,2026-03-14T00:36:06.316584+00:00,1,2026-03-14T00:36:06.316641+00:00,2,docling,0,1,0
260,FT_SCREENED_OUT,data/surgical_autonomy/parsed_text/260_v2.md,1,,6ac2d9ea0a5330ee0bd92589cde3991695cbba26e8c132768dcdedf2bca945ff,36476,36377,2223,29777,1,1,prefix,29770,6607,2026-03-14T00:36:21.305785+00:00,1,2026-03-14T00:36:21.306338+00:00,2,docling,0,1,0
262,AI_AUDIT_COMPLETE,data/surgical_autonomy/parsed_text/262_v2.md,1,,357a26033954aa85540d4d036a4088fcd9c1c94c2355c87afb7223375d5b21d2,31244,31228,382,31618,0,0,none,31228,0,2026-03-14T00:36:36.872785+00:00,1,2026-03-14T00:36:36.873267+00:00,2,docling,1,0,1
268,AI_AUDIT_COMPLETE,data/surgical_autonomy/parsed_text/268_v2.md,1,,fe2a3a26f74f9db1a3022ebce294c8e542443d6f16b14f5f2fc90105e8c17fee,22745,22661,1136,30864,0,0,none,22661,0,2026-03-14T00:36:46.940521+00:00,1,2026-03-14T00:36:46.940579+00:00,2,docling,1,0,1
271,FT_SCREENED_OUT,data/surgical_autonomy/parsed_text/271_v2.md,1,,c45176bf3a0b8fce4110ec2d48b564ccd86c4ab527ec9ef20fc4d807b88f68ce,75028,74586,1990,30010,1,1,prefix,29920,44666,2026-03-14T00:37:23.276618+00:00,1,2026-03-14T00:37:23.276681+00:00,2,docling,0,1,0
274,FT_SCREENED_OUT,data/surgical_autonomy/parsed_text/274_v2.md,1,,327dc263046be8de0d1011c2c76ef4f4e7f75766e5166629fef19a6ff66249fc,60246,59853,1227,30773,1,1,prefix,30743,29110,2026-03-14T03:34:28.710644+00:00,1,2026-03-14T03:34:28.710695+00:00,2,pymupdf,0,1,0
275,FT_SCREENED_OUT,data/surgical_autonomy/parsed_text/275_v2.md,1,,793bf39954aee594197d393ed4affcef6d3df879c0ad345b20806fb659ca18c6,75188,75012,1908,30092,1,1,prefix,30009,45003,2026-03-14T00:37:46.567990+00:00,1,2026-03-14T00:37:46.568057+00:00,2,docling,0,1,0
277,AI_AUDIT_COMPLETE,data/surgical_autonomy/parsed_text/277_v2.md,1,,a0d803027cc02aedfacdc46511ce662c11a0fe18442cbcbe2f67116b4a7b385b,86568,86455,2017,29983,1,1,prefix,29848,56607,2026-03-14T00:38:16.758912+00:00,1,2026-03-14T00:38:16.758962+00:00,2,docling,1,0,1
281,AI_AUDIT_COMPLETE,data/surgical_autonomy/parsed_text/281_v2.md,1,,402b9fba5108e8b2b1ee8c3e3c6ef6bcb9fb860c0f52d17d1faeca9c38f03ca0,82954,82853,1617,30383,1,1,prefix,30357,52496,2026-03-14T00:38:36.366074+00:00,1,2026-03-14T00:38:36.366122+00:00,2,docling,1,0,1
285,FT_SCREENED_OUT,data/surgical_autonomy/parsed_text/285_v2.md,1,,be50ae3fe725749fa8c7a957f32ae2e31f377d8851b02e5039564a85469f08d1,31229,31138,1494,30506,1,0,references_line,25251,5887,2026-03-14T00:38:49.214827+00:00,1,2026-03-14T00:38:49.214887+00:00,2,docling,0,1,0
286,AI_AUDIT_COMPLETE,data/surgical_autonomy/parsed_text/286_v2.md,1,,5a2e3a37359a49a064e148db84f6b48257626c5fa632791776b8fbeaab8b692f,59202,59089,512,31488,1,1,prefix,31460,27629,2026-03-14T00:39:10.505792+00:00,1,2026-03-14T00:39:10.506378+00:00,2,docling,1,0,1
288,FT_SCREENED_OUT,data/surgical_autonomy/parsed_text/288_v2.md,1,,74e0310baf337782317be5790673b7b19826d7bf19568441d2e21a53ef5ba060,37189,37062,3150,28850,1,1,references_line,25960,11102,2026-03-14T00:39:30.254159+00:00,1,2026-03-14T00:39:30.254267+00:00,2,docling,0,1,0
289,FT_SCREENED_OUT,data/surgical_autonomy/parsed_text/289_v2.md,1,,d827167a4ca1cb9a38217f31fc72ffbc901b95eee8f21b6740ffcde515ee7a52,64008,63991,1754,30246,1,1,prefix,29764,34227,2026-03-14T00:39:48.580797+00:00,1,2026-03-14T00:39:48.581248+00:00,2,docling,0,1,0
291,FT_SCREENED_OUT,data/surgical_autonomy/parsed_text/291_v2.md,1,,328df8ce68f6bf1dea3936feb054c0d427becd53e4dca8ea298179b4a30d8353,43454,43356,1928,30072,1,1,prefix,30045,13311,2026-03-14T00:40:05.377517+00:00,1,2026-03-14T00:40:05.377574+00:00,2,docling,0,1,0
292,AI_AUDIT_COMPLETE,data/surgical_autonomy/parsed_text/292_v2.md,1,,384086766a85ea6f6bce6e638cc82b5f16b240952ea1333a3a4c16402b44f5d5,60872,60770,1769,30231,1,1,prefix,30154,30616,2026-03-14T00:40:31.702953+00:00,1,2026-03-14T00:40:31.703012+00:00,2,docling,1,0,1
293,FT_SCREENED_OUT,data/surgical_autonomy/parsed_text/293_v2.md,1,,ca65adb2fd40a5797a51250456046b413342585309c5a17320044366bed9b090,53824,53761,1914,30086,1,1,prefix,29976,23785,2026-03-14T00:40:46.692809+00:00,1,2026-03-14T00:40:46.693452+00:00,2,docling,0,1,0
294,FT_SCREENED_OUT,data/surgical_autonomy/parsed_text/294_v2.md,1,,43f70769a635bd44426949aed100e4ded5567941c83b63f737b6c51eb2b12ec7,83591,83470,1195,30805,1,1,prefix,30801,52669,2026-03-14T00:41:04.702813+00:00,1,2026-03-14T00:41:04.703843+00:00,2,docling,0,1,0
295,AI_AUDIT_COMPLETE,data/surgical_autonomy/parsed_text/295_v2.md,1,,8b5e6aad703cc6022b5b43f761e9ca5834c3ca2da2bcc5f7038d72c912e23149,51838,51670,2155,29845,1,1,prefix,29614,22056,2026-03-14T00:41:28.837172+00:00,1,2026-03-14T00:41:28.837284+00:00,2,docling,1,0,1
296,AI_AUDIT_COMPLETE,data/surgical_autonomy/parsed_text/296_v2.md,1,,e9b1b9484689314655d836d7a7038cd1c9df9a931cfbc33f88a178a4f3497ba4,79098,78931,1234,30766,1,1,prefix,30750,48181,2026-03-14T00:41:50.904825+00:00,1,2026-03-14T00:41:50.905772+00:00,2,docling,1,0,1
297,AI_AUDIT_COMPLETE,data/surgical_autonomy/parsed_text/297_v2.md,1,,4acbd31bbdd0bb571313d4af01f841fed21e54acfd68a50a3dc50ced49e8a962,56579,56544,1612,30388,1,1,prefix,30322,26222,2026-03-14T00:42:07.241830+00:00,1,2026-03-14T00:42:07.242433+00:00,2,docling,1,0,1
304,FT_SCREENED_OUT,data/surgical_autonomy/parsed_text/304_v2.md,1,,0fdbe5f56b68276eb1669ac97d40bf26544eb9371bbb9af41e7b3e74104b93f5,41787,41707,2414,29586,1,1,prefix,29499,12208,2026-03-14T00:42:34.796794+00:00,1,2026-03-14T00:42:34.796862+00:00,2,docling,0,1,0
308,FT_SCREENED_OUT,data/surgical_autonomy/parsed_text/308_v2.md,1,,2d702d5c4ad6d818af080358224728cdcd47fbfabf903c6194a81a05bc9696c7,29325,29304,1038,30962,0,0,none,29304,0,2026-03-14T00:42:53.629844+00:00,1,2026-03-14T00:42:53.630639+00:00,2,docling,0,1,0
311,FT_SCREENED_OUT,data/surgical_autonomy/parsed_text/311_v2.md,1,,d93588c843c1d550699e6e58431abda72565a444c59905216fbc974501574841,112076,109162,1893,30107,1,1,prefix,29752,79410,2026-03-14T00:43:55.979865+00:00,1,2026-03-14T00:43:55.980442+00:00,2,docling,0,1,0
312,FT_SCREENED_OUT,data/surgical_autonomy/parsed_text/312_v2.md,1,,3c5370095c6fa6519afe97eb1d9e69779b90525c5bfddb54dd4feca3d853f810,70099,69951,1507,30493,1,1,prefix,30398,39553,2026-03-14T00:44:29.416877+00:00,1,2026-03-14T00:44:29.417234+00:00,2,docling,0,1,0
318,AI_AUDIT_COMPLETE,data/surgical_autonomy/parsed_text/318_v2.md,1,,0d13f6b626ac4a8af5e1f6f21234da7b0c1a031f24b8aeb3c5d7aa711e5b4428,32679,32612,1630,30370,1,1,references_line,26680,5932,2026-03-14T00:44:46.002884+00:00,1,2026-03-14T00:44:46.003400+00:00,2,docling,1,0,1
321,FT_SCREENED_OUT,data/surgical_autonomy/parsed_text/321_v2.md,1,,2894054a091b0906041b1f2ea9a6c83a78a4a43ade00009f383e1268b0178945,35810,35749,1934,30066,1,1,references_line,28439,7310,2026-03-14T00:44:58.423888+00:00,1,2026-03-14T00:44:58.424308+00:00,2,docling,0,1,0
323,AI_AUDIT_COMPLETE,data/surgical_autonomy/parsed_text/323_v2.md,1,,e1a00c460248242a0ee6adbec2c7c9a31e4dde875e8d13addb6f546b8e423c47,32185,32164,619,31381,1,1,references_line,25559,6605,2026-03-14T00:45:10.850893+00:00,1,2026-03-14T00:45:10.851879+00:00,2,docling,1,0,1
327,FT_SCREENED_OUT,data/surgical_autonomy/parsed_text/327_v2.md,1,,0e28517b7948c23b326b22920f089aa5ddfd9d07ed637f805ca30e2c2bac67e1,75836,75775,1420,30580,1,1,prefix,30536,45239,2026-03-14T00:45:46.715908+00:00,1,2026-03-14T00:45:46.716992+00:00,2,docling,0,1,0
329,FT_SCREENED_OUT,data/surgical_autonomy/parsed_text/329_v2.md,1,,4b05c804cfd30891aa163de3a426e217d9b454bd231056b20af055756e59980d,47516,47483,2048,29952,1,1,prefix,24797,22686,2026-03-14T00:46:20.448922+00:00,1,2026-03-14T00:46:20.449258+00:00,2,docling,0,1,0
332,FT_SCREENED_OUT,data/surgical_autonomy/parsed_text/332_v2.md,1,,ade52b861bd4ca0508238f531ae7c7fa0637812b3bc6c567a5b25dae88814292,53907,53777,2624,29376,1,1,prefix,28785,24992,2026-03-14T00:46:45.616847+00:00,1,2026-03-14T00:46:45.616903+00:00,2,docling,0,1,0
334,FT_SCREENED_OUT,data/surgical_autonomy/parsed_text/334_v2.md,1,,e96b5d75f2dc4a4d3bcc873c9af14edaf0312e3a5734f497e65353032f0652c2,47260,47131,1483,30517,1,1,prefix,30081,17050,2026-03-14T00:46:59.807940+00:00,1,2026-03-14T00:46:59.808330+00:00,2,docling,0,1,0
338,FT_SCREENED_OUT,data/surgical_autonomy/parsed_text/338_v2.md,1,,d05f1bb55a0aef7b471cd9932321c25464c9eafcb0e2d0409fc4d50492fc122d,99634,99302,1495,30505,1,1,prefix,30279,69023,2026-03-14T00:47:35.754956+00:00,1,2026-03-14T00:47:35.755596+00:00,2,docling,0,1,0
339,FT_SCREENED_OUT,data/surgical_autonomy/parsed_text/339_v2.md,1,,e262e4fed0c0dba19e8d97de55bc00b0349f86111efaa70948d257446c12d9b5,72865,72761,237,31763,1,1,prefix,31677,41084,2026-03-14T00:48:54.592994+00:00,1,2026-03-14T00:48:54.593652+00:00,2,docling,0,1,0
340,FT_SCREENED_OUT,data/surgical_autonomy/parsed_text/340_v2.md,1,,94fcd41b1fbfc0340f576b5d29c1c731824d1b61b30a98f3aed8b7c3991b5b7c,51533,51502,1409,30591,1,1,prefix,30488,21014,2026-03-14T00:49:10.390002+00:00,1,2026-03-14T00:49:10.390574+00:00,2,docling,0,1,0
342,FT_SCREENED_OUT,data/surgical_autonomy/parsed_text/342_v2.md,1,,1f6d4e34c9e75655a8c98dae0e5a24f7cc60896961724264d5c96f62e611fadd,26647,26643,1769,30231,0,0,none,26643,0,2026-03-14T00:49:19.854007+00:00,1,2026-03-14T00:49:19.854690+00:00,2,docling,0,1,0
345,FT_SCREENED_OUT,data/surgical_autonomy/parsed_text/345_v2.md,1,,99ec29ac24f491e47b4e173bf4357980aec14d52f7a78b68afb8b0f9f7cb9d87,35805,35770,2057,29943,1,1,references_line,29065,6705,2026-03-14T00:49:37.921016+00:00,1,2026-03-14T00:49:37.921379+00:00,2,docling,0,1,0
346,AI_AUDIT_COMPLETE,data/surgical_autonomy/parsed_text/346_v2.md,1,,dbbda92b3381242a716389a8a96c16d3453fc42047a7a94c6c6daaa702f0912b,39268,39232,541,31459,1,1,prefix,31358,7874,2026-03-14T00:49:48.218104+00:00,1,2026-03-14T00:49:48.218156+00:00,2,docling,1,0,1
347,AI_AUDIT_COMPLETE,data/surgical_autonomy/parsed_text/347_v2.md,1,,2e5c5248ca3d257f3ad9c3add2cd55d7d173b5f91c2579a54dc9e778116dc3e8,72556,72517,1803,30197,1,1,prefix,30140,42377,2026-03-14T00:50:04.150029+00:00,1,2026-03-14T00:50:04.150317+00:00,2,docling,1,0,1
352,FT_SCREENED_OUT,data/surgical_autonomy/parsed_text/352_v2.md,1,,b00bea895a55c1c44d73a62eeb4a227b6aaf00a093d4327873e14e0edd7c17f9,38883,38856,1331,30669,1,1,references_line,28720,10136,2026-03-14T00:50:12.968034+00:00,1,2026-03-14T00:50:12.968618+00:00,2,docling,0,1,0
357,FT_SCREENED_OUT,data/surgical_autonomy/parsed_text/357_v2.md,1,,bda236eebbe21b706992613fa16b9e72e32526f4e0df68b3e59166c2cd0aabd0,21304,21287,2158,29842,0,0,none,21287,0,2026-03-14T00:50:17.013855+00:00,1,2026-03-14T00:50:17.013911+00:00,2,docling,0,1,0
358,FT_SCREENED_OUT,data/surgical_autonomy/parsed_text/358_v2.md,1,,7fdc0285cf14dfd3e1153a21ed0d1a98a435f520978d3e42194a7db8c164c84a,59622,59545,1876,30124,1,1,prefix,30082,29463,2026-03-14T00:50:45.871051+00:00,1,2026-03-14T00:50:45.872085+00:00,2,docling,0,1,0
361,FT_SCREENED_OUT,data/surgical_autonomy/parsed_text/361_v2.md,1,,264bf5c65097e4a557a414ed4cd4b2752337ee23c7840b82fb8c71561454e669,39586,39513,2072,29928,1,1,prefix,29671,9842,2026-03-14T00:51:02.407847+00:00,1,2026-03-14T00:51:02.407902+00:00,2,docling,0,1,0
364,AI_AUDIT_COMPLETE,data/surgical_autonomy/parsed_text/364_v2.md,1,,cb60602428968343c7a9eed14f82281738f9c4d38d19f76a3ba263de6f018acf,38123,37942,1616,30384,1,1,prefix,30236,7706,2026-03-14T00:51:21.831070+00:00,1,2026-03-14T00:51:21.831546+00:00,2,docling,1,0,1
366,AI_AUDIT_COMPLETE,data/surgical_autonomy/parsed_text/366_v2.md,1,,09a1ebaa2bb5388b30de14f8876980b0214602fc1278eed823a694f51af052ec,77786,77732,305,31695,1,1,prefix,31558,46174,2026-03-14T00:52:10.252096+00:00,1,2026-03-14T00:52:10.252674+00:00,2,docling,1,0,1
367,FT_SCREENED_OUT,data/surgical_autonomy/parsed_text/367_v2.md,1,,2e3b03583783746011138f7fc683e07937d87400817c636ec117ebe9b87676cb,64529,64243,1698,30302,1,1,prefix,30104,34139,2026-03-14T00:52:46.435095+00:00,1,2026-03-14T00:52:46.435162+00:00,2,docling,0,1,0
368,AI_AUDIT_COMPLETE,data/surgical_autonomy/parsed_text/368_v2.md,1,,dc407b8314caab8617642bf5948f8add6073c00a52e3b93e575b714c01328742,56161,55731,1657,30343,1,1,prefix,30294,25437,2026-03-14T03:34:30.362725+00:00,1,2026-03-14T03:34:30.362773+00:00,2,pymupdf,1,0,1
369,FT_SCREENED_OUT,data/surgical_autonomy/parsed_text/369_v2.md,1,,a6db52b6ee1bcf7784af416cbe495907b96c71324352810cd9f96b42cce419fb,46440,46382,1289,30711,1,1,prefix,30669,15713,2026-03-14T00:52:59.804865+00:00,1,2026-03-14T00:52:59.804934+00:00,2,docling,0,1,0
370,AI_AUDIT_COMPLETE,data/surgical_autonomy/parsed_text/370_v2.md,1,,7c9405aea62f2165f69ed2a8129c9fb1154d6d397733e55e3321ea546710a4ef,48231,48165,1285,30715,1,1,prefix,30556,17609,2026-03-14T00:53:18.352097+00:00,1,2026-03-14T00:53:18.352162+00:00,2,docling,1,0,1
371,FT_SCREENED_OUT,data/surgical_autonomy/parsed_text/371_v2.md,1,,079953bcb0bda47a5068cf1e728d51dccaba21deed4f334286ff518be51cc59b,38950,38927,1416,30584,1,1,prefix,30571,8356,2026-03-14T00:53:26.298138+00:00,1,2026-03-14T00:53:26.298627+00:00,2,docling,0,1,0
373,FT_SCREENED_OUT,data/surgical_autonomy/parsed_text/373_v2.md,1,,aeb0ddeafed32cdd4c6d04db857c3781221ae99f239881084342598f09670875,69166,69135,195,31805,1,1,prefix,29847,39288,2026-03-14T00:53:54.450996+00:00,1,2026-03-14T00:53:54.451064+00:00,2,docling,0,1,0
375,FT_SCREENED_OUT,data/surgical_autonomy/parsed_text/375_v2.md,1,,d452fd183105a3882dc547cdb8406320172cf5dcfb76c4e6e131b0077013e910,49293,49280,1298,30702,1,1,prefix,30604,18676,2026-03-14T00:54:10.152007+00:00,1,2026-03-14T00:54:10.152068+00:00,2,docling,0,1,0
376,AI_AUDIT_COMPLETE,data/surgical_autonomy/parsed_text/376_v2.md,1,,0c8db4d20df179123bd396108ab980c3e7021150402bfaa6b24755dbd87ffc65,45704,45637,1566,30434,1,1,prefix,30353,15284,2026-03-14T00:54:21.283169+00:00,1,2026-03-14T00:54:21.283371+00:00,2,docling,1,0,1
377,FT_SCREENED_OUT,data/surgical_autonomy/parsed_text/377_v2.md,1,,6e70d7c4c7b58b680d2af63b17499c4ec8ad2e3f9f0a49f35d9dbaa0e8cc12b3,10653,10648,245,31755,0,0,none,10648,0,2026-03-14T00:54:24.494171+00:00,1,2026-03-14T00:54:24.494379+00:00,2,docling,0,1,0
378,AI_AUDIT_COMPLETE,data/surgical_autonomy/parsed_text/378_v2.md,1,,5ec78fed5d94051d27429eb14a008333ecd77914906a5c4276e5059fd35d0f86,44794,44463,1634,30366,1,1,prefix,29972,14491,2026-03-14T03:34:31.939593+00:00,1,2026-03-14T03:34:31.939667+00:00,2,pymupdf,1,0,1
380,AI_AUDIT_COMPLETE,data/surgical_autonomy/parsed_text/380_v2.md,1,,3d666cb1cb8578e8043a308c181152fd1df4d52961c357641a74a07d9c69e0c5,38367,38341,1601,30399,1,1,prefix,30318,8023,2026-03-14T00:54:38.233674+00:00,1,2026-03-14T00:54:38.233734+00:00,2,docling,1,0,1
381,FT_SCREENED_OUT,data/surgical_autonomy/parsed_text/381_v2.md,1,,ca0942dc7b1ca91598f65e92dafd8964893d06997d3f8c44b76c1828fdfd793d,43423,43301,2103,29897,1,1,prefix,29831,13470,2026-03-14T00:54:53.167187+00:00,1,2026-03-14T00:54:53.169210+00:00,2,docling,0,1,0
383,AI_AUDIT_COMPLETE,data/surgical_autonomy/parsed_text/383_v2.md,1,,4b4517ea410d8d3bfc0944e140d23cbb9d74c9f730e2d79fff4c75b187791bd6,54906,54857,880,31120,1,1,prefix,31077,23780,2026-03-14T00:55:06.280195+00:00,1,2026-03-14T00:55:06.281476+00:00,2,docling,1,0,1
386,AI_AUDIT_COMPLETE,data/surgical_autonomy/parsed_text/386_v2.md,1,,f18a35937321ed6a2b8d51bdb397612f8824033e933893f6b3d8d1653036a0de,35337,35314,518,31482,1,1,references_line,30702,4612,2026-03-14T00:55:23.356205+00:00,1,2026-03-14T00:55:23.358120+00:00,2,docling,1,0,1
388,AI_AUDIT_COMPLETE,data/surgical_autonomy/parsed_text/388_v2.md,1,,7b5e495e6df685080aa401a30af38f257e412f66b94a85a87a92ab10d03d4575,48543,48425,1589,30411,1,1,prefix,30358,18067,2026-03-14T00:55:33.083210+00:00,1,2026-03-14T00:55:33.084744+00:00,2,docling,1,0,1
389,FT_SCREENED_OUT,data/surgical_autonomy/parsed_text/389_v2.md,1,,3c85b719ddafa637bdaab7f0506960493959460b4d3a1aaa1883507ec40c1774,76327,75939,1150,30850,1,1,prefix,30540,45399,2026-03-14T00:55:54.128223+00:00,1,2026-03-14T00:55:54.129331+00:00,2,docling,0,1,0
390,FT_SCREENED_OUT,data/surgical_autonomy/parsed_text/390_v2.md,1,,3dd1d89be600b23936ce0ef2105e5cb6ae3aa573fe4209f6c2d7c2460c4b8eb6,48656,48558,375,31625,1,1,prefix,31579,16979,2026-03-14T00:56:13.463234+00:00,1,2026-03-14T00:56:13.464695+00:00,2,docling,0,1,0
392,AI_AUDIT_COMPLETE,data/surgical_autonomy/parsed_text/392_v2.md,1,,0adf652d16eed304df79bcef969291f85008e48c720b37552a0e9af760ecbd79,33785,33751,641,31359,1,1,references_line,29205,4546,2026-03-14T00:56:21.588914+00:00,1,2026-03-14T00:56:21.588975+00:00,2,docling,1,0,1
395,AI_AUDIT_COMPLETE,data/surgical_autonomy/parsed_text/395_v2.md,1,,83caeb0e2205545839dce2a8544126f4f9178d0b9e648d063c94df243650dc32,60209,60191,1813,30187,1,1,prefix,30113,30078,2026-03-14T00:56:45.919856+00:00,1,2026-03-14T00:56:45.919927+00:00,2,docling,1,0,1
396,FT_SCREENED_OUT,data/surgical_autonomy/parsed_text/396_v2.md,1,,a2255582d8788eff588ad88d5c6a646828ed1c26b0baae2d52b82235b454edb5,56727,56706,2227,29773,1,1,prefix,29416,27290,2026-03-14T00:57:17.095272+00:00,1,2026-03-14T00:57:17.096300+00:00,2,docling,0,1,0
397,FT_SCREENED_OUT,data/surgical_autonomy/parsed_text/397_v2.md,1,,808512d82ee2deb5e6e80dacc4ba7d1fb44a11f2aad7fa41cf2a6fc8bd64ed57,31445,31441,761,31239,1,0,references_line,23110,8331,2026-03-14T00:57:24.854779+00:00,1,2026-03-14T00:57:24.854837+00:00,2,docling,0,1,0
398,FT_SCREENED_OUT,data/surgical_autonomy/parsed_text/398_v2.md,1,,f74aa7b29789ac050c521bb25031a39a879d7d34fe4dbd0d4511acebd149e940,36208,36175,256,31744,1,1,references_line,30949,5226,2026-03-14T00:58:43.768324+00:00,1,2026-03-14T00:58:43.769509+00:00,2,docling,0,1,0
399,FT_SCREENED_OUT,data/surgical_autonomy/parsed_text/399_v2.md,1,,fc0e5c846459e2d5e8c31009c531a6a523dda0b1b311f91deb53f3dc5bbc5e36,45348,45255,1051,30949,1,1,prefix,30845,14410,2026-03-14T00:58:54.245331+00:00,1,2026-03-14T00:58:54.246332+00:00,2,docling,0,1,0
400,AI_AUDIT_COMPLETE,data/surgical_autonomy/parsed_text/400_v2.md,1,,87da91786e6b793f25d3504059a05918849b9cadaf42350423a7a9d65151c686,48532,48389,1368,30632,1,1,prefix,30598,17791,2026-03-14T00:59:21.736347+00:00,1,2026-03-14T00:59:21.737683+00:00,2,docling,1,0,1
401,FT_SCREENED_OUT,data/surgical_autonomy/parsed_text/401_v2.md,1,,c887bd844dbeff3f9b21566b191fd33476f5ef62a0ea87b95c6ee61f43934bc0,52253,52207,1643,30357,1,1,prefix,29942,22265,2026-03-14T00:59:46.028362+00:00,1,2026-03-14T00:59:46.029410+00:00,2,docling,0,1,0
402,AI_AUDIT_COMPLETE,data/surgical_autonomy/parsed_text/402_v2.md,1,,ac5777bc43b480e9800272a498d1224b659814ef3dff4a7d6148beb0d0611d63,60135,60051,239,31761,1,1,prefix,31726,28325,2026-03-14T01:00:09.576060+00:00,1,2026-03-14T01:00:09.576116+00:00,2,docling,1,0,1
405,AI_AUDIT_COMPLETE,data/surgical_autonomy/parsed_text/405_v2.md,1,,a6d7863ec94bf9b3d9cd5b4603ab56d841137aefda57530f0b0f9f7be1732493,43150,43109,231,31769,1,1,prefix,31451,11658,2026-03-14T01:00:24.091061+00:00,1,2026-03-14T01:00:24.091145+00:00,2,docling,1,0,1
406,AI_AUDIT_COMPLETE,data/surgical_autonomy/parsed_text/406_v2.md,1,,c03950c0e2b6284b4fc0964d59122db2a1b88631635e82d66cbebd91725195d6,42772,42699,1237,30763,1,1,prefix,30724,11975,2026-03-14T01:00:45.963064+00:00,1,2026-03-14T01:00:45.963130+00:00,2,docling,1,0,1
407,AI_AUDIT_COMPLETE,data/surgical_autonomy/parsed_text/407_v2.md,1,,60747a2bff16de4d6a767a962b0de3a5f1314f04b8c9d2568f75b34fadb534fa,35210,35096,2065,29935,1,1,references_line,28926,6170,2026-03-14T01:01:11.269079+00:00,1,2026-03-14T01:01:11.269139+00:00,2,docling,1,0,1
409,AI_AUDIT_COMPLETE,data/surgical_autonomy/parsed_text/409_v2.md,1,,e3d30eaeac3e7c43ca8c97b204f4ecb44992256a4f26004479453d87464cd0ad,45755,45715,352,31648,1,1,prefix,30889,14826,2026-03-14T01:01:33.184985+00:00,1,2026-03-14T01:01:33.185038+00:00,2,docling,1,0,1
411,AI_AUDIT_COMPLETE,data/surgical_autonomy/parsed_text/411_v2.md,1,,4e3b19733b26b61b16b62539bbd8bc80a02de972f11294b65c6782d300595b34,49965,49876,1210,30790,1,1,prefix,30629,19247,2026-03-14T01:01:44.227435+00:00,1,2026-03-14T01:01:44.228460+00:00,2,docling,1,0,1
415,AI_AUDIT_COMPLETE,data/surgical_autonomy/parsed_text/415_v2.md,1,,09933a869b91a816776452152ea70d244a334b72f626ce0a7a9b3e42f176af8a,1776058,1771635,1523,30477,1,1,prefix,30477,1741158,2026-03-14T01:13:22.936905+00:00,1,2026-03-14T01:13:22.937968+00:00,2,docling,1,0,1
416,FT_SCREENED_OUT,data/surgical_autonomy/parsed_text/416_v2.md,1,,493eac32f8954e955c57ae1d1d2d58e70a855d300723d9292690b7ac9c4a3abc,2120262,2115796,1281,30719,1,1,prefix,30440,2085356,2026-03-14T01:28:30.016901+00:00,1,2026-03-14T01:28:30.018618+00:00,2,docling,0,1,0
417,FT_SCREENED_OUT,data/surgical_autonomy/parsed_text/417_v2.md,1,,9fa280baa5e88af86a97b16435c0cad3e888d11ee2009b3b94d84275a0e630c1,54050,54005,1839,30161,1,1,prefix,30098,23907,2026-03-14T01:28:49.175932+00:00,1,2026-03-14T01:28:49.176788+00:00,2,docling,0,1,0
421,FT_SCREENED_OUT,data/surgical_autonomy/parsed_text/421_v2.md,1,,503f5ed2b411904ca8cc2b65f85a3edc9dbd95dc02133a8297150e73de75c0b6,45376,45329,2829,29171,1,1,prefix,29019,16310,2026-03-14T01:28:56.916945+00:00,1,2026-03-14T01:28:56.917687+00:00,2,docling,0,1,0
423,FT_SCREENED_OUT,data/surgical_autonomy/parsed_text/423_v2.md,1,,ef9e70abfd771bbe68ae011f8b5f69dbd95fc58c1629c9edd760e1b9347c2ea6,33270,33268,416,31584,1,1,references_line,26038,7230,2026-03-14T01:29:19.945923+00:00,1,2026-03-14T01:29:19.945992+00:00,2,docling,0,1,0
431,AI_AUDIT_COMPLETE,data/surgical_autonomy/parsed_text/431_v2.md,1,,3c9924328f81971c44086e3aa42ea6f3db819ecf5962b79b381c27ceb33597f4,38318,38170,317,31683,1,1,references_line,30141,8029,2026-03-14T01:29:47.063025+00:00,1,2026-03-14T01:29:47.063668+00:00,2,docling,1,0,1
432,AI_AUDIT_COMPLETE,data/surgical_autonomy/parsed_text/432_v2.md,1,,a9e1b21a0291bc62da786e8879a6baedff23acdb93876a83f8a3ccdc58a26440,50795,50790,1675,30325,1,1,prefix,29831,20959,2026-03-14T01:30:04.444134+00:00,1,2026-03-14T01:30:04.444238+00:00,2,docling,1,0,1
433,AI_AUDIT_COMPLETE,data/surgical_autonomy/parsed_text/433_v2.md,1,,ee8118c6a89dc109e878f259cf72ecdcec1a8aa162d62ef078e6740386a2b8fe,48747,48629,1526,30474,1,1,prefix,30376,18253,2026-03-14T01:30:21.458820+00:00,1,2026-03-14T01:30:21.458885+00:00,2,docling,1,0,1
434,AI_AUDIT_COMPLETE,data/surgical_autonomy/parsed_text/434_v2.md,1,,98c92c17392a9c0c0d10bb0d6a17bd761eba15d06f083ad67b0974ccbbf8d149,45871,45849,1155,30845,1,1,prefix,30767,15082,2026-03-14T01:30:33.456098+00:00,1,2026-03-14T01:30:33.456513+00:00,2,docling,1,0,1
436,FT_SCREENED_OUT,data/surgical_autonomy/parsed_text/436_v2.md,1,,ce974eedf7faf9d6c9b1c9f3e707c043e9f5cc8be84326932e6be8919cfe6b9e,43159,43091,1697,30303,1,1,prefix,30058,13033,2026-03-14T01:30:55.348065+00:00,1,2026-03-14T01:30:55.348117+00:00,2,docling,0,1,0
437,FT_SCREENED_OUT,data/surgical_autonomy/parsed_text/437_v2.md,1,,5d17a716ae967d3aaa3372a1da281219f34e909a32cd92cc665c2447f5998b93,52414,52402,1859,30141,1,1,prefix,30045,22357,2026-03-14T01:31:11.820158+00:00,1,2026-03-14T01:31:11.820781+00:00,2,docling,0,1,0
438,FT_SCREENED_OUT,data/surgical_autonomy/parsed_text/438_v2.md,1,,24b959d202dde278fd344f105b503806ecb34e11c84dd68c878cea90915bf420,34882,34874,2958,29042,1,1,prefix,28312,6562,2026-03-14T01:31:26.842181+00:00,1,2026-03-14T01:31:26.843610+00:00,2,docling,0,1,0
439,AI_AUDIT_COMPLETE,data/surgical_autonomy/parsed_text/439_v2.md,1,,29fd244ac192bb63885e78e9fdbad793e8d32d6a2b2460005a60514c9dca4da7,51268,51239,1047,30953,1,1,prefix,30538,20701,2026-03-14T01:31:42.889205+00:00,1,2026-03-14T01:31:42.890627+00:00,2,docling,1,0,1
440,FT_SCREENED_OUT,data/surgical_autonomy/parsed_text/440_v2.md,1,,67a698822d0c0376e25717142f75f0aae58ae31197cd72ce973a19bb57a7a352,34140,34064,1861,30139,1,1,references_line,29641,4423,2026-03-14T01:31:52.700084+00:00,1,2026-03-14T01:31:52.700163+00:00,2,docling,0,1,0
441,FT_SCREENED_OUT,data/surgical_autonomy/parsed_text/441_v2.md,1,,2fa35b4786dac7e2caa871066cd8ed56c36928de41869dee7737fed598e0cbdb,29081,29052,1874,30126,0,0,none,29052,0,2026-03-14T01:32:00.108232+00:00,1,2026-03-14T01:32:00.109983+00:00,2,docling,0,1,0
442,AI_AUDIT_COMPLETE,data/surgical_autonomy/parsed_text/442_v2.md,1,,b2b4929b10d3e0dfd6e83cce436ef2819edb191a72dbd72a046fee0bf58cbcfa,50653,50576,1364,30636,1,1,prefix,30612,19964,2026-03-14T01:32:26.999273+00:00,1,2026-03-14T01:32:27.000461+00:00,2,docling,1,0,1
444,FT_SCREENED_OUT,data/surgical_autonomy/parsed_text/444_v2.md,1,,7c1713ec5dbbafb5ca0367e7b4d424e8e7afbea414fb5eeaf14680e9ef77af22,67443,67432,2495,29505,1,1,prefix,29244,38188,2026-03-14T01:32:39.199646+00:00,1,2026-03-14T01:32:39.199714+00:00,2,docling,0,1,0
445,AI_AUDIT_COMPLETE,data/surgical_autonomy/parsed_text/445_v2.md,1,,5513ca3a17d05f098a71b510c889c6928746feee177dd08c8a771e0c6953de89,54470,54424,1866,30134,1,1,prefix,29945,24479,2026-03-14T01:32:56.030917+00:00,1,2026-03-14T01:32:56.030987+00:00,2,docling,1,0,1
447,FT_SCREENED_OUT,data/surgical_autonomy/parsed_text/447_v2.md,1,,fa9b278ee4796d6a2ee7a2e5465d1098f501be8ef0054d51dd5ac444f3a75d4c,32979,32922,786,31214,1,1,references_line,26833,6089,2026-03-14T01:33:06.030331+00:00,1,2026-03-14T01:33:06.031567+00:00,2,docling,0,1,0
448,FT_SCREENED_OUT,data/surgical_autonomy/parsed_text/448_v2.md,1,,e5b631fbf16619697d459d53803ccc6add98ef63a8e54e0e1c0d66f9e95a0c23,80949,80526,1364,30636,1,1,prefix,30487,50039,2026-03-14T01:33:58.578016+00:00,1,2026-03-14T01:33:58.578083+00:00,2,docling,0,1,0
449,AI_AUDIT_COMPLETE,data/surgical_autonomy/parsed_text/449_v2.md,1,,5c2034be534ebe7b7b73c3482335b61c3b89d8235496484b21e792f15108615c,34264,34161,1043,30957,1,1,references_line,29019,5142,2026-03-14T01:34:07.918423+00:00,1,2026-03-14T01:34:07.919567+00:00,2,docling,1,0,1
451,FT_SCREENED_OUT,data/surgical_autonomy/parsed_text/451_v2.md,1,,1fc9f65cde7adcf2c2ea098cf9f50e61183188c3ad9cc49f0d4e584cbb5696f5,19770,19744,1324,30676,0,0,none,19744,0,2026-03-14T01:34:16.705436+00:00,1,2026-03-14T01:34:16.706693+00:00,2,docling,0,1,0
453,AI_AUDIT_COMPLETE,data/surgical_autonomy/parsed_text/453_v2.md,1,,86966f6e558dec379f37d9eb53fe3754f036dce14c9e6893c94f61629777b8c7,31406,31303,584,31416,0,0,none,31303,0,2026-03-14T01:34:24.855448+00:00,1,2026-03-14T01:34:24.857110+00:00,2,docling,1,0,1
455,AI_AUDIT_COMPLETE,data/surgical_autonomy/parsed_text/455_v3.md,1,,71d3448949a0952d4c08dd0b5ada3b6889115b534b5993d16636ce94916c6e51,52503,52403,1557,30443,1,1,prefix,30344,22059,2026-09-08T03:45:21.393824+00:00,1,2026-09-08T03:45:21.394350+00:00,3,docling_sanitized,1,0,1
455,AI_AUDIT_COMPLETE,data/surgical_autonomy/parsed_text/455_v2.md,1,,1e459a15005549fc89250a34c3d35b417045d56c13893d36276e1836eb616e24,60537,59964,1557,30443,1,1,references_line,25968,33996,2026-03-14T03:34:34.102046+00:00,1,2026-03-14T03:34:34.102095+00:00,2,pymupdf,1,0,1
457,AI_AUDIT_COMPLETE,data/surgical_autonomy/parsed_text/457_v2.md,1,,edcea3adbaa570ed2f170049874cedfe890ebfa7f133350f4c4515d86d321547,26685,26586,1240,30760,0,0,none,26586,0,2026-03-14T02:08:33.043708+00:00,1,2026-03-14T02:08:33.043762+00:00,2,docling,1,0,1
458,AI_AUDIT_COMPLETE,data/surgical_autonomy/parsed_text/458_v2.md,1,,f410f35b1c36d6531749c6b29448b1b16a7d5ca519059d35c54a2fca348c5749,61322,61301,340,31660,1,1,prefix,31562,29739,2026-03-14T02:08:44.119908+00:00,1,2026-03-14T02:08:44.119966+00:00,2,docling,1,0,1
459,AI_AUDIT_COMPLETE,data/surgical_autonomy/parsed_text/459_v2.md,1,,54ae8ab0ca332e0f79ac3a9cfda6cf4e37f85187e25e689546d33b3088fc0ce9,83105,82860,1802,30198,1,1,prefix,29960,52900,2026-03-14T02:08:57.563500+00:00,1,2026-03-14T02:08:57.563548+00:00,2,docling,1,0,1
460,AI_AUDIT_COMPLETE,data/surgical_autonomy/parsed_text/460_v2.md,1,,15631d1b26336674bebdfe3edebc97485bd814c18e7998497a161a00505c0503,44719,44688,1625,30375,1,1,prefix,30333,14355,2026-03-14T02:09:11.233003+00:00,1,2026-03-14T02:09:11.233099+00:00,2,docling,1,0,1
461,AI_AUDIT_COMPLETE,data/surgical_autonomy/parsed_text/461_v2.md,1,,6cb4cb5d4af06a4170e4b6d02b092ca8155008aa31df727f1867132acce52bef,37382,37337,1388,30612,1,1,references_line,29375,7962,2026-03-14T02:09:21.557014+00:00,1,2026-03-14T02:09:21.557092+00:00,2,docling,1,0,1
462,AI_AUDIT_COMPLETE,data/surgical_autonomy/parsed_text/462_v2.md,1,,f57e9a77c6d24271e63f1f627b85078b5fcc9a3329108177101026b74315c146,35399,35236,1303,30697,1,1,references_line,29205,6031,2026-03-14T02:09:34.942047+00:00,1,2026-03-14T02:09:34.942482+00:00,2,docling,1,0,1
463,AI_AUDIT_COMPLETE,data/surgical_autonomy/parsed_text/463_v2.md,1,,4515c71c7ae455f27b6243154d096653e9bcd5d525074c4731cd80808790dc7e,34376,34259,1244,30756,1,1,references_line,28336,5923,2026-03-14T02:09:55.031098+00:00,1,2026-03-14T02:09:55.031235+00:00,2,docling,1,0,1
464,AI_AUDIT_COMPLETE,data/surgical_autonomy/parsed_text/464_v2.md,1,,5eca2899363938ec7cfec0a2f175dba13bf877477505e92fe6d62de27bc2837d,42861,42778,1415,30585,1,1,prefix,30570,12208,2026-03-14T02:10:07.315129+00:00,1,2026-03-14T02:10:07.315473+00:00,2,docling,1,0,1
465,FT_SCREENED_OUT,data/surgical_autonomy/parsed_text/465_v2.md,1,,9b90b05d20460642ed21de90ef65b53115db6b307cfbd8a8d60f0a4d1b576af9,20528,20508,771,31229,0,0,none,20508,0,2026-03-14T02:10:14.178115+00:00,1,2026-03-14T02:10:14.178167+00:00,2,docling,0,1,0
466,AI_AUDIT_COMPLETE,data/surgical_autonomy/parsed_text/466_v2.md,1,,907c362c40085363e1124fdcb7c5c44617f0769fceb6eafc445c2b3d8ed744db,44361,44175,1243,30757,1,1,prefix,30739,13436,2026-03-14T02:10:22.876168+00:00,1,2026-03-14T02:10:22.876656+00:00,2,docling,1,0,1
467,AI_AUDIT_COMPLETE,data/surgical_autonomy/parsed_text/467_v2.md,1,,c303ab36c36ddc6b07649d38da8c144b5afcaa21b9f8bb5d51bd111c0dfa67ce,61693,61473,1719,30281,1,1,prefix,30000,31473,2026-03-14T02:11:12.399770+00:00,1,2026-03-14T02:11:12.399829+00:00,2,docling,1,0,1
469,FT_SCREENED_OUT,data/surgical_autonomy/parsed_text/469_v2.md,1,,ab9fd7c5518d98f8629b60b5361cff22f2b4e1b5c5df871a2fb1e6b021f28c44,22611,22607,15850,16150,1,0,prefix,15889,6718,2026-03-14T02:11:21.488903+00:00,1,2026-03-14T02:11:21.488951+00:00,2,docling,0,1,0
470,AI_AUDIT_COMPLETE,data/surgical_autonomy/parsed_text/470_v2.md,1,,19f4394f77505a1db0508b57811dacc12f387ce18c695cf16dc27e642eeac436,34918,34849,1487,30513,1,1,references_line,28719,6130,2026-03-14T02:11:32.576343+00:00,1,2026-03-14T02:11:32.577642+00:00,2,docling,1,0,1
471,FT_SCREENED_OUT,data/surgical_autonomy/parsed_text/471_v2.md,1,,479f72f8760c92804f48a0e725e4dbc0ecae64124e3ec678ddd39e7fe576c1c4,32641,32514,1554,30446,1,1,references_line,26645,5869,2026-03-14T02:11:46.446958+00:00,1,2026-03-14T02:11:46.447018+00:00,2,docling,0,1,0
472,AI_AUDIT_COMPLETE,data/surgical_autonomy/parsed_text/472_v2.md,1,,96e8cdf7a7fb8e49a55f5da33f14a8bf4a7080c60a6d99ed0f7e918a7f05f560,38283,38262,1202,30798,1,1,prefix,30680,7582,2026-03-14T02:12:03.228420+00:00,1,2026-03-14T02:12:03.229421+00:00,2,docling,1,0,1
473,AI_AUDIT_COMPLETE,data/surgical_autonomy/parsed_text/473_v2.md,1,,205315041b78c0d7f65cbe6575db30c670752f214be53aa5599f1cacb382f4d8,25071,25025,1221,30779,0,0,none,25025,0,2026-03-14T02:12:17.304455+00:00,1,2026-03-14T02:12:17.305457+00:00,2,docling,1,0,1
474,AI_AUDIT_COMPLETE,data/surgical_autonomy/parsed_text/474_v2.md,1,,738ca1531cbb791d696d42ae4b6dd9089d34703d730d58fd3d21bb62edcf5860,46124,46069,1325,30675,1,1,prefix,30459,15610,2026-03-14T02:12:37.661714+00:00,1,2026-03-14T02:12:37.661774+00:00,2,docling,1,0,1
475,AI_AUDIT_COMPLETE,data/surgical_autonomy/parsed_text/475_v2.md,1,,b72433061c6dd0deb413e4851ab319c02177bb7393e544ad776ed530a5c7de67,32217,32176,1437,30563,1,1,references_line,27946,4230,2026-03-14T02:12:49.436535+00:00,1,2026-03-14T02:12:49.438039+00:00,2,docling,1,0,1
476,AI_AUDIT_COMPLETE,data/surgical_autonomy/parsed_text/476_v2.md,1,,6bc33f7cedb583b7b94f3642b5e376a60d825941334428162823c5f2a16eea38,43511,43427,1466,30534,1,1,prefix,30486,12941,2026-03-14T02:12:58.391084+00:00,1,2026-03-14T02:12:58.391153+00:00,2,docling,1,0,1
477,AI_AUDIT_COMPLETE,data/surgical_autonomy/parsed_text/477_v2.md,1,,ae0a5c90c6a271a8ac5009d34328b2c7b52f29487693cb692b5231c41a8cc404,46222,46178,1409,30591,1,1,prefix,30348,15830,2026-03-14T02:13:26.075583+00:00,1,2026-03-14T02:13:26.076409+00:00,2,docling,1,0,1
478,AI_AUDIT_COMPLETE,data/surgical_autonomy/parsed_text/478_v2.md,1,,4e3ed0c822789f8a978a689fab75c2ffe0327a20e715b65643b6f5fb62152b55,45851,45844,1700,30300,1,1,prefix,30252,15592,2026-03-14T02:13:33.609585+00:00,1,2026-03-14T02:13:33.610898+00:00,2,docling,1,0,1
479,FT_SCREENED_OUT,data/surgical_autonomy/parsed_text/479_v2.md,1,,88663b80dbcfa4ae1a5774c4ac376d9554dbd71270543c90df152ebe503cc362,57950,57809,1275,30725,1,1,prefix,30612,27197,2026-03-14T02:13:59.096594+00:00,1,2026-03-14T02:13:59.097762+00:00,2,docling,0,1,0
480,AI_AUDIT_COMPLETE,data/surgical_autonomy/parsed_text/480_v2.md,1,,1fee86d57b5a6f0b050cae1fe80d299bc5f35568c49299ce9a5c8dd7898225ee,54955,54828,3251,28749,1,1,prefix,28600,26228,2026-03-14T02:14:11.613599+00:00,1,2026-03-14T02:14:11.614535+00:00,2,docling,1,0,1
481,FT_SCREENED_OUT,data/surgical_autonomy/parsed_text/481_v2.md,1,,dd8f258689fc8b255b33b00c73535ffcd2d6a7321547d63b93e32f20a9de126f,21368,21350,1030,30970,0,0,none,21350,0,2026-03-14T02:14:18.819602+00:00,1,2026-03-14T02:14:18.820433+00:00,2,docling,0,1,0
482,FT_SCREENED_OUT,data/surgical_autonomy/parsed_text/482_v2.md,1,,09901c66d0e2ea824da130171f26e7ea7898e1fc93fc4db6f722e8c406b1a953,26717,26649,793,31207,0,0,none,26649,0,2026-03-14T02:14:26.411606+00:00,1,2026-03-14T02:14:26.412545+00:00,2,docling,0,1,0
483,FT_SCREENED_OUT,data/surgical_autonomy/parsed_text/483_v2.md,1,,2845fbca60aac9bc85fd66f1c56e0b93b2a35dc8c622546359385e0c790c9343,31248,31233,1588,30412,1,0,references_line,25882,5351,2026-03-14T02:14:38.851013+00:00,1,2026-03-14T02:14:38.851104+00:00,2,docling,0,1,0
484,FT_SCREENED_OUT,data/surgical_autonomy/parsed_text/484_v2.md,1,,3c081f1eb5cf391d5f74312077bb811b13bfd7c0c5eaf253f1c97a341bf5cf93,369,369,1092,30908,0,0,none,369,0,2026-03-14T02:14:45.665794+00:00,1,2026-03-14T02:14:45.665820+00:00,2,docling,0,1,0
485,AI_AUDIT_COMPLETE,data/surgical_autonomy/parsed_text/485_v2.md,1,,51566b8aa105b90556dcbd15cb8632e181530f9c869835725ccd3fc96a09dc0f,37647,37544,1280,30720,1,1,prefix,30531,7013,2026-03-14T02:15:00.454624+00:00,1,2026-03-14T02:15:00.455432+00:00,2,docling,1,0,1
486,AI_AUDIT_COMPLETE,data/surgical_autonomy/parsed_text/486_v2.md,1,,a7c35df36e7bbfc6a8582871032a5e86dc4ef2f8d100b9266c64c37e5cc3840a,42572,42550,1302,30698,1,1,prefix,30507,12043,2026-03-14T02:15:16.012633+00:00,1,2026-03-14T02:15:16.013457+00:00,2,docling,1,0,1
487,AI_AUDIT_COMPLETE,data/surgical_autonomy/parsed_text/487_v2.md,1,,27c703f0bb81c63a560106b001fe0c5bab11ab5585111ec8f4d593a4f90880d8,78193,78137,1066,30934,1,1,prefix,30919,47218,2026-03-14T02:15:33.339645+00:00,1,2026-03-14T02:15:33.340274+00:00,2,docling,1,0,1
488,AI_AUDIT_COMPLETE,data/surgical_autonomy/parsed_text/488_v2.md,1,,554b73271c66b50c18e6c3232fd425b613c0f0627d6fb8870ff0b714490d2121,32835,32780,1205,30795,1,1,references_line,27883,4897,2026-03-14T02:15:44.312845+00:00,1,2026-03-14T02:15:44.312935+00:00,2,docling,1,0,1
489,AI_AUDIT_COMPLETE,data/surgical_autonomy/parsed_text/489_v2.md,1,,1a13678a1249d3a580883e05adce447c34889064aa82a26dfc9da4dd986a24ad,50087,49948,1970,30030,1,1,prefix,29990,19958,2026-03-14T02:15:59.383663+00:00,1,2026-03-14T02:15:59.384419+00:00,2,docling,1,0,1
490,FT_SCREENED_OUT,data/surgical_autonomy/parsed_text/490_v2.md,1,,b6938bbc760a05f5e33c52e6cbe900ca82238401e77e811d726a808135ce26ce,20961,20942,575,31425,0,0,none,20942,0,2026-03-14T02:16:04.956756+00:00,1,2026-03-14T02:16:04.956803+00:00,2,docling,0,1,0
491,AI_AUDIT_COMPLETE,data/surgical_autonomy/parsed_text/491_v2.md,1,,c95e7f4f558ae7e409c70243b6fa349b33fd6fe66dd321e2eac39f4810db7dfd,10377,10129,1413,30587,0,0,none,10129,0,2026-03-14T02:16:08.919671+00:00,1,2026-03-14T02:16:08.920386+00:00,2,docling,1,0,1
492,AI_AUDIT_COMPLETE,data/surgical_autonomy/parsed_text/492_v2.md,1,,f82be48301e99a2037542e85bc9d8a125f55420767d5c146b8d137d2ed0fc6c8,47757,47719,1571,30429,1,1,prefix,30404,17315,2026-03-14T02:16:27.713043+00:00,1,2026-03-14T02:16:27.713114+00:00,2,docling,1,0,1
493,AI_AUDIT_COMPLETE,data/surgical_autonomy/parsed_text/493_v2.md,1,,a781ae4250abb528cfb838dadc4945dbfcd976db875f7b799ee8c87af6ea9444,71902,71700,3288,28712,1,1,prefix,28609,43091,2026-03-14T02:17:32.877745+00:00,1,2026-03-14T02:17:32.878826+00:00,2,docling,1,0,1
494,FT_SCREENED_OUT,data/surgical_autonomy/parsed_text/494_v2.md,1,,cccd8524a0cd144ddabca21c5676d5d1c2942df2457b176fe05fbd31431d5f3e,104806,104805,1232,30768,1,1,prefix,29319,75486,2026-03-14T02:17:49.357762+00:00,1,2026-03-14T02:17:49.358708+00:00,2,docling,0,1,0
495,FT_SCREENED_OUT,data/surgical_autonomy/parsed_text/495_v2.md,1,,803268911b86d00e9d29ec30ced230c445bf91461d2d733d5a49f00ddc6efec2,30230,30131,640,31360,0,0,none,30131,0,2026-03-14T02:17:55.362935+00:00,1,2026-03-14T02:17:55.363050+00:00,2,docling,0,1,0
496,FT_SCREENED_OUT,data/surgical_autonomy/parsed_text/496_v2.md,1,,dcba71c08b927af21f5dbb963409a5833aa6ed6433990d148a655c01a9dd4a27,48452,48391,1200,30800,1,1,prefix,30438,17953,2026-03-14T02:18:05.776779+00:00,1,2026-03-14T02:18:05.777593+00:00,2,docling,0,1,0
497,AI_AUDIT_COMPLETE,data/surgical_autonomy/parsed_text/497_v2.md,1,,05282ea8398b83715e44a79154339add2e55427bdaa8cb0b77e6b2b651d16d31,32234,32197,1019,30981,1,1,references_line,27240,4957,2026-03-14T02:18:12.032580+00:00,1,2026-03-14T02:18:12.032625+00:00,2,docling,1,0,1
498,AI_AUDIT_COMPLETE,data/surgical_autonomy/parsed_text/498_v2.md,1,,3ff539a382b63237b0e3f5facc9fbfbc64a15572b78835c7c724b12101d51dcd,149281,148805,1843,30157,1,1,prefix,29210,119595,2026-03-14T02:18:52.533830+00:00,1,2026-03-14T02:18:52.535080+00:00,2,docling,1,0,1
499,FT_SCREENED_OUT,data/surgical_autonomy/parsed_text/499_v2.md,1,,3f49fae611c6d0ce07ed8756ff194fcff064619f0e8a891505965b6424c1a803,30163,30097,1259,30741,0,0,none,30097,0,2026-03-14T02:18:58.895838+00:00,1,2026-03-14T02:18:58.896401+00:00,2,docling,0,1,0
500,FT_SCREENED_OUT,data/surgical_autonomy/parsed_text/500_v2.md,1,,8e3b502f437070b59d9cc2976a13e2f1d10743aeb49df490af1e72e63b214e5c,44059,43917,1528,30472,1,1,prefix,30305,13612,2026-03-14T02:19:07.957867+00:00,1,2026-03-14T02:19:07.957940+00:00,2,docling,0,1,0
501,FT_SCREENED_OUT,data/surgical_autonomy/parsed_text/501_v2.md,1,,e0d02bf55ffd680c0a7c832e1684f650614bd033f414b89dc69de1bd042c51b6,300062,299972,1035,30965,1,1,prefix,30965,269007,2026-03-14T02:19:17.792149+00:00,1,2026-03-14T02:19:17.792239+00:00,2,docling,0,1,0
502,AI_AUDIT_COMPLETE,data/surgical_autonomy/parsed_text/502_v2.md,1,,3a0265832d3e79979720d2641860a17841ba23fd5e49591fb127f39abdcec952,42229,42068,1709,30291,1,1,prefix,30203,11865,2026-03-14T02:19:35.996882+00:00,1,2026-03-14T02:19:35.997805+00:00,2,docling,1,0,1
504,AI_AUDIT_COMPLETE,data/surgical_autonomy/parsed_text/504_v2.md,1,,bf855a045bb9f29ccfa70517a746b81fda19121a09ea5c0c6c03748ceec048a5,40977,40937,1556,30444,1,1,prefix,30414,10523,2026-03-14T02:19:54.655905+00:00,1,2026-03-14T02:19:54.656536+00:00,2,docling,1,0,1
505,FT_SCREENED_OUT,data/surgical_autonomy/parsed_text/505_v2.md,1,,a2d6b80fec0d1d63e2de88897df5d27f65076bcfb7c955b1e9cc8e925ad21054,23901,23891,1141,30859,0,0,none,23891,0,2026-03-14T02:20:01.936915+00:00,1,2026-03-14T02:20:01.937797+00:00,2,docling,0,1,0
506,FT_SCREENED_OUT,data/surgical_autonomy/parsed_text/506_v2.md,1,,7da7505e9b73f89fd21463feff4d0458f178127602dbb056d5cadc8dd4dc5468,35244,35222,1345,30655,1,1,prefix,30612,4610,2026-03-14T02:20:11.181926+00:00,1,2026-03-14T02:20:11.182383+00:00,2,docling,0,1,0
507,AI_AUDIT_COMPLETE,data/surgical_autonomy/parsed_text/507_v2.md,1,,78e17f6fb93bb5e531ae6379af37bef025f93fbbcd984d45a6886281f738dc13,32109,32041,1219,30781,1,1,references_line,28415,3626,2026-03-14T02:20:23.674172+00:00,1,2026-03-14T02:20:23.674236+00:00,2,docling,1,0,1
508,FT_SCREENED_OUT,data/surgical_autonomy/parsed_text/508_v2.md,1,,237cc33c4307a1191d12c48439996b51628691377441f30935055da6f38a1742,28935,28773,1314,30686,0,0,none,28773,0,2026-03-14T02:20:31.928816+00:00,1,2026-03-14T02:20:31.928874+00:00,2,docling,0,1,0
509,AI_AUDIT_COMPLETE,data/surgical_autonomy/parsed_text/509_v2.md,1,,9e4cece9712c3b01cd856ddc17ffa3005f3aa75d33d26104b31be4f8ceba1dd5,40382,40347,1067,30933,1,1,references_line,30451,9896,2026-03-14T02:20:45.704972+00:00,1,2026-03-14T02:20:45.705506+00:00,2,docling,1,0,1
510,FT_SCREENED_OUT,data/surgical_autonomy/parsed_text/510_v2.md,1,,caecf163bd95a82c4f432a6e590dfda6e1f19e49eefea97fc3f3c6a7eb196a81,297828,297725,937,31063,1,1,prefix,31063,266662,2026-03-14T02:20:59.076990+00:00,1,2026-03-14T02:20:59.077935+00:00,2,docling,0,1,0
511,AI_AUDIT_COMPLETE,data/surgical_autonomy/parsed_text/511_v2.md,1,,65fb1f9bf5f93c62b1265c25a55f043e0e85e7aa0fba4039cfb927065a0ec0f5,82632,82257,3031,28969,1,1,prefix,28928,53329,2026-03-14T02:21:42.660119+00:00,1,2026-03-14T02:21:42.660185+00:00,2,docling,1,0,1
512,FT_SCREENED_OUT,data/surgical_autonomy/parsed_text/512_v2.md,1,,6c493c6d225a549a113fdd7fd896b280cf57475594f363851fc977801ade3652,28556,28522,1266,30734,0,0,none,28522,0,2026-03-14T02:22:05.820085+00:00,1,2026-03-14T02:22:05.820465+00:00,2,docling,0,1,0
513,AI_AUDIT_COMPLETE,data/surgical_autonomy/parsed_text/513_v2.md,1,,36aee5e8b28cb1c0187bd742eb52edaf29383c004082675bcd65eb06b53c9a50,34174,34043,1792,30208,1,1,prefix,30087,3956,2026-03-14T02:22:17.138101+00:00,1,2026-03-14T02:22:17.138442+00:00,2,docling,1,0,1
514,AI_AUDIT_COMPLETE,data/surgical_autonomy/parsed_text/514_v2.md,1,,d578b4be0c250712e4e8e986fe06144c6b9d861c3911691a33020da10874183e,47756,47755,1953,30047,1,1,prefix,29980,17775,2026-03-14T02:22:37.134131+00:00,1,2026-03-14T02:22:37.134379+00:00,2,docling,1,0,1
515,AI_AUDIT_COMPLETE,data/surgical_autonomy/parsed_text/515_v2.md,1,,70b0f4af57e97e1f623e85c9f85292a9cbd59a6444eb03006ccdf98e9c7eb5a9,37971,37968,990,31010,1,1,references_line,30214,7754,2026-03-14T02:22:46.602145+00:00,1,2026-03-14T02:22:46.602315+00:00,2,docling,1,0,1
516,AI_AUDIT_COMPLETE,data/surgical_autonomy/parsed_text/516_v2.md,1,,26f9dc02d5adac5cd578c01f3de1afda5ea24114254f373aaf1ed670cec55660,40880,40806,1550,30450,1,1,prefix,30337,10469,2026-03-14T02:22:57.675162+00:00,1,2026-03-14T02:22:57.675491+00:00,2,docling,1,0,1
517,AI_AUDIT_COMPLETE,data/surgical_autonomy/parsed_text/517_v2.md,1,,89214af45c1889a5ac9c660d2d8f5c5a68548df815224baca097fc3775de1335,31758,31731,1069,30931,1,0,references_line,25541,6190,2026-03-14T02:23:06.429176+00:00,1,2026-03-14T02:23:06.430831+00:00,2,docling,1,0,1
518,FT_SCREENED_OUT,data/surgical_autonomy/parsed_text/518_v2.md,1,,a88cb9145cb567f5368a06e2dde33b5c5e591bcbebb398e250cd7d52afaffb99,24000,23953,1536,30464,0,0,none,23953,0,2026-03-14T02:23:12.434185+00:00,1,2026-03-14T02:23:12.435394+00:00,2,docling,0,1,0
519,AI_AUDIT_COMPLETE,data/surgical_autonomy/parsed_text/519_v2.md,1,,3a3504f1682667f2b5e28ad0df4a27802f99df64b1e4ba56ede013cd34f47803,30834,30809,899,31101,0,0,none,30809,0,2026-03-14T02:23:20.379835+00:00,1,2026-03-14T02:23:20.379896+00:00,2,docling,1,0,1
520,FT_SCREENED_OUT,data/surgical_autonomy/parsed_text/520_v2.md,1,,13613826985886063a2e54cd25472b8876dfb04cdf4d518499981e97473b25fc,32524,32389,1190,30810,1,1,references_line,23551,8838,2026-03-14T02:23:39.057226+00:00,1,2026-03-14T02:23:39.058782+00:00,2,docling,0,1,0
521,FT_SCREENED_OUT,data/surgical_autonomy/parsed_text/521_v2.md,1,,82e0f58272aa3acf67b9150abf606c280288c071d44eef1194c155cc2d21279f,53459,53253,1478,30522,1,1,prefix,30434,22819,2026-03-14T02:23:57.463953+00:00,1,2026-03-14T02:23:57.464014+00:00,2,docling,0,1,0
522,AI_AUDIT_COMPLETE,data/surgical_autonomy/parsed_text/522_v2.md,1,,65b253ac58f761c631122285aeafaa48c51ee82625fa85038ad301d5444186d6,65233,65182,1617,30383,1,1,prefix,30380,34802,2026-03-14T02:24:19.205290+00:00,1,2026-03-14T02:24:19.206708+00:00,2,docling,1,0,1
525,FT_SCREENED_OUT,data/surgical_autonomy/parsed_text/525_v2.md,1,,92500ed0e56261e2052fd02b69be96de7374aae5a11b34a71025e1c8ea865ec7,83831,83676,2192,29808,1,1,prefix,28845,54831,2026-03-14T02:24:40.180325+00:00,1,2026-03-14T02:24:40.181820+00:00,2,docling,0,1,0
526,AI_AUDIT_COMPLETE,data/surgical_autonomy/parsed_text/526_v2.md,1,,e757d97a1472fbc2ac8b9968e9004a16bb5681d3f129e9c21902619d975e8e88,75909,74496,2136,29864,1,1,prefix,29710,44786,2026-03-14T02:25:11.673377+00:00,1,2026-03-14T02:25:11.674534+00:00,2,docling,1,0,1
527,FT_SCREENED_OUT,data/surgical_autonomy/parsed_text/527_v2.md,1,,4195068c797ea31ea91b8ae619beacd6f759b30a5642bedeb2a8f73f12b30ee9,41127,41091,1062,30938,1,1,prefix,30859,10232,2026-03-14T02:25:32.045868+00:00,1,2026-03-14T02:25:32.045932+00:00,2,docling,0,1,0
528,AI_AUDIT_COMPLETE,data/surgical_autonomy/parsed_text/528_v2.md,1,,2583e8268cdc02a50992cc923575db64cd271cef1c792f166f0381955ac5be67,30271,30228,1413,30587,0,0,none,30228,0,2026-03-14T02:25:42.702429+00:00,1,2026-03-14T02:25:42.703384+00:00,2,docling,1,0,1
529,FT_SCREENED_OUT,data/surgical_autonomy/parsed_text/529_v2.md,1,,d9ad8e8b453fb942dbf0caf0413d409ee885dd666478f7fef4a6a21b65e78250,31677,31638,1625,30375,1,0,prefix,30288,1350,2026-03-14T02:25:58.178084+00:00,1,2026-03-14T02:25:58.178143+00:00,2,docling,0,1,0
531,FT_SCREENED_OUT,data/surgical_autonomy/parsed_text/531_v2.md,1,,2fbe06ffd602a7e2f674e5d324e326021b27a8d6ff0f56f08786cb99abceb394,23826,23826,1690,30310,0,0,none,23826,0,2026-03-14T02:26:05.551013+00:00,1,2026-03-14T02:26:05.551097+00:00,2,docling,0,1,0
532,AI_AUDIT_COMPLETE,data/surgical_autonomy/parsed_text/532_v2.md,1,,33a1542415b7cde98c936dc742077c4568e13be8dfd17268071db9bcca1d99a7,57286,57232,1473,30527,1,1,prefix,30387,26845,2026-03-14T02:26:28.204507+00:00,1,2026-03-14T02:26:28.205461+00:00,2,docling,1,0,1
534,AI_AUDIT_COMPLETE,data/surgical_autonomy/parsed_text/534_v2.md,1,,73cfbabe5fcfc56f704364392228120c5037f7fcee2002919e4288af28edb215,43903,43869,1233,30767,1,1,prefix,30664,13205,2026-03-14T02:26:46.359712+00:00,1,2026-03-14T02:26:46.359776+00:00,2,docling,1,0,1
535,FT_SCREENED_OUT,data/surgical_autonomy/parsed_text/535_v2.md,1,,b20dc1028c98db3658260279ee840d1055e38b5c3434fa0f3fc99bd80ca8257d,35564,35550,1836,30164,1,1,prefix,30156,5394,2026-03-14T02:27:04.046569+00:00,1,2026-03-14T02:27:04.047807+00:00,2,docling,0,1,0
536,AI_AUDIT_COMPLETE,data/surgical_autonomy/parsed_text/536_v2.md,1,,11530ddfb95956fb70298edeff19e47b0812d777551c650ebf0c5448e9852e42,56367,56296,1362,30638,1,1,prefix,30604,25692,2026-03-14T02:27:38.303630+00:00,1,2026-03-14T02:27:38.304541+00:00,2,docling,1,0,1
537,AI_AUDIT_COMPLETE,data/surgical_autonomy/parsed_text/537_v2.md,1,,9543cf54358a01282fe3d05fbf99e4fde58a0de4ca25ef542d08bd00e53fef9d,36218,36202,678,31322,1,1,references_line,30108,6094,2026-03-14T02:27:56.993663+00:00,1,2026-03-14T02:27:56.994803+00:00,2,docling,1,0,1
538,AI_AUDIT_COMPLETE,data/surgical_autonomy/parsed_text/538_v2.md,1,,f5e17c17ff812cb6cbdcbe64d8ea566e3958c9aafa819315db4fff667d5c2855,45450,45311,1894,30106,1,1,prefix,29906,15405,2026-03-14T02:28:20.096705+00:00,1,2026-03-14T02:28:20.097693+00:00,2,docling,1,0,1
540,FT_SCREENED_OUT,data/surgical_autonomy/parsed_text/540_v2.md,1,,525ceaf8ebb1cc6abf31666701f61b6aaeaf3b619ed2fa854f3942fca86beb89,26692,26678,1190,30810,0,0,none,26678,0,2026-03-14T02:28:29.494722+00:00,1,2026-03-14T02:28:29.495451+00:00,2,docling,0,1,0
541,AI_AUDIT_COMPLETE,data/surgical_autonomy/parsed_text/541_v2.md,1,,fd0c196fe262bccc740a029327b65564d98d631e7ed94760db4ead9204417dd0,36678,36624,1568,30432,1,1,references_line,28729,7895,2026-03-14T02:28:49.195758+00:00,1,2026-03-14T02:28:49.196455+00:00,2,docling,1,0,1
542,AI_AUDIT_COMPLETE,data/surgical_autonomy/parsed_text/542_v2.md,1,,87695dd8c9fcce3ad76d1edefb1bc61ea6dec1c50adcf1cefe77b566cd877ee6,40139,40128,1199,30801,1,1,prefix,30705,9423,2026-03-14T02:29:01.162780+00:00,1,2026-03-14T02:29:01.163312+00:00,2,docling,1,0,1
543,AI_AUDIT_COMPLETE,data/surgical_autonomy/parsed_text/543_v2.md,1,,bace20391971885901e18069337d1f981f44585c2dae73e2cbe56d23ebbfc68f,66073,66027,1530,30470,1,1,prefix,30372,35655,2026-03-14T02:29:16.280808+00:00,1,2026-03-14T02:29:16.281999+00:00,2,docling,1,0,1
544,FT_SCREENED_OUT,data/surgical_autonomy/parsed_text/544_v2.md,1,,f4577563ea41987ef86e4c59ad0f49b96e6d4d07af7b1ee379adda903b47a59b,32092,32018,1227,30773,1,1,references_line,23909,8109,2026-03-14T02:29:27.612978+00:00,1,2026-03-14T02:29:27.613037+00:00,2,docling,0,1,0
545,FT_SCREENED_OUT,data/surgical_autonomy/parsed_text/545_v2.md,1,,a43a7d2305c48fb252efdefe7deeabd56117774ed4fa290034e8d2e843131235,32173,32130,1027,30973,1,1,references_line,28302,3828,2026-03-14T02:29:33.825840+00:00,1,2026-03-14T02:29:33.827008+00:00,2,docling,0,1,0
546,AI_AUDIT_COMPLETE,data/surgical_autonomy/parsed_text/546_v2.md,1,,ec506ac2d5960b77abe4d7ab8ef013054da31bf9a4ae1e8375a8baa4676c9061,64350,64331,2946,29054,1,1,prefix,28991,35340,2026-03-14T02:30:02.704894+00:00,1,2026-03-14T02:30:02.705528+00:00,2,docling,1,0,1
547,FT_SCREENED_OUT,data/surgical_autonomy/parsed_text/547_v2.md,1,,deb2b1ebeff85d4e6bec2f6dfee0680c96849f32bf4f06420be631e7285772c8,36486,36479,1167,30833,1,1,references_line,28359,8120,2026-03-14T02:30:17.061921+00:00,1,2026-03-14T02:30:17.063013+00:00,2,docling,0,1,0
548,AI_AUDIT_COMPLETE,data/surgical_autonomy/parsed_text/548_v2.md,1,,40e601eb33dc291011f89e3df7321097de47e342d57b57f0db72d201f191b545,36841,36841,1315,30685,1,1,references_line,27741,9100,2026-03-14T02:30:33.378097+00:00,1,2026-03-14T02:30:33.378155+00:00,2,docling,1,0,1
549,AI_AUDIT_COMPLETE,data/surgical_autonomy/parsed_text/549_v2.md,1,,8f0cde03cc434afd16303a5a075aba49ff6e2e6ebcd195cc0dd4f4dda5c3d374,35272,35197,1624,30376,1,1,references_line,28014,7183,2026-03-14T02:30:43.667905+00:00,1,2026-03-14T02:30:43.667956+00:00,2,docling,1,0,1
550,AI_AUDIT_COMPLETE,data/surgical_autonomy/parsed_text/550_v2.md,1,,ec3ee40fe72c9216f7a73720edd578a048c2370c5e77fef27f7d6f34d8483f7a,45064,45059,1079,30921,1,1,prefix,30693,14366,2026-03-14T02:31:00.925004+00:00,1,2026-03-14T02:31:00.926111+00:00,2,docling,1,0,1
551,FT_SCREENED_OUT,data/surgical_autonomy/parsed_text/551_v2.md,1,,30734725bc258c1c992ed4e91dbe989babbff74098435fab33951dabc73bbd3b,48386,48312,1487,30513,1,1,prefix,30013,18299,2026-03-14T02:31:16.389033+00:00,1,2026-03-14T02:31:16.389479+00:00,2,docling,0,1,0
552,FT_SCREENED_OUT,data/surgical_autonomy/parsed_text/552_v2.md,1,,b41e0e78bf3ddad60e0204ce0ea99842b026a7a21b894a5992ff75f20065fe1e,37632,37542,734,31266,1,1,prefix,31131,6411,2026-03-14T02:31:45.039818+00:00,1,2026-03-14T02:31:45.039880+00:00,2,docling,0,1,0
553,AI_AUDIT_COMPLETE,data/surgical_autonomy/parsed_text/553_v2.md,1,,f2640acd15307d5543c5d638a7ad5ad7252609d34e90984c806791e209041e33,32530,32063,1876,30124,1,1,prefix,30074,1989,2026-03-14T02:31:58.049819+00:00,1,2026-03-14T02:31:58.049879+00:00,2,docling,1,0,1
554,AI_AUDIT_COMPLETE,data/surgical_autonomy/parsed_text/554_v2.md,1,,268490da67f612a49a8be73ccde2fb02455e719747b2752792ec237b900cd200,31745,31654,1273,30727,1,0,references_line,26164,5490,2026-03-14T02:32:03.770124+00:00,1,2026-03-14T02:32:03.770640+00:00,2,docling,1,0,1
555,FT_SCREENED_OUT,data/surgical_autonomy/parsed_text/555_v2.md,1,,2537c05026a731803f5cdc136f91fb3daf23f115d6e2c301521b394c1bcc70f6,55504,55447,1672,30328,1,1,prefix,30170,25277,2026-03-14T02:32:30.730176+00:00,1,2026-03-14T02:32:30.731828+00:00,2,docling,0,1,0
556,AI_AUDIT_COMPLETE,data/surgical_autonomy/parsed_text/556_v2.md,1,,58f6ecde131ef148a909ad495b8763d340c246cf3069ae7787b1ef187f14708b,21042,20949,1304,30696,0,0,none,20949,0,2026-03-14T02:32:40.172698+00:00,1,2026-03-14T02:32:40.172747+00:00,2,docling,1,0,1
557,AI_AUDIT_COMPLETE,data/surgical_autonomy/parsed_text/557_v2.md,1,,1651c3c4089e2a9e4d253976fda08e8d84322424fbf96c50ca7efa6ebc015618,49926,49650,1403,30597,1,1,prefix,30391,19259,2026-03-14T02:32:56.697955+00:00,1,2026-03-14T02:32:56.698022+00:00,2,docling,1,0,1
558,FT_SCREENED_OUT,data/surgical_autonomy/parsed_text/558_v2.md,1,,5b3303c7c9a18a6aa2b1e000dacfbd2c5c272e5df797755280c98f630c0f7ff5,65770,65678,1926,30074,1,1,prefix,29841,35837,2026-03-14T02:33:32.662297+00:00,1,2026-03-14T02:33:32.663707+00:00,2,docling,0,1,0
559,FT_SCREENED_OUT,data/surgical_autonomy/parsed_text/559_v2.md,1,,c69f988b94752b397bb3a37a37b79567e8263f47ba50cd85f9ff1ec3bd922dd6,42828,42805,1545,30455,1,1,prefix,30409,12396,2026-03-14T02:33:48.059892+00:00,1,2026-03-14T02:33:48.059991+00:00,2,docling,0,1,0
560,FT_SCREENED_OUT,data/surgical_autonomy/parsed_text/560_v2.md,1,,bf034287bba20b801a676752bc4dc9c2a52af78761a33ead0e9a4d88559e6b17,59128,58967,2401,29599,1,1,prefix,29482,29485,2026-03-14T02:34:11.275373+00:00,1,2026-03-14T02:34:11.276283+00:00,2,docling,0,1,0
561,FT_SCREENED_OUT,data/surgical_autonomy/parsed_text/561_v2.md,1,,6e18b67b157358c922cc4088e4f9a1ae7c9ba1969c490c33e1e51dd050e1101f,60018,59931,1196,30804,1,1,prefix,30742,29189,2026-03-14T02:34:33.033967+00:00,1,2026-03-14T02:34:33.034028+00:00,2,docling,0,1,0
562,AI_AUDIT_COMPLETE,data/surgical_autonomy/parsed_text/562_v2.md,1,,6560b30bc1ff34c79024d61466bc8af5b2e39e361e670fbccb97861e8b73cfaf,39844,39818,1980,30020,1,1,references_line,28935,10883,2026-03-14T02:34:43.879119+00:00,1,2026-03-14T02:34:43.879190+00:00,2,docling,1,0,1
563,FT_SCREENED_OUT,data/surgical_autonomy/parsed_text/563_v2.md,1,,c869711495f788b589a2c08d949dd380a4dc60256b5b79e984ca365c2338f759,43089,41701,1570,30430,1,1,prefix,30134,11567,2026-03-14T02:34:58.206466+00:00,1,2026-03-14T02:34:58.207409+00:00,2,docling,0,1,0
564,FT_SCREENED_OUT,data/surgical_autonomy/parsed_text/564_v2.md,1,,c02797ab84bb5027e592a1c7149c3f6c8952856d15c1edb5bd5398ccebad3525,35623,35609,1610,30390,1,1,references_line,29158,6451,2026-03-14T02:35:17.148503+00:00,1,2026-03-14T02:35:17.150139+00:00,2,docling,0,1,0
566,AI_AUDIT_COMPLETE,data/surgical_autonomy/parsed_text/566_v2.md,1,,827ed6690b8061ec7c96b09d67a772466836e60943f577360f796d321d1953d3,32106,32104,1564,30436,1,1,references_line,29258,2846,2026-03-14T02:35:24.719076+00:00,1,2026-03-14T02:35:24.719168+00:00,2,docling,1,0,1
568,AI_AUDIT_COMPLETE,data/surgical_autonomy/parsed_text/568_v2.md,1,,898060ff741ad57cd4f55c8751387eb53a065ab71e4ae1c802e6fe275a2dd0a3,48984,48653,1500,30500,1,1,prefix,30365,18288,2026-03-14T02:35:41.936553+00:00,1,2026-03-14T02:35:41.937751+00:00,2,docling,1,0,1
569,FT_SCREENED_OUT,data/surgical_autonomy/parsed_text/569_v2.md,1,,8f77973670d18001695c0298ee21e2b8bc008576b41e4d109e63d2441f31aaa8,24143,24132,1538,30462,0,0,none,24132,0,2026-03-14T02:35:54.003577+00:00,1,2026-03-14T02:35:54.004522+00:00,2,docling,0,1,0
570,AI_AUDIT_COMPLETE,data/surgical_autonomy/parsed_text/570_v2.md,1,,ea9de45bfefe02f881c7eac109a0ac899f8de01ed0f9fe446ba75f686bbeb065,39403,39288,1635,30365,1,1,prefix,30222,9066,2026-03-14T02:36:08.483606+00:00,1,2026-03-14T02:36:08.484394+00:00,2,docling,1,0,1
571,FT_SCREENED_OUT,data/surgical_autonomy/parsed_text/571_v2.md,1,,c20bf717da7919a3855b0f43d46b840a94c81f2de148714c8c6ba800711f8ad3,46371,46349,3304,28696,1,1,prefix,28592,17757,2026-03-14T02:36:25.486640+00:00,1,2026-03-14T02:36:25.487538+00:00,2,docling,0,1,0
572,AI_AUDIT_COMPLETE,data/surgical_autonomy/parsed_text/572_v2.md,1,,ef9fa9d0ebaadd9bf08f354aaa90507c3d5663449cc830687a0bb605555b37e8,36390,36226,1559,30441,1,1,prefix,30198,6028,2026-03-14T02:36:37.604665+00:00,1,2026-03-14T02:36:37.606157+00:00,2,docling,1,0,1
573,FT_SCREENED_OUT,data/surgical_autonomy/parsed_text/573_v2.md,1,,c971b1ac86ef4f50210ee43e70b552b66e3dcad004cffba5b6e15af90cacf094,41137,41056,2226,29774,1,1,prefix,29765,11291,2026-03-14T02:36:49.491688+00:00,1,2026-03-14T02:36:49.492671+00:00,2,docling,0,1,0
574,AI_AUDIT_COMPLETE,data/surgical_autonomy/parsed_text/574_v2.md,1,,5ad1a0a9fc320e9420683fad7e66b33adb39347fe63d6a8642f253350eeaefbe,39667,39576,1156,30844,1,1,prefix,30736,8840,2026-03-14T02:37:03.875717+00:00,1,2026-03-14T02:37:03.876910+00:00,2,docling,1,0,1
575,FT_SCREENED_OUT,data/surgical_autonomy/parsed_text/575_v2.md,1,,1193695e156588ebf2f045bf70ed96dfb3fd40bf57f6ba7caf711d01f6dfa9fa,21621,21586,910,31090,0,0,none,21586,0,2026-03-14T02:37:12.835736+00:00,1,2026-03-14T02:37:12.836734+00:00,2,docling,0,1,0
576,AI_AUDIT_COMPLETE,data/surgical_autonomy/parsed_text/576_v2.md,1,,90e61bcd2e6151e7f410ea6b4820dade40660b5cbc6f01da30e6b7c3737f134b,20504,20415,871,31129,0,0,none,20415,0,2026-03-14T02:37:18.661747+00:00,1,2026-03-14T02:37:18.662349+00:00,2,docling,1,0,1
577,AI_AUDIT_COMPLETE,data/surgical_autonomy/parsed_text/577_v2.md,1,,a91d877503b23b615e46db56ff4208d7cb5746463196c91ad76f5074978c267d,30959,30938,905,31095,0,0,none,30938,0,2026-03-14T02:37:30.686772+00:00,1,2026-03-14T02:37:30.687492+00:00,2,docling,1,0,1
578,FT_SCREENED_OUT,data/surgical_autonomy/parsed_text/578_v2.md,1,,6ef07b5316805752cdefa9dfe10768f6160cea4f216276eca8eb66df2e3ca6ac,34176,34029,1063,30937,1,1,references_line,27768,6261,2026-03-14T02:37:54.207145+00:00,1,2026-03-14T02:37:54.207198+00:00,2,docling,0,1,0
579,FT_SCREENED_OUT,data/surgical_autonomy/parsed_text/579_v2.md,1,,3787ed9b5098f349080ea566dc8422acddba624fbf3d2ce09daf6d867d145a8a,71533,71354,1482,30518,1,1,prefix,30514,40840,2026-03-14T02:38:37.425042+00:00,1,2026-03-14T02:38:37.425108+00:00,2,docling,0,1,0
580,AI_AUDIT_COMPLETE,data/surgical_autonomy/parsed_text/580_v2.md,1,,68be48e2d60f3f73f1841dcc5d66dff79c6d9fdf07b458f3afdd964fcb0bb26b,52623,52488,1056,30944,1,1,prefix,30913,21575,2026-03-14T02:38:53.535940+00:00,1,2026-03-14T02:38:53.536793+00:00,2,docling,1,0,1
581,AI_AUDIT_COMPLETE,data/surgical_autonomy/parsed_text/581_v2.md,1,,f63bf2e57978381c34379f71ce863f2dd3f85fa014f1554022c21b183953e942,75577,75443,3359,28641,1,1,prefix,28591,46852,2026-03-14T02:39:19.260993+00:00,1,2026-03-14T02:39:19.261635+00:00,2,docling,1,0,1
583,FT_SCREENED_OUT,data/surgical_autonomy/parsed_text/583_v2.md,1,,e6570940ed63d4a5f00523b8a438fd1c439cd29f6ea4c732e65915330421aaa1,28033,28024,1050,30950,0,0,none,28024,0,2026-03-14T02:39:28.161011+00:00,1,2026-03-14T02:39:28.162208+00:00,2,docling,0,1,0
584,FT_SCREENED_OUT,data/surgical_autonomy/parsed_text/584_v2.md,1,,04771981368ecfb742a00990a6f33caea91dcbaae1d60ef77f738897d7943a61,37734,37590,1471,30529,1,1,prefix,30360,7230,2026-03-14T02:39:40.219036+00:00,1,2026-03-14T02:39:40.219579+00:00,2,docling,0,1,0
585,FT_SCREENED_OUT,data/surgical_autonomy/parsed_text/585_v2.md,1,,3201b1ed3301ded75941dd1bac72548ef430e07b2b7cf67345289d9a6fc3842a,33268,33089,1382,30618,1,1,references_line,27915,5174,2026-03-14T02:39:55.669067+00:00,1,2026-03-14T02:39:55.669608+00:00,2,docling,0,1,0
586,AI_AUDIT_COMPLETE,data/surgical_autonomy/parsed_text/586_v3.md,1,,29eb250acb1db6c2e5bea63d1fd48fa5873581d3aa5285e2a1934e66dede2866,40548,40486,1387,30613,1,1,prefix,30600,9886,2026-09-08T03:47:06.435984+00:00,1,2026-09-08T03:47:06.436023+00:00,3,docling_ocr,1,0,1
586,AI_AUDIT_COMPLETE,data/surgical_autonomy/parsed_text/586_v2.md,1,,dd8935f5f746e1febe213223040c77b75e1684e3e40f4f8097efd9bd096856fa,69223,69214,1387,30613,1,1,prefix,30275,38939,2026-03-14T02:40:09.922097+00:00,1,2026-03-14T02:40:09.922950+00:00,2,docling,1,0,1
587,FT_SCREENED_OUT,data/surgical_autonomy/parsed_text/587_v2.md,1,,e33fb20427a80090b91ce638f9a1d37f2a11dde2fdae744520afa08319905b6a,28883,28882,1462,30538,0,0,none,28882,0,2026-03-14T02:40:25.703857+00:00,1,2026-03-14T02:40:25.703919+00:00,2,docling,0,1,0
589,AI_AUDIT_COMPLETE,data/surgical_autonomy/parsed_text/589_v2.md,1,,2719c5f87b8556e847a1c9fec35cbdf1e83bd362104be143f783733555be582e,33637,33636,1265,30735,1,1,references_line,27594,6042,2026-03-14T02:40:34.584147+00:00,1,2026-03-14T02:40:34.584646+00:00,2,docling,1,0,1
590,AI_AUDIT_COMPLETE,data/surgical_autonomy/parsed_text/590_v2.md,1,,22abc08bd6f0b3ea76edabd6109de57b01c54cf0899dd7df296b19ed9b64048f,22251,22249,1086,30914,0,0,none,22249,0,2026-03-14T02:40:53.947925+00:00,1,2026-03-14T02:40:53.947971+00:00,2,docling,1,0,1
591,FT_SCREENED_OUT,data/surgical_autonomy/parsed_text/591_v2.md,1,,a9433f53f5a3cd46234f14d95a1d0704a85414ae4f13e2a2dfd3130e189cbb0c,35177,35083,989,31011,1,1,references_line,29106,5977,2026-03-14T02:41:01.682203+00:00,1,2026-03-14T02:41:01.683818+00:00,2,docling,0,1,0
592,FT_SCREENED_OUT,data/surgical_autonomy/parsed_text/592_v2.md,1,,1e394f2ad3b27bd25df038ebe3e3d4d1f93c7565308a56ebb4214c0446db678b,13148,13145,9557,22443,0,0,none,13145,0,2026-03-14T02:41:05.031913+00:00,1,2026-03-14T02:41:05.031969+00:00,2,docling,0,1,0
593,FT_SCREENED_OUT,data/surgical_autonomy/parsed_text/593_v2.md,1,,37a3e7dab5c02fc9725f5996405142fe01b37bc8099319beafc3550d16490141,34829,33747,1449,30551,1,1,references_line,29864,3883,2026-03-14T02:41:24.188250+00:00,1,2026-03-14T02:41:24.189357+00:00,2,docling,0,1,0
594,FT_SCREENED_OUT,data/surgical_autonomy/parsed_text/594_v2.md,1,,cfe152168e5399e6f37faaac9dcc3e0a28892a3ed6956e7d0031b911f7e7e54c,38788,38747,1142,30858,1,1,prefix,30785,7962,2026-03-14T02:41:43.581290+00:00,1,2026-03-14T02:41:43.582646+00:00,2,docling,0,1,0
597,FT_SCREENED_OUT,data/surgical_autonomy/parsed_text/597_v2.md,1,,39abfdbd43ff84e7fbc12a9d1fa198bba1651f784529cb85bad4999274071a30,60295,60248,2773,29227,1,1,prefix,29167,31081,2026-03-14T02:42:24.903375+00:00,1,2026-03-14T02:42:24.904620+00:00,2,docling,0,1,0
599,FT_SCREENED_OUT,data/surgical_autonomy/parsed_text/599_v2.md,1,,d56288494cac52c022366a941565bdb075b02b99b8119324c65cf9a8f5d89ac0,44345,44106,1623,30377,1,1,prefix,30307,13799,2026-03-14T02:42:49.771737+00:00,1,2026-03-14T02:42:49.771798+00:00,2,docling,0,1,0
601,FT_SCREENED_OUT,data/surgical_autonomy/parsed_text/601_v2.md,1,,113a08867fdeac720e107837bd0ef4a02267e017232ab4f75fd92e5a9ee62c88,60644,60455,1657,30343,1,1,prefix,30267,30188,2026-03-14T02:43:07.480164+00:00,1,2026-03-14T02:43:07.480233+00:00,2,docling,0,1,0
602,AI_AUDIT_COMPLETE,data/surgical_autonomy/parsed_text/602_v2.md,1,,c37a78e5bdca33ba17e95c6699f75e12463c185591726c7b11f7ea29e9070b6e,34475,34449,1466,30534,1,1,references_line,28693,5756,2026-03-14T02:43:15.326480+00:00,1,2026-03-14T02:43:15.327625+00:00,2,docling,1,0,1
604,AI_AUDIT_COMPLETE,data/surgical_autonomy/parsed_text/604_v2.md,1,,50b6346a59007286b58b69f04655c19f0af73d8f3055056297c0b90050a35e5d,38947,38794,1222,30778,1,1,references_line,29713,9081,2026-03-14T02:43:27.807506+00:00,1,2026-03-14T02:43:27.808620+00:00,2,docling,1,0,1
605,FT_SCREENED_OUT,data/surgical_autonomy/parsed_text/605_v2.md,1,,328681bae3276800bc00d1a4751b2979d3f1111ab58dde322ec3605486ffe2a8,73657,73546,749,31251,1,1,prefix,31106,42440,2026-03-14T02:43:56.225055+00:00,1,2026-03-14T02:43:56.225113+00:00,2,docling,0,1,0
607,AI_AUDIT_COMPLETE,data/surgical_autonomy/parsed_text/607_v2.md,1,,86261a1fa24d72ce163fbb1465524a7c52dd0934b4a34202de258a39b8cd4863,131347,130677,1392,30608,1,1,prefix,30504,100173,2026-03-14T02:44:58.498695+00:00,1,2026-03-14T02:44:58.500040+00:00,2,docling,1,0,1
608,AI_AUDIT_COMPLETE,data/surgical_autonomy/parsed_text/608_v2.md,1,,ea7c5adcf400447a83aaf77dc29862874e9869c65d0d99435b21611d864f56e3,32699,32604,1075,30925,1,1,references_line,27303,5301,2026-03-14T02:45:11.756982+00:00,1,2026-03-14T02:45:11.757064+00:00,2,docling,1,0,1
609,FT_SCREENED_OUT,data/surgical_autonomy/parsed_text/609_v2.md,1,,85b5ac8cda218b74dfb6588581751b3b9642b83d9b2697e8135fad19be27ad86,27895,27795,1579,30421,0,0,none,27795,0,2026-03-14T02:45:22.250745+00:00,1,2026-03-14T02:45:22.251357+00:00,2,docling,0,1,0
610,AI_AUDIT_COMPLETE,data/surgical_autonomy/parsed_text/610_v2.md,1,,078f2dd4c7fe17e8369dbb8756cf571a7ffe299733006e7fbd572cf17e792d74,49499,49268,1702,30298,1,1,prefix,30240,19028,2026-03-14T02:45:40.078782+00:00,1,2026-03-14T02:45:40.079369+00:00,2,docling,1,0,1
611,FT_SCREENED_OUT,data/surgical_autonomy/parsed_text/611_v2.md,1,,96850181abea79da3c25bf5b1b716b66383a6745d3e2e82b39a59004f85f87f3,34834,34827,1246,30754,1,1,references_line,26324,8503,2026-03-14T02:45:54.618813+00:00,1,2026-03-14T02:45:54.619805+00:00,2,docling,0,1,0
612,FT_SCREENED_OUT,data/surgical_autonomy/parsed_text/612_v2.md,1,,c430434bb982bbf13d1a673d7e829e2ecda481d0ee9db3912085c28c6d4b4284,42812,42672,1653,30347,1,1,prefix,30163,12509,2026-03-14T02:46:13.048851+00:00,1,2026-03-14T02:46:13.050223+00:00,2,docling,0,1,0
614,AI_AUDIT_COMPLETE,data/surgical_autonomy/parsed_text/614_v2.md,1,,4d2a282eafd8a264da7943d35910c7cbd82a6f6519049272d05e4343c965a865,82164,81561,2715,29285,1,1,prefix,29269,52292,2026-03-14T02:47:06.300122+00:00,1,2026-03-14T02:47:06.300203+00:00,2,docling,1,0,1
616,FT_SCREENED_OUT,data/surgical_autonomy/parsed_text/616_v2.md,1,,e5070e055e9e0a6f1f21bf6716bd277f6246ef978cc3583ab17b8fe322f9320b,60384,59881,660,31340,1,1,prefix,31273,28608,2026-03-14T02:48:04.190192+00:00,1,2026-03-14T02:48:04.191491+00:00,2,docling,0,1,0
617,AI_AUDIT_COMPLETE,data/surgical_autonomy/parsed_text/617_v2.md,1,,aadb957ae3774bab8bff45119dba7765c4418b2768619fa992de55377c151f69,75496,75481,2032,29968,1,1,prefix,29907,45574,2026-03-14T02:48:23.779273+00:00,1,2026-03-14T02:48:23.780513+00:00,2,docling,1,0,1
618,AI_AUDIT_COMPLETE,data/surgical_autonomy/parsed_text/618_v2.md,1,,6c7e1975330ef98124ee1cd3aa9eb02370d84b36b8d8d0668fd3b5fa855187ef,59113,58878,1984,30016,1,1,prefix,29960,28918,2026-03-14T02:48:47.556370+00:00,1,2026-03-14T02:48:47.557408+00:00,2,docling,1,0,1
620,FT_SCREENED_OUT,data/surgical_autonomy/parsed_text/620_v2.md,1,,e267b193ff82a89328f08850b587c97d35feead35622260eac03aeba447971cf,20589,20265,1166,30834,0,0,none,20265,0,2026-03-14T02:48:54.916846+00:00,1,2026-03-14T02:48:54.916905+00:00,2,docling,0,1,0
622,AI_AUDIT_COMPLETE,data/surgical_autonomy/parsed_text/622_v2.md,1,,b61fcd88422b09aaffd2c868dfc72ade58419f9d95fa467ba4f82506fc4d4816,85701,85609,2039,29961,1,1,prefix,29674,55935,2026-03-14T02:49:23.441513+00:00,1,2026-03-14T02:49:23.442306+00:00,2,docling,1,0,1
623,AI_AUDIT_COMPLETE,data/surgical_autonomy/parsed_text/623_v2.md,1,,3c9011caec8e4dfa09e2670b309bef9e8d3edd95c0327ccd4089c83f7de6d61e,24786,24784,1526,30474,0,0,none,24784,0,2026-03-14T02:49:30.363541+00:00,1,2026-03-14T02:49:30.364851+00:00,2,docling,1,0,1
626,AI_AUDIT_COMPLETE,data/surgical_autonomy/parsed_text/626_v2.md,1,,ad8a8885d58dc2056d873afb478dd4320b8b25a04c9f8cf91d22b38feacb3fd1,64896,64771,2350,29650,1,1,prefix,29635,35136,2026-03-14T02:50:10.546695+00:00,1,2026-03-14T02:50:10.547924+00:00,2,docling,1,0,1
627,FT_SCREENED_OUT,data/surgical_autonomy/parsed_text/627_v2.md,1,,deaa023794251808a93f5e9a3fe91ca4cf102cfe4591065ca74b4dd1a345d13f,70706,70453,1656,30344,1,1,prefix,30343,40110,2026-03-14T02:50:52.218946+00:00,1,2026-03-14T02:50:52.219013+00:00,2,docling,0,1,0
628,AI_AUDIT_COMPLETE,data/surgical_autonomy/parsed_text/628_v2.md,1,,b6f42b68a2be1ede944fb157f2024df1ee5820eead7e9a6888f446f3105a7589,30219,30113,1224,30776,0,0,none,30113,0,2026-03-14T02:51:03.274892+00:00,1,2026-03-14T02:51:03.275810+00:00,2,docling,1,0,1
629,FT_SCREENED_OUT,data/surgical_autonomy/parsed_text/629_v2.md,1,,122de0f69a2cc9e776dc0f7bc3822125b5e27977920d390309d3f3be0d3e0b28,9581,9580,5073,26927,0,0,none,9580,0,2026-03-14T02:51:05.451900+00:00,1,2026-03-14T02:51:05.452294+00:00,2,docling,0,1,0
630,FT_SCREENED_OUT,data/surgical_autonomy/parsed_text/630_v2.md,1,,dc0af895605faf3e2025bba87d3cfd4daeb384e7e96b086b109a2b934077294d,22694,22693,1192,30808,0,0,none,22693,0,2026-03-14T02:51:11.343921+00:00,1,2026-03-14T02:51:11.344436+00:00,2,docling,0,1,0
631,FT_SCREENED_OUT,data/surgical_autonomy/parsed_text/631_v2.md,1,,a907e100d8e54331fec422026133bb8178e2fbb971fa1d1b55fc4c1f79464845,46577,46255,1712,30288,1,1,prefix,30051,16204,2026-03-14T02:51:19.733952+00:00,1,2026-03-14T02:51:19.734585+00:00,2,docling,0,1,0
635,AI_AUDIT_COMPLETE,data/surgical_autonomy/parsed_text/635_v2.md,1,,e4b4d07622a9631805c3bb400cb0779373babc8793b9d20b2e181768f57d562e,38053,37914,1563,30437,1,1,prefix,30314,7600,2026-03-14T02:51:29.566754+00:00,1,2026-03-14T02:51:29.566806+00:00,2,docling,1,0,1
637,AI_AUDIT_COMPLETE,data/surgical_autonomy/parsed_text/637_v2.md,1,,edbd8f19dcec9ff65a0dcb826d0d034cd2c6cf5403e87faa2a05e3bd3c0dd623,33057,32994,1480,30520,1,1,references_line,28098,4896,2026-03-14T02:51:39.302022+00:00,1,2026-03-14T02:51:39.302302+00:00,2,docling,1,0,1
638,FT_SCREENED_OUT,data/surgical_autonomy/parsed_text/638_v2.md,1,,2ac8f389462a45d436d85a9e08b64ad833eca9348bc5ea756bfe3d36f736bb06,27214,27163,663,31337,0,0,none,27163,0,2026-03-14T02:51:48.802968+00:00,1,2026-03-14T02:51:48.803023+00:00,2,docling,0,1,0
639,AI_AUDIT_COMPLETE,data/surgical_autonomy/parsed_text/639_v2.md,1,,7726a2f0f9dfd08831310cf2780b19bbd587f5917d8cc29c32cf89d58bf73582,47917,47810,1512,30488,1,1,prefix,30460,17350,2026-03-14T02:52:01.758101+00:00,1,2026-03-14T02:52:01.758467+00:00,2,docling,1,0,1
640,AI_AUDIT_COMPLETE,data/surgical_autonomy/parsed_text/640_v2.md,1,,2b43b7916b4c4be16c1626cbfa5add81b266050915e5d8041614765a043a7c1a,37157,37152,1221,30779,1,1,prefix,30764,6388,2026-03-14T02:52:09.360856+00:00,1,2026-03-14T02:52:09.360932+00:00,2,docling,1,0,1
642,FT_SCREENED_OUT,data/surgical_autonomy/parsed_text/642_v2.md,1,,f66004f7070dc59f043687c7662d9dbe43906049d60b98d8cde4543e8e56400f,19729,19686,1514,30486,0,0,none,19686,0,2026-03-14T02:52:17.316156+00:00,1,2026-03-14T02:52:17.316352+00:00,2,docling,0,1,0
643,AI_AUDIT_COMPLETE,data/surgical_autonomy/parsed_text/643_v2.md,1,,081fadc0e1482c286bda517719bf3ee5b63fc89626a336840033d0ea1d670ce8,42731,42639,1361,30639,1,1,prefix,30486,12153,2026-03-14T02:52:24.381181+00:00,1,2026-03-14T02:52:24.382411+00:00,2,docling,1,0,1
644,AI_AUDIT_COMPLETE,data/surgical_autonomy/parsed_text/644_v2.md,1,,851789dc732f99587bdb06b88556f35af05bc51068ca6b0e046c4e7162cdc33f,34980,34916,1518,30482,1,1,references_line,29425,5491,2026-03-14T02:52:36.271222+00:00,1,2026-03-14T02:52:36.272397+00:00,2,docling,1,0,1
645,AI_AUDIT_COMPLETE,data/surgical_autonomy/parsed_text/645_v2.md,1,,773a305241126a6290bf173534bd1584d23fd159e5dab629146f7b2356f57265,44705,44641,1511,30489,1,1,prefix,30286,14355,2026-03-14T02:52:53.694281+00:00,1,2026-03-14T02:52:53.695620+00:00,2,docling,1,0,1
646,FT_SCREENED_OUT,data/surgical_autonomy/parsed_text/646_v2.md,1,,7fae5246a9813ee2c4da24fe49f3d60044a774392811ff51b7144ebe6908cc01,27892,27880,1196,30804,0,0,none,27880,0,2026-03-14T02:53:02.463311+00:00,1,2026-03-14T02:53:02.464444+00:00,2,docling,0,1,0
648,FT_SCREENED_OUT,data/surgical_autonomy/parsed_text/648_v2.md,1,,92dba929c9f1d72b40294cb6d1492eecce829e9f35fdc4f3abf94781e79d33e4,52597,52590,1479,30521,1,1,prefix,30373,22217,2026-03-14T02:53:21.849376+00:00,1,2026-03-14T02:53:21.850705+00:00,2,docling,0,1,0
651,FT_SCREENED_OUT,data/surgical_autonomy/parsed_text/651_v2.md,1,,8ec45d76c6ca9a64a45b17d291f9e8a7279d82ad61d4f2441c1e98587ac9b72f,65454,65386,1166,30834,1,1,prefix,30772,34614,2026-03-14T02:53:39.701436+00:00,1,2026-03-14T02:53:39.702689+00:00,2,docling,0,1,0
653,AI_AUDIT_COMPLETE,data/surgical_autonomy/parsed_text/653_v2.md,1,,019dcaff983119ba7f6f9b5e36ee904bea6a593d3a62934ebae2b104764ac1fa,36282,36250,1647,30353,1,1,references_line,29185,7065,2026-03-14T02:53:49.423468+00:00,1,2026-03-14T02:53:49.424555+00:00,2,docling,1,0,1
654,AI_AUDIT_COMPLETE,data/surgical_autonomy/parsed_text/654_v2.md,1,,c94174233bc3acc8772b99dbde646af4fec1b6e85adfee243f6846b50f8f02fb,33593,33573,1440,30560,1,1,prefix,30521,3052,2026-03-14T02:53:56.877493+00:00,1,2026-03-14T02:53:56.878520+00:00,2,docling,1,0,1
656,FT_SCREENED_OUT,data/surgical_autonomy/parsed_text/656_v2.md,1,,842f1ce143684c190588547ccbb01e8afbb645ad20b485f86481eed14fb3f008,40975,40973,1567,30433,1,1,prefix,30353,10620,2026-03-14T02:54:09.327534+00:00,1,2026-03-14T02:54:09.328488+00:00,2,docling,0,1,0
658,FT_SCREENED_OUT,data/surgical_autonomy/parsed_text/658_v2.md,1,,d00405a15f9ff9814368622d94599f0a8d4d271d5e84eff936b72aebcfffbe72,37562,37513,1859,30141,1,1,prefix,30112,7401,2026-03-14T02:54:17.632561+00:00,1,2026-03-14T02:54:17.633657+00:00,2,docling,0,1,0
659,AI_AUDIT_COMPLETE,data/surgical_autonomy/parsed_text/659_v2.md,1,,3802c4a7070abf5521d361b68cb434d089b1df0cc60ba6c99ac79c09225d4c53,61513,61293,1633,30367,1,1,prefix,30172,31121,2026-03-14T02:54:47.723658+00:00,1,2026-03-14T02:54:47.724608+00:00,2,docling,1,0,1
660,AI_AUDIT_COMPLETE,data/surgical_autonomy/parsed_text/660_v2.md,1,,659ce3c663af4dd4d2ea8b5cdde9095276bf56b277e99106cf79a37ed2f0431d,67326,67316,1383,30617,1,1,prefix,30536,36780,2026-03-14T02:55:16.580147+00:00,1,2026-03-14T02:55:16.580218+00:00,2,docling,1,0,1
661,AI_AUDIT_COMPLETE,data/surgical_autonomy/parsed_text/661_v2.md,1,,127094901b828698c50c571fd9865d32e0d342fb4a44f17b7492d139f141c3d8,52725,52713,1796,30204,1,1,prefix,30062,22651,2026-03-14T02:55:34.655807+00:00,1,2026-03-14T02:55:34.656990+00:00,2,docling,1,0,1
663,AI_AUDIT_COMPLETE,data/surgical_autonomy/parsed_text/663_v2.md,1,,349bbc96201e88d8248101078b097331e99f2ff1210916bf7286b9819fcc2f7c,58740,58713,1728,30272,1,1,prefix,30117,28596,2026-03-14T02:56:15.110932+00:00,1,2026-03-14T02:56:15.111416+00:00,2,docling,1,0,1
664,FT_SCREENED_OUT,data/surgical_autonomy/parsed_text/664_v2.md,1,,300590e94fb065bf64eef034f016a2b4b4bcf066a1666a37ac40621fd63d04d0,73157,73091,1851,30149,1,1,prefix,27685,45406,2026-03-14T02:56:48.398018+00:00,1,2026-03-14T02:56:48.398090+00:00,2,docling,0,1,0
666,FT_SCREENED_OUT,data/surgical_autonomy/parsed_text/666_v2.md,1,,f544dd078e961042a85ba252e4bc985c037d9e76fe52a974dea339a713a6d6e3,59129,58959,300,31700,1,1,prefix,30948,28011,2026-03-14T02:57:18.695125+00:00,1,2026-03-14T02:57:18.695682+00:00,2,docling,0,1,0
667,FT_SCREENED_OUT,data/surgical_autonomy/parsed_text/667_v2.md,1,,5652e9f58015c0673f194176a27d6af15fb6b050e2de748319dab13489b4a4e3,17832,17831,3260,28740,0,0,none,17831,0,2026-03-14T02:57:22.197136+00:00,1,2026-03-14T02:57:22.198008+00:00,2,docling,0,1,0
668,AI_AUDIT_COMPLETE,data/surgical_autonomy/parsed_text/668_v2.md,1,,bbe5ae38cca2ed2719f133cd42914ea219c9c242905a4951f4c998f513493ba4,17758,17758,844,31156,0,0,none,17758,0,2026-03-14T02:57:30.868771+00:00,1,2026-03-14T02:57:30.868828+00:00,2,docling,1,0,1
670,AI_AUDIT_COMPLETE,data/surgical_autonomy/parsed_text/670_v2.md,1,,d9aa427416e923e1e255e3e7a201359983f162fde93a4a6ff626531ef8794299,36768,36728,1331,30669,1,1,prefix,30628,6100,2026-03-14T02:57:49.066216+00:00,1,2026-03-14T02:57:49.067510+00:00,2,docling,1,0,1
671,FT_SCREENED_OUT,data/surgical_autonomy/parsed_text/671_v2.md,1,,2450a466fa52b72d07396da2c48757e660b974ebefdbf28d6304a1869b79787e,51379,51301,512,31488,1,1,prefix,31460,19841,2026-03-14T02:58:01.585108+00:00,1,2026-03-14T02:58:01.585160+00:00,2,docling,0,1,0
672,FT_SCREENED_OUT,data/surgical_autonomy/parsed_text/672_v2.md,1,,e0f50e52840c218239fdbe6d6e259cb934c33abe5de072a9433d5e07e79e354e,58856,58642,1410,30590,1,1,prefix,30354,28288,2026-03-14T02:58:24.094319+00:00,1,2026-03-14T02:58:24.095757+00:00,2,docling,0,1,0
674,FT_SCREENED_OUT,data/surgical_autonomy/parsed_text/674_v2.md,1,,64d49db0c8333ff398f07f467101e5ba455d7c056d639fc3fededfb07fbcc021,25644,25639,1140,30860,0,0,none,25639,0,2026-03-14T02:58:44.936898+00:00,1,2026-03-14T02:58:44.936990+00:00,2,docling,0,1,0
675,FT_SCREENED_OUT,data/surgical_autonomy/parsed_text/675_v2.md,1,,15eef487632c3b309b172310a5d1cb6b24f358f477a75e38a414fb10c6494c9b,39782,39676,1598,30402,1,1,prefix,30400,9276,2026-03-14T02:58:59.706422+00:00,1,2026-03-14T02:58:59.707481+00:00,2,docling,0,1,0
676,AI_AUDIT_COMPLETE,data/surgical_autonomy/parsed_text/676_v2.md,1,,cd61a4a12d1634bb864b738d367700d19667ec0dd3cff12aee6b27ab787bdf89,28112,28095,2362,29638,0,0,none,28095,0,2026-03-14T02:59:14.464464+00:00,1,2026-03-14T02:59:14.465649+00:00,2,docling,1,0,1
679,AI_AUDIT_COMPLETE,data/surgical_autonomy/parsed_text/679_v2.md,1,,1c96977ad82d9a2680d2a32445ba7c5869b3da939c712ecd821dc57b2621d841,12317,12314,8154,23846,0,0,none,12314,0,2026-03-14T02:59:18.302475+00:00,1,2026-03-14T02:59:18.303569+00:00,2,docling,1,0,1
681,FT_SCREENED_OUT,data/surgical_autonomy/parsed_text/681_v2.md,1,,3d1892c68e314e11c9c1301cc1a41bd06648b76e73da642dfaa4cf29cda422b5,40277,40260,1471,30529,1,1,prefix,30462,9798,2026-03-14T02:59:31.329513+00:00,1,2026-03-14T02:59:31.330652+00:00,2,docling,0,1,0
683,AI_AUDIT_COMPLETE,data/surgical_autonomy/parsed_text/683_v2.md,1,,ac4c541dd36ac8d84c302300ec0c4013d0576cf2a45db810bc5d37761a6d0df7,43031,42786,1681,30319,1,1,prefix,30255,12531,2026-03-14T02:59:47.408558+00:00,1,2026-03-14T02:59:47.409269+00:00,2,docling,1,0,1
686,FT_SCREENED_OUT,data/surgical_autonomy/parsed_text/686_v2.md,1,,2381cee689d5475efe12b98c80085287cbf9eeb23bc37c962d5885765a565351,45875,45833,1520,30480,1,1,prefix,30438,15395,2026-03-14T02:59:57.906588+00:00,1,2026-03-14T02:59:57.907405+00:00,2,docling,0,1,0
687,AI_AUDIT_COMPLETE,data/surgical_autonomy/parsed_text/687_v2.md,1,,e017789f932a463317752a9c9bb41a0edb852584f1b070a10e565ffba2bafd37,34038,33991,1252,30748,1,1,references_line,30073,3918,2026-03-14T03:00:11.400626+00:00,1,2026-03-14T03:00:11.401588+00:00,2,docling,1,0,1
689,AI_AUDIT_COMPLETE,data/surgical_autonomy/parsed_text/689_v2.md,1,,9aecfa4a6fcd24e871801711649aa575d4e7ab9ac8bf9327f7772db382f1cbb6,60358,60189,1081,30919,1,1,prefix,30818,29371,2026-03-14T03:00:42.733714+00:00,1,2026-03-14T03:00:42.734754+00:00,2,docling,1,0,1
690,AI_AUDIT_COMPLETE,data/surgical_autonomy/parsed_text/690_v2.md,1,,bc0a19f9f349d794f565a0c70e54e5e5c45fa6f6fa9f8c06cd60673f5161d594,83981,83851,2287,29713,1,1,prefix,29700,54151,2026-03-14T03:01:17.867812+00:00,1,2026-03-14T03:01:17.868597+00:00,2,docling,1,0,1
691,AI_AUDIT_COMPLETE,data/surgical_autonomy/parsed_text/691_v2.md,1,,4caa45417411eb3f32a45207ac515973b3a78f95a642a53bd76ea61a173c3dea,40804,40761,1761,30239,1,1,prefix,30236,10525,2026-03-14T03:01:28.238740+00:00,1,2026-03-14T03:01:28.238794+00:00,2,docling,1,0,1
692,FT_SCREENED_OUT,data/surgical_autonomy/parsed_text/692_v2.md,1,,7ef1eb10d9137db0fe9fc9e17fa143b1917c4f43ed9e89ad61165d491309a0e5,29800,29796,1422,30578,0,0,none,29796,0,2026-03-14T03:01:36.302730+00:00,1,2026-03-14T03:01:36.302780+00:00,2,docling,0,1,0
693,AI_AUDIT_COMPLETE,data/surgical_autonomy/parsed_text/693_v2.md,1,,4c9f5fc9cfcfbe202ac671591300770e587ffa9b18c2bd5e68ad2137aff54ec5,29482,29482,1094,30906,0,0,none,29482,0,2026-03-14T03:01:55.589916+00:00,1,2026-03-14T03:01:55.590240+00:00,2,docling,1,0,1
694,AI_AUDIT_COMPLETE,data/surgical_autonomy/parsed_text/694_v2.md,1,,009a4e9f763e5d7aef2b013d0f7a33eabbf41ce40618499473d02742b5fd1497,39337,39335,1112,30888,1,1,prefix,30815,8520,2026-03-14T03:02:09.000952+00:00,1,2026-03-14T03:02:09.001653+00:00,2,docling,1,0,1
695,FT_SCREENED_OUT,data/surgical_autonomy/parsed_text/695_v2.md,1,,bcb619fad963bbac1e1365318d04dfbcd76dacd4ecbe209fac1915f083b6fe0b,101870,101325,2108,29892,1,1,prefix,29627,71698,2026-03-14T03:02:37.182029+00:00,1,2026-03-14T03:02:37.182839+00:00,2,docling,0,1,0
697,FT_SCREENED_OUT,data/surgical_autonomy/parsed_text/697_v2.md,1,,18928e13be804fed5fc318012573888d4250d8bebb8211400a91f74b3fa1787b,7211,7208,228,31772,0,0,none,7208,0,2026-03-14T03:02:39.893037+00:00,1,2026-03-14T03:02:39.893503+00:00,2,docling,0,1,0
699,AI_AUDIT_COMPLETE,data/surgical_autonomy/parsed_text/699_v3.md,1,,5313b9e201163cf5a79345a7a6a3325ab14c265c2f568501983c39be7ef54de7,27069,27045,1496,30504,0,0,none,27045,0,2026-09-08T03:47:54.886772+00:00,1,2026-09-08T03:47:54.886835+00:00,3,docling_ocr,1,0,1
699,AI_AUDIT_COMPLETE,data/surgical_autonomy/parsed_text/699_v2.md,1,,a83f443fb1e6b9ee2520007058837a75aa3c5ddf8aaff2ee25c4291f51fe9b8b,48568,48546,1496,30504,1,1,prefix,30453,18093,2026-03-14T03:02:47.386057+00:00,1,2026-03-14T03:02:47.386598+00:00,2,docling,1,0,1
700,AI_AUDIT_COMPLETE,data/surgical_autonomy/parsed_text/700_v2.md,1,,2efaaf756edd811cc6e2b6d58125e9b5d4a5de7e59e2d23edd2de0c2c007e351,36440,36423,1399,30601,1,1,references_line,28437,7986,2026-03-14T03:03:11.443122+00:00,1,2026-03-14T03:03:11.443986+00:00,2,docling,1,0,1
702,FT_SCREENED_OUT,data/surgical_autonomy/parsed_text/702_v2.md,1,,70277928a7f5204271cefe1470aa155e54736c7243faca5d68fa913929f6abef,44431,44374,1736,30264,1,1,prefix,30137,14237,2026-03-14T03:03:23.645773+00:00,1,2026-03-14T03:03:23.645821+00:00,2,docling,0,1,0
706,FT_SCREENED_OUT,data/surgical_autonomy/parsed_text/706_v2.md,1,,57bd8b90e93e0c2aa0909542b3b11c143305fa033aa9876c8fd9bcd2a23d3800,40629,40574,1552,30448,1,1,prefix,30424,10150,2026-03-14T03:03:38.890059+00:00,1,2026-03-14T03:03:38.890118+00:00,2,docling,0,1,0
708,AI_AUDIT_COMPLETE,data/surgical_autonomy/parsed_text/708_v2.md,1,,049324b5594b41e3c899aa85b9422ab9c454a5176c3969fde290f5c920a4393c,85756,85603,1910,30090,1,1,prefix,30017,55586,2026-03-14T03:04:12.501285+00:00,1,2026-03-14T03:04:12.502671+00:00,2,docling,1,0,1
709,FT_SCREENED_OUT,data/surgical_autonomy/parsed_text/709_v2.md,1,,aebd8d903e1fb83b0036a0c27ec37bb9f7e8e1ba83169ecb6785d5677d013ed1,27021,27018,1277,30723,0,0,none,27018,0,2026-03-14T03:04:22.854312+00:00,1,2026-03-14T03:04:22.855276+00:00,2,docling,0,1,0
711,FT_SCREENED_OUT,data/surgical_autonomy/parsed_text/711_v2.md,1,,42e63bedab929d2f5924677fb49843b0bd3d38afbaf3683fba95d525bbfe15a9,71063,71029,1678,30322,1,1,prefix,30236,40793,2026-03-14T03:04:53.189072+00:00,1,2026-03-14T03:04:53.189140+00:00,2,docling,0,1,0
713,FT_SCREENED_OUT,data/surgical_autonomy/parsed_text/713_v2.md,1,,56f3690a50e08c4fa957d9a68b05b04e152620d80995ef16589a61d1a5292251,68028,67914,1655,30345,1,1,prefix,30290,37624,2026-03-14T03:05:18.857074+00:00,1,2026-03-14T03:05:18.857132+00:00,2,docling,0,1,0
715,FT_SCREENED_OUT,data/surgical_autonomy/parsed_text/715_v2.md,1,,b21b35b9f7f234d6272dd03f86be6fe36a205bb244e1308d232e88b8129f237f,26005,25550,1964,30036,0,0,none,25550,0,2026-03-14T03:05:29.543488+00:00,1,2026-03-14T03:05:29.544277+00:00,2,docling,0,1,0
717,FT_SCREENED_OUT,data/surgical_autonomy/parsed_text/717_v2.md,1,,c8766a3d3dec47c97a943bd871432916e39d57b12bd8d8ebb5a612808abf2612,3482,3482,1544,30456,0,0,none,3482,0,2026-03-14T03:05:30.999492+00:00,1,2026-03-14T03:05:31.000851+00:00,2,docling,0,1,0
718,FT_SCREENED_OUT,data/surgical_autonomy/parsed_text/718_v2.md,1,,2ee5549b5d45ac54d2dab8945067494cd490f8bf6fd968f0768f9268c7bfec10,55231,55218,1511,30489,1,1,prefix,30444,24774,2026-03-14T03:05:55.192555+00:00,1,2026-03-14T03:05:55.193708+00:00,2,docling,0,1,0
719,AI_AUDIT_COMPLETE,data/surgical_autonomy/parsed_text/719_v3.md,1,,37bfcdf8094609ff9397e8059b73f40588cd51214164c4d4cd40ee4b42f1500f,28867,28836,745,31255,0,0,none,28836,0,2026-09-08T03:48:48.723118+00:00,1,2026-09-08T03:48:48.723172+00:00,3,docling_ocr,1,0,1
719,AI_AUDIT_COMPLETE,data/surgical_autonomy/parsed_text/719_v2.md,1,,4cbc3557ff5ef4b0d562f06eb01c23a7ab4536021f35021d13988056edc7cff3,279426,279389,745,31255,1,1,prefix,31255,248134,2026-03-14T03:06:08.698844+00:00,1,2026-03-14T03:06:08.698924+00:00,2,docling,1,0,1
720,AI_AUDIT_COMPLETE,data/surgical_autonomy/parsed_text/720_v2.md,1,,eea4294ce229fc9d26e862ad962cd07e5620569a081654837e90d9c78a1a1edb,68703,68660,1931,30069,1,1,prefix,29998,38662,2026-03-14T03:06:27.749640+00:00,1,2026-03-14T03:06:27.751045+00:00,2,docling,1,0,1
731,FT_SCREENED_OUT,data/surgical_autonomy/parsed_text/731_v2.md,1,,7e714bfde819223eb99d6070bfe622bdda90a0983509768f724b9d2ac1a9b912,27552,27538,1696,30304,0,0,none,27538,0,2026-03-14T03:06:41.838676+00:00,1,2026-03-14T03:06:41.839720+00:00,2,docling,0,1,0
732,FT_SCREENED_OUT,data/surgical_autonomy/parsed_text/732_v2.md,1,,ba678c85cfa23a0410b30b1d6260ae1302fe542f351b9fdfd24623beaae45ec0,5521,5516,2125,29875,0,0,none,5516,0,2026-03-14T03:06:43.281680+00:00,1,2026-03-14T03:06:43.282268+00:00,2,docling,0,1,0
738,AI_AUDIT_COMPLETE,data/surgical_autonomy/parsed_text/738_v2.md,1,,ccf5d36646a9678ff6456631da7d898b600482de9d08b32c1dcc797cdfa517ce,38564,38545,824,31176,1,1,references_line,28745,9800,2026-03-14T03:06:59.086769+00:00,1,2026-03-14T03:06:59.086817+00:00,2,docling,1,0,1
739,FT_SCREENED_OUT,data/surgical_autonomy/parsed_text/739_v2.md,1,,4544c82b70c94338f39c47367b64c7ba6a9c368a4ce0379c95a3b6894e2f1f9a,57914,57813,1595,30405,1,1,prefix,30349,27464,2026-03-14T03:07:20.128079+00:00,1,2026-03-14T03:07:20.128143+00:00,2,docling,0,1,0
741,AI_AUDIT_COMPLETE,data/surgical_autonomy/parsed_text/741_v2.md,1,,c96947ab01b96d53489979e2708e3cd33e15457f1391e002feaf903a54dc876e,59122,59069,1397,30603,1,1,prefix,30509,28560,2026-03-14T03:07:39.962837+00:00,1,2026-03-14T03:07:39.962892+00:00,2,docling,1,0,1
742,AI_AUDIT_COMPLETE,data/surgical_autonomy/parsed_text/742_v2.md,1,,ce31c94acd5ab4b40f10d69df189d9cb3c223f0cc160afda802497e1105cdb69,68952,68550,1550,30450,1,1,prefix,29889,38661,2026-03-14T03:08:01.401881+00:00,1,2026-03-14T03:08:01.402872+00:00,2,docling,1,0,1
744,AI_AUDIT_COMPLETE,data/surgical_autonomy/parsed_text/744_v2.md,1,,b2e7c1c4d2868d8325cf4ffdc7639ae3338b416dd2ed5f0fbb22645ace3fc1e0,32513,32085,1334,30666,1,1,references_line,27925,4160,2026-03-14T03:08:13.755913+00:00,1,2026-03-14T03:08:13.756714+00:00,2,docling,1,0,1
747,FT_SCREENED_OUT,data/surgical_autonomy/parsed_text/747_v2.md,1,,3adb19ffe9a5ce5f5cd65f095ba3862771898b3c6e05030ac740cde7da324ae3,27620,27609,1296,30704,0,0,none,27609,0,2026-03-14T03:08:26.651945+00:00,1,2026-03-14T03:08:26.652533+00:00,2,docling,0,1,0
748,AI_AUDIT_COMPLETE,data/surgical_autonomy/parsed_text/748_v2.md,1,,79e2ac16a33519a74af81fc6f130d03342e4d5e62a79a880fabcba1b069091da,56411,56017,1708,30292,1,1,prefix,29845,26172,2026-03-14T03:34:35.826424+00:00,1,2026-03-14T03:34:35.827485+00:00,2,pymupdf,1,0,1
750,AI_AUDIT_COMPLETE,data/surgical_autonomy/parsed_text/750_v2.md,1,,7e9641c9a22b1531733cfeb7654f90345ce0afa97ea9b2987b4594840d7834fb,37723,37673,1784,30216,1,1,references_line,29112,8561,2026-03-14T03:08:37.427763+00:00,1,2026-03-14T03:08:37.427812+00:00,2,docling,1,0,1
752,AI_AUDIT_COMPLETE,data/surgical_autonomy/parsed_text/752_v2.md,1,,16513ff0c26de9f683a58b75b738309c54000496ef79a7f834ca4ce9acd8e5fd,31265,31246,1338,30662,1,0,references_line,25500,5746,2026-03-14T03:08:52.255071+00:00,1,2026-03-14T03:08:52.255124+00:00,2,docling,1,0,1
755,AI_AUDIT_COMPLETE,data/surgical_autonomy/parsed_text/755_v2.md,1,,138fa78001ef733b1f82d379a44c81c4192d8931b987cc4848fbf9e7fb64b2cd,54738,54492,1319,30681,1,1,prefix,30503,23989,2026-03-14T03:09:21.287084+00:00,1,2026-03-14T03:09:21.287663+00:00,2,docling,1,0,1
756,FT_SCREENED_OUT,data/surgical_autonomy/parsed_text/756_v2.md,1,,28803feb7f4bc8ae5b7ae306819dc489a0311af193fe8bc1174aa7650a921e2d,62881,62745,1537,30463,1,1,prefix,30137,32608,2026-03-14T03:09:48.495780+00:00,1,2026-03-14T03:09:48.495882+00:00,2,docling,0,1,0
758,AI_AUDIT_COMPLETE,data/surgical_autonomy/parsed_text/758_v2.md,1,,bd269c76d1c9bf7ac2b6076eeef4aa4ad2be9ae219a166b6a28663278b1fb86e,26183,26101,1804,30196,0,0,none,26101,0,2026-03-14T03:10:02.499123+00:00,1,2026-03-14T03:10:02.499185+00:00,2,docling,1,0,1
759,FT_SCREENED_OUT,data/surgical_autonomy/parsed_text/759_v2.md,1,,6c6ab61ac64f5a53dcfa38a819b9900b3944db30641081b945d44d6cb02bf4e1,32999,32994,1353,30647,1,1,references_line,24470,8524,2026-03-14T03:10:14.532219+00:00,1,2026-03-14T03:10:14.534007+00:00,2,docling,0,1,0
760,FT_SCREENED_OUT,data/surgical_autonomy/parsed_text/760_v2.md,1,,93453a13eda312b9bdfc04cc38fee25ea80a18d782ac4f8d0f64ba3dcab90962,49567,49441,2479,29521,1,1,prefix,29501,19940,2026-03-14T03:10:43.756097+00:00,1,2026-03-14T03:10:43.756155+00:00,2,docling,0,1,0
762,FT_SCREENED_OUT,data/surgical_autonomy/parsed_text/762_v2.md,1,,b84fe8b57eb0ad86c9860da0c1bbdc618de1413ecc77a57402c644a4fa617adb,32931,32860,1729,30271,1,1,prefix,30094,2766,2026-03-14T03:10:59.581332+00:00,1,2026-03-14T03:10:59.582568+00:00,2,docling,0,1,0
763,AI_AUDIT_COMPLETE,data/surgical_autonomy/parsed_text/763_v2.md,1,,57458edce5be14488337ae93f29f2c89243c012d47a32932ec91208b7fbed6fb,21685,21685,778,31222,0,0,none,21685,0,2026-03-14T03:11:05.416102+00:00,1,2026-03-14T03:11:05.416151+00:00,2,docling,1,0,1
764,AI_AUDIT_COMPLETE,data/surgical_autonomy/parsed_text/764_v2.md,1,,e2eb782a8e3d639c3f3eb4d1432b56e5e8ad6e3c3b22e064eaf62ea8e9af5f8c,34611,34526,1387,30613,1,1,references_line,29681,4845,2026-03-14T03:11:25.800398+00:00,1,2026-03-14T03:11:25.801396+00:00,2,docling,1,0,1
766,FT_SCREENED_OUT,data/surgical_autonomy/parsed_text/766_v2.md,1,,7bfa33398f8b0fd48e7fbf2193ebb6576e56e38017ab4c1fdb60690c9cfb4b09,57876,57817,1545,30455,1,1,prefix,30353,27464,2026-03-14T03:11:51.476462+00:00,1,2026-03-14T03:11:51.477662+00:00,2,docling,0,1,0
769,AI_AUDIT_COMPLETE,data/surgical_autonomy/parsed_text/769_v2.md,1,,6821397f0547f1eb9a7adf290e2f6d0f1fc0d402bae5dd4f3b37eac7160f759f,44105,44012,2674,29326,1,1,prefix,29305,14707,2026-03-14T03:12:01.577487+00:00,1,2026-03-14T03:12:01.578560+00:00,2,docling,1,0,1
770,FT_SCREENED_OUT,data/surgical_autonomy/parsed_text/770_v2.md,1,,10cb65261487b74c99e800e0937fcad669930b47c9331e92ccdddb5b7ed2c108,41569,41516,607,31393,1,1,prefix,30890,10626,2026-03-14T03:12:13.046880+00:00,1,2026-03-14T03:12:13.046955+00:00,2,docling,0,1,0
776,FT_SCREENED_OUT,data/surgical_autonomy/parsed_text/776_v2.md,1,,d65997a605e11c611cb8a247f69d946de44f9f64141f59519bcb3924640b061c,53856,53798,1449,30551,1,1,prefix,30440,23358,2026-03-14T03:12:33.435566+00:00,1,2026-03-14T03:12:33.436437+00:00,2,docling,0,1,0
777,FT_SCREENED_OUT,data/surgical_autonomy/parsed_text/777_v2.md,1,,276dc7fcbe07c4de7f4994f16ed059c45fa71d6f9f9c5f1768dfc490abde7e82,41407,41228,1735,30265,1,1,prefix,29890,11338,2026-03-14T03:12:47.756099+00:00,1,2026-03-14T03:12:47.756149+00:00,2,docling,0,1,0
779,AI_AUDIT_COMPLETE,data/surgical_autonomy/parsed_text/779_v2.md,1,,69a048d422dca3e2a1edbf85b3143cd71011ae10e02345ea3b5b9dc23c6ce49c,35466,35303,398,31602,1,1,references_line,30441,4862,2026-03-14T03:13:01.954637+00:00,1,2026-03-14T03:13:01.955511+00:00,2,docling,1,0,1
780,AI_AUDIT_COMPLETE,data/surgical_autonomy/parsed_text/780_v2.md,1,,a83fab0da0d34525aa2e12ff94b82a76b6547b31cb63c076cf4cc9ceac18cd38,60225,59427,890,31110,1,1,prefix,30959,28468,2026-03-14T03:34:37.693089+00:00,1,2026-03-14T03:34:37.693140+00:00,2,pymupdf,1,0,1
783,AI_AUDIT_COMPLETE,data/surgical_autonomy/parsed_text/783_v2.md,1,,709549ee800d9e5924cd1b30fc9238c1bb0560a95d3f97daff5155c1c7b2ff67,7987,7987,2963,29037,0,0,none,7987,0,2026-03-14T03:13:07.191650+00:00,1,2026-03-14T03:13:07.192514+00:00,2,docling,1,0,1
789,FT_SCREENED_OUT,data/surgical_autonomy/parsed_text/789_v2.md,1,,9dcf6604b0075fb5c1bfdbdd620f93265bbf77e88df4240a6fe88ece2a0e2d40,31692,31634,1986,30014,1,0,references_line,22358,9276,2026-03-14T03:13:15.522773+00:00,1,2026-03-14T03:13:15.522826+00:00,2,docling,0,1,0
796,AI_AUDIT_COMPLETE,data/surgical_autonomy/parsed_text/796_v2.md,1,,150ae77d895fbe5bb89bae198a0cdae4589644e61fb382adec1b708d0149e418,36861,36800,441,31559,1,1,references_line,29357,7443,2026-03-14T03:13:23.767691+00:00,1,2026-03-14T03:13:23.768362+00:00,2,docling,1,0,1
799,FT_SCREENED_OUT,data/surgical_autonomy/parsed_text/799_v2.md,1,,15d2f0958071bbf172ca3a54b6150c08f4564dde620c6182fc167e94c84bea1a,22935,22932,1209,30791,0,0,none,22932,0,2026-03-14T03:13:31.736711+00:00,1,2026-03-14T03:13:31.738036+00:00,2,docling,0,1,0
801,AI_AUDIT_COMPLETE,data/surgical_autonomy/parsed_text/801_v2.md,1,,ef0c0d206972edd1c6a245606f62f669ceac0df2cffa73eb239e6d6c45af0986,23047,23044,1896,30104,0,0,none,23044,0,2026-03-14T03:13:39.539833+00:00,1,2026-03-14T03:13:39.539883+00:00,2,docling,1,0,1
803,FT_SCREENED_OUT,data/surgical_autonomy/parsed_text/803_v2.md,1,,87f54d06f7d4c12de2e32c8eb5416f2cedc028b4e447dfd258ae816b5be869c1,50291,50252,1437,30563,1,1,prefix,30334,19918,2026-03-14T03:13:53.771955+00:00,1,2026-03-14T03:13:53.772004+00:00,2,docling,0,1,0
